,TransactionNo,Items,Daypart,DayType,Year,Month
0,1,Bread,Morning,Weekend,2016,10
1,2,Scandinavian,Morning,Weekend,2016,10
2,2,Scandinavian,Morning,Weekend,2016,10
3,3,Hot chocolate,Morning,Weekend,2016,10
4,3,Jam,Morning,Weekend,2016,10
5,3,Cookies,Morning,Weekend,2016,10
6,4,Muffin,Morning,Weekend,2016,10
7,5,Coffee,Morning,Weekend,2016,10
8,5,Pastry,Morning,Weekend,2016,10
9,5,Bread,Morning,Weekend,2016,10
10,6,Medialuna,Morning,Weekend,2016,10
11,6,Pastry,Morning,Weekend,2016,10
12,6,Muffin,Morning,Weekend,2016,10
13,7,Medialuna,Morning,Weekend,2016,10
14,7,Pastry,Morning,Weekend,2016,10
15,7,Coffee,Morning,Weekend,2016,10
16,7,Tea,Morning,Weekend,2016,10
17,8,Pastry,Morning,Weekend,2016,10
18,8,Bread,Morning,Weekend,2016,10
19,9,Bread,Morning,Weekend,2016,10
20,9,Muffin,Morning,Weekend,2016,10
21,10,Scandinavian,Morning,Weekend,2016,10
22,10,Medialuna,Morning,Weekend,2016,10
23,11,Bread,Morning,Weekend,2016,10
24,11,Medialuna,Morning,Weekend,2016,10
25,11,Bread,Morning,Weekend,2016,10
26,12,Jam,Morning,Weekend,2016,10
27,12,Coffee,Morning,Weekend,2016,10
28,12,Tartine,Morning,Weekend,2016,10
29,12,Pastry,Morning,Weekend,2016,10
30,12,Tea,Morning,Weekend,2016,10
31,13,Basket,Morning,Weekend,2016,10
32,13,Bread,Morning,Weekend,2016,10
33,13,Coffee,Morning,Weekend,2016,10
34,14,Bread,Morning,Weekend,2016,10
35,14,Medialuna,Morning,Weekend,2016,10
36,14,Pastry,Morning,Weekend,2016,10
37,15,Mineral water,Morning,Weekend,2016,10
38,15,Scandinavian,Morning,Weekend,2016,10
39,16,Bread,Morning,Weekend,2016,10
40,16,Medialuna,Morning,Weekend,2016,10
41,16,Coffee,Morning,Weekend,2016,10
42,17,Hot chocolate,Morning,Weekend,2016,10
43,18,Farm House,Morning,Weekend,2016,10
44,19,Farm House,Morning,Weekend,2016,10
45,19,Bread,Morning,Weekend,2016,10
46,20,Bread,Morning,Weekend,2016,10
47,20,Medialuna,Morning,Weekend,2016,10
48,21,Coffee,Morning,Weekend,2016,10
49,21,Coffee,Morning,Weekend,2016,10
50,21,Medialuna,Morning,Weekend,2016,10
51,21,Bread,Morning,Weekend,2016,10
52,22,Jam,Morning,Weekend,2016,10
53,23,Scandinavian,Morning,Weekend,2016,10
54,23,Muffin,Morning,Weekend,2016,10
55,24,Bread,Morning,Weekend,2016,10
56,25,Scandinavian,Morning,Weekend,2016,10
57,26,Fudge,Morning,Weekend,2016,10
58,27,Scandinavian,Morning,Weekend,2016,10
59,28,Coffee,Morning,Weekend,2016,10
60,28,Bread,Morning,Weekend,2016,10
61,29,Bread,Morning,Weekend,2016,10
62,29,Jam,Morning,Weekend,2016,10
63,30,Bread,Morning,Weekend,2016,10
64,31,Basket,Morning,Weekend,2016,10
65,32,Scandinavian,Morning,Weekend,2016,10
66,32,Muffin,Morning,Weekend,2016,10
67,33,Coffee,Morning,Weekend,2016,10
68,34,Coffee,Morning,Weekend,2016,10
69,34,Muffin,Morning,Weekend,2016,10
70,35,Muffin,Morning,Weekend,2016,10
71,35,Scandinavian,Morning,Weekend,2016,10
72,36,Tea,Morning,Weekend,2016,10
73,36,Bread,Morning,Weekend,2016,10
74,37,Coffee,Morning,Weekend,2016,10
75,37,Bread,Morning,Weekend,2016,10
76,38,Bread,Morning,Weekend,2016,10
77,38,Tea,Morning,Weekend,2016,10
78,39,Scandinavian,Morning,Weekend,2016,10
79,40,Juice,Morning,Weekend,2016,10
80,40,Tartine,Morning,Weekend,2016,10
81,40,Coffee,Morning,Weekend,2016,10
82,40,Muffin,Morning,Weekend,2016,10
83,41,Scandinavian,Morning,Weekend,2016,10
84,42,Bread,Morning,Weekend,2016,10
85,42,Tea,Morning,Weekend,2016,10
86,43,Scandinavian,Afternoon,Weekend,2016,10
87,43,Fudge,Afternoon,Weekend,2016,10
88,44,Coffee,Afternoon,Weekend,2016,10
89,44,Medialuna,Afternoon,Weekend,2016,10
90,45,Coffee,Afternoon,Weekend,2016,10
91,45,Hot chocolate,Afternoon,Weekend,2016,10
92,45,Medialuna,Afternoon,Weekend,2016,10
93,46,Coffee,Afternoon,Weekend,2016,10
94,47,Ella's Kitchen Pouches,Afternoon,Weekend,2016,10
95,47,Juice,Afternoon,Weekend,2016,10
96,47,Bread,Afternoon,Weekend,2016,10
97,47,Muffin,Afternoon,Weekend,2016,10
98,47,Jam,Afternoon,Weekend,2016,10
99,48,Coffee,Afternoon,Weekend,2016,10
100,49,Coffee,Afternoon,Weekend,2016,10
101,49,Coffee,Afternoon,Weekend,2016,10
102,49,Medialuna,Afternoon,Weekend,2016,10
103,50,Bread,Afternoon,Weekend,2016,10
104,50,Victorian Sponge,Afternoon,Weekend,2016,10
105,51,Bread,Afternoon,Weekend,2016,10
106,52,Scandinavian,Afternoon,Weekend,2016,10
107,54,Bread,Afternoon,Weekend,2016,10
108,55,Frittata,Afternoon,Weekend,2016,10
109,55,Coffee,Afternoon,Weekend,2016,10
110,55,Tea,Afternoon,Weekend,2016,10
111,55,Hearty & Seasonal,Afternoon,Weekend,2016,10
112,56,Coffee,Afternoon,Weekend,2016,10
113,56,Frittata,Afternoon,Weekend,2016,10
114,57,Scandinavian,Afternoon,Weekend,2016,10
115,58,Victorian Sponge,Afternoon,Weekend,2016,10
116,58,Hot chocolate,Afternoon,Weekend,2016,10
117,58,Tea,Afternoon,Weekend,2016,10
118,58,Soup,Afternoon,Weekend,2016,10
119,59,Tea,Afternoon,Weekend,2016,10
120,60,Cookies,Afternoon,Weekend,2016,10
121,60,Coffee,Afternoon,Weekend,2016,10
122,60,Juice,Afternoon,Weekend,2016,10
123,60,Coffee,Afternoon,Weekend,2016,10
124,61,Coffee,Afternoon,Weekend,2016,10
125,62,Pick and Mix Bowls,Afternoon,Weekend,2016,10
126,62,Hearty & Seasonal,Afternoon,Weekend,2016,10
127,62,Hearty & Seasonal,Afternoon,Weekend,2016,10
128,62,Coffee,Afternoon,Weekend,2016,10
129,62,Smoothies,Afternoon,Weekend,2016,10
130,62,Coffee,Afternoon,Weekend,2016,10
131,63,Coffee,Afternoon,Weekend,2016,10
132,64,Cake,Afternoon,Weekend,2016,10
133,65,Tartine,Afternoon,Weekend,2016,10
134,65,Mighty Protein,Afternoon,Weekend,2016,10
135,65,Tea,Afternoon,Weekend,2016,10
136,65,Coffee,Afternoon,Weekend,2016,10
137,66,Hearty & Seasonal,Afternoon,Weekend,2016,10
138,66,Frittata,Afternoon,Weekend,2016,10
139,66,Mineral water,Afternoon,Weekend,2016,10
140,67,Hearty & Seasonal,Afternoon,Weekend,2016,10
141,67,Mineral water,Afternoon,Weekend,2016,10
142,67,Muffin,Afternoon,Weekend,2016,10
143,68,Frittata,Afternoon,Weekend,2016,10
144,68,Coffee,Afternoon,Weekend,2016,10
145,68,Tea,Afternoon,Weekend,2016,10
146,68,Scandinavian,Afternoon,Weekend,2016,10
147,68,Chicken sand,Afternoon,Weekend,2016,10
148,69,Bread,Afternoon,Weekend,2016,10
149,69,Tea,Afternoon,Weekend,2016,10
150,69,Victorian Sponge,Afternoon,Weekend,2016,10
151,70,Fudge,Afternoon,Weekend,2016,10
152,71,Muffin,Afternoon,Weekend,2016,10
153,72,Coffee,Afternoon,Weekend,2016,10
154,72,Bread,Afternoon,Weekend,2016,10
155,73,Bread,Afternoon,Weekend,2016,10
156,74,Coffee,Afternoon,Weekend,2016,10
157,74,Bread,Afternoon,Weekend,2016,10
158,75,Jam,Afternoon,Weekend,2016,10
159,75,Frittata,Afternoon,Weekend,2016,10
160,76,Coffee,Afternoon,Weekend,2016,10
161,77,Scandinavian,Afternoon,Weekend,2016,10
162,78,Fudge,Afternoon,Weekend,2016,10
163,79,Fudge,Afternoon,Weekend,2016,10
164,79,Tea,Afternoon,Weekend,2016,10
165,79,Coffee,Afternoon,Weekend,2016,10
166,79,Muffin,Afternoon,Weekend,2016,10
167,80,Frittata,Afternoon,Weekend,2016,10
168,80,Bread,Afternoon,Weekend,2016,10
169,80,Coffee,Afternoon,Weekend,2016,10
170,81,Coffee,Morning,Weekday,2016,10
171,81,Cake,Morning,Weekday,2016,10
172,82,Tartine,Morning,Weekday,2016,10
173,82,Bread,Morning,Weekday,2016,10
174,83,Coffee,Morning,Weekday,2016,10
175,83,Bread,Morning,Weekday,2016,10
176,84,Bread,Morning,Weekday,2016,10
177,85,Coffee,Morning,Weekday,2016,10
178,85,Coffee,Morning,Weekday,2016,10
179,85,Pastry,Morning,Weekday,2016,10
180,85,Medialuna,Morning,Weekday,2016,10
181,86,Juice,Morning,Weekday,2016,10
182,87,Bread,Morning,Weekday,2016,10
183,88,Coffee,Morning,Weekday,2016,10
184,88,Coffee,Morning,Weekday,2016,10
185,88,Jam,Morning,Weekday,2016,10
186,89,Bread,Morning,Weekday,2016,10
187,90,Bread,Morning,Weekday,2016,10
188,90,Coffee,Morning,Weekday,2016,10
189,91,Tea,Morning,Weekday,2016,10
190,92,Coffee,Morning,Weekday,2016,10
191,93,Bread,Morning,Weekday,2016,10
192,93,Coke,Morning,Weekday,2016,10
193,94,Coffee,Morning,Weekday,2016,10
194,94,Coffee,Morning,Weekday,2016,10
195,95,Tea,Morning,Weekday,2016,10
196,95,Pastry,Morning,Weekday,2016,10
197,95,Farm House,Morning,Weekday,2016,10
198,96,Pastry,Morning,Weekday,2016,10
199,96,Pastry,Morning,Weekday,2016,10
200,96,Coffee,Morning,Weekday,2016,10
201,96,Juice,Morning,Weekday,2016,10
202,97,Coffee,Morning,Weekday,2016,10
203,97,Pastry,Morning,Weekday,2016,10
204,97,Juice,Morning,Weekday,2016,10
205,98,Farm House,Morning,Weekday,2016,10
206,99,Pastry,Morning,Weekday,2016,10
207,99,Pastry,Morning,Weekday,2016,10
208,99,Coffee,Morning,Weekday,2016,10
209,99,Bread,Morning,Weekday,2016,10
210,100,Bread,Morning,Weekday,2016,10
211,101,Coffee,Morning,Weekday,2016,10
212,101,Pastry,Morning,Weekday,2016,10
213,102,Farm House,Morning,Weekday,2016,10
214,103,Bread,Morning,Weekday,2016,10
215,104,Coffee,Morning,Weekday,2016,10
216,104,Coffee,Morning,Weekday,2016,10
217,104,Medialuna,Morning,Weekday,2016,10
218,104,Muffin,Morning,Weekday,2016,10
219,104,Coffee,Morning,Weekday,2016,10
220,105,Coffee,Morning,Weekday,2016,10
221,105,Tea,Morning,Weekday,2016,10
222,105,Cake,Morning,Weekday,2016,10
223,106,Coffee,Morning,Weekday,2016,10
224,106,Coffee,Morning,Weekday,2016,10
225,106,Pastry,Morning,Weekday,2016,10
226,106,Pastry,Morning,Weekday,2016,10
227,107,Coffee,Morning,Weekday,2016,10
228,107,Tea,Morning,Weekday,2016,10
229,108,Farm House,Morning,Weekday,2016,10
230,108,Muffin,Morning,Weekday,2016,10
231,109,Bread,Morning,Weekday,2016,10
232,109,Muffin,Morning,Weekday,2016,10
233,109,Pastry,Morning,Weekday,2016,10
234,110,Pastry,Morning,Weekday,2016,10
235,111,Coffee,Morning,Weekday,2016,10
236,112,Coffee,Morning,Weekday,2016,10
237,113,Coffee,Morning,Weekday,2016,10
238,113,Cake,Morning,Weekday,2016,10
239,114,Farm House,Morning,Weekday,2016,10
240,115,Bread,Morning,Weekday,2016,10
241,116,Coffee,Morning,Weekday,2016,10
242,117,Cookies,Morning,Weekday,2016,10
243,117,Cake,Morning,Weekday,2016,10
244,117,Coffee,Morning,Weekday,2016,10
245,117,My-5 Fruit Shoot,Morning,Weekday,2016,10
246,118,Cookies,Morning,Weekday,2016,10
247,118,Cookies,Morning,Weekday,2016,10
248,118,Tea,Morning,Weekday,2016,10
249,118,Pastry,Morning,Weekday,2016,10
250,119,Coffee,Morning,Weekday,2016,10
251,119,Coffee,Morning,Weekday,2016,10
252,119,Muffin,Morning,Weekday,2016,10
253,120,Farm House,Morning,Weekday,2016,10
254,121,Coffee,Morning,Weekday,2016,10
255,121,Bread,Morning,Weekday,2016,10
256,122,Cookies,Morning,Weekday,2016,10
257,123,Jam,Morning,Weekday,2016,10
258,123,Coffee,Morning,Weekday,2016,10
259,123,Coffee,Morning,Weekday,2016,10
260,123,Juice,Morning,Weekday,2016,10
261,124,Coffee,Morning,Weekday,2016,10
262,124,Soup,Morning,Weekday,2016,10
263,125,Tea,Morning,Weekday,2016,10
264,126,Coffee,Morning,Weekday,2016,10
265,126,Jam,Morning,Weekday,2016,10
266,127,Farm House,Morning,Weekday,2016,10
267,128,Tartine,Morning,Weekday,2016,10
268,128,Coffee,Morning,Weekday,2016,10
269,128,Tea,Morning,Weekday,2016,10
270,129,Coffee,Morning,Weekday,2016,10
271,129,Coffee,Morning,Weekday,2016,10
272,129,Cake,Morning,Weekday,2016,10
273,130,Coffee,Afternoon,Weekday,2016,10
274,130,Coffee,Afternoon,Weekday,2016,10
275,130,Muffin,Afternoon,Weekday,2016,10
276,131,Bread,Afternoon,Weekday,2016,10
277,131,Coffee,Afternoon,Weekday,2016,10
278,132,Tea,Afternoon,Weekday,2016,10
279,132,Juice,Afternoon,Weekday,2016,10
280,132,Pick and Mix Bowls,Afternoon,Weekday,2016,10
281,132,Cookies,Afternoon,Weekday,2016,10
282,133,Hearty & Seasonal,Afternoon,Weekday,2016,10
283,133,Soup,Afternoon,Weekday,2016,10
284,134,Hearty & Seasonal,Afternoon,Weekday,2016,10
285,134,Tea,Afternoon,Weekday,2016,10
286,134,Farm House,Afternoon,Weekday,2016,10
287,135,Bread,Afternoon,Weekday,2016,10
288,136,Tea,Afternoon,Weekday,2016,10
289,136,Soup,Afternoon,Weekday,2016,10
290,137,Farm House,Afternoon,Weekday,2016,10
291,138,Soup,Afternoon,Weekday,2016,10
292,138,Hearty & Seasonal,Afternoon,Weekday,2016,10
293,138,Coffee,Afternoon,Weekday,2016,10
294,139,Bread,Afternoon,Weekday,2016,10
295,139,Muffin,Afternoon,Weekday,2016,10
296,139,Hearty & Seasonal,Afternoon,Weekday,2016,10
297,140,Coffee,Afternoon,Weekday,2016,10
298,140,Coffee,Afternoon,Weekday,2016,10
299,140,Cookies,Afternoon,Weekday,2016,10
300,141,Bread,Afternoon,Weekday,2016,10
301,142,Tea,Afternoon,Weekday,2016,10
302,142,Muffin,Afternoon,Weekday,2016,10
303,143,Tea,Afternoon,Weekday,2016,10
304,144,Soup,Afternoon,Weekday,2016,10
305,144,Hearty & Seasonal,Afternoon,Weekday,2016,10
306,145,Coffee,Afternoon,Weekday,2016,10
307,145,Tea,Afternoon,Weekday,2016,10
308,145,Focaccia,Afternoon,Weekday,2016,10
309,146,Sandwich,Afternoon,Weekday,2016,10
310,147,Tartine,Afternoon,Weekday,2016,10
311,147,Coffee,Afternoon,Weekday,2016,10
312,148,Fudge,Afternoon,Weekday,2016,10
313,148,Coffee,Afternoon,Weekday,2016,10
314,148,Coffee,Afternoon,Weekday,2016,10
315,149,Coffee,Afternoon,Weekday,2016,10
316,150,Bread,Afternoon,Weekday,2016,10
317,151,Coke,Afternoon,Weekday,2016,10
318,151,Soup,Afternoon,Weekday,2016,10
319,152,Muffin,Afternoon,Weekday,2016,10
320,153,Tea,Afternoon,Weekday,2016,10
321,153,Coffee,Afternoon,Weekday,2016,10
322,153,Cookies,Afternoon,Weekday,2016,10
323,153,Muffin,Afternoon,Weekday,2016,10
324,154,Mighty Protein,Afternoon,Weekday,2016,10
325,154,Hearty & Seasonal,Afternoon,Weekday,2016,10
326,154,Coffee,Afternoon,Weekday,2016,10
327,154,Coke,Afternoon,Weekday,2016,10
328,155,Tea,Afternoon,Weekday,2016,10
329,155,Muffin,Afternoon,Weekday,2016,10
330,155,Sandwich,Afternoon,Weekday,2016,10
331,156,Coffee,Afternoon,Weekday,2016,10
332,156,Muffin,Afternoon,Weekday,2016,10
333,157,Coffee,Afternoon,Weekday,2016,10
334,157,Bread,Afternoon,Weekday,2016,10
335,158,Coffee,Afternoon,Weekday,2016,10
336,158,Muffin,Afternoon,Weekday,2016,10
337,159,Bread,Afternoon,Weekday,2016,10
338,159,Hot chocolate,Afternoon,Weekday,2016,10
339,159,Cookies,Afternoon,Weekday,2016,10
340,160,Mineral water,Afternoon,Weekday,2016,10
341,160,Muffin,Afternoon,Weekday,2016,10
342,161,Tea,Afternoon,Weekday,2016,10
343,162,Muffin,Afternoon,Weekday,2016,10
344,163,Coffee,Afternoon,Weekday,2016,10
345,163,Juice,Afternoon,Weekday,2016,10
346,164,Coffee,Afternoon,Weekday,2016,10
347,164,Muffin,Afternoon,Weekday,2016,10
348,165,Tea,Afternoon,Weekday,2016,10
349,166,Coffee,Afternoon,Weekday,2016,10
350,166,Muffin,Afternoon,Weekday,2016,10
351,167,Sandwich,Afternoon,Weekday,2016,10
352,167,Hearty & Seasonal,Afternoon,Weekday,2016,10
353,167,Bread,Afternoon,Weekday,2016,10
354,167,Mineral water,Afternoon,Weekday,2016,10
355,168,Tea,Afternoon,Weekday,2016,10
356,168,Coffee,Afternoon,Weekday,2016,10
357,169,Mineral water,Afternoon,Weekday,2016,10
358,170,Coffee,Afternoon,Weekday,2016,10
359,171,Soup,Afternoon,Weekday,2016,10
360,171,Tea,Afternoon,Weekday,2016,10
361,172,Bread,Evening,Weekday,2016,10
362,172,Coffee,Evening,Weekday,2016,10
363,173,Bread,Evening,Weekday,2016,10
364,173,Muffin,Evening,Weekday,2016,10
365,174,Coffee,Evening,Weekday,2016,10
366,175,Bread,Evening,Weekday,2016,10
367,176,Cookies,Evening,Weekday,2016,10
368,176,Coffee,Evening,Weekday,2016,10
369,178,Coffee,Morning,Weekday,2016,01
370,178,Pastry,Morning,Weekday,2016,01
371,179,Coffee,Morning,Weekday,2016,01
372,179,Pastry,Morning,Weekday,2016,01
373,180,Jam,Morning,Weekday,2016,01
374,180,Tea,Morning,Weekday,2016,01
375,181,Tea,Morning,Weekday,2016,01
376,181,Tea,Morning,Weekday,2016,01
377,182,Pastry,Morning,Weekday,2016,01
378,182,Pastry,Morning,Weekday,2016,01
379,182,Ella's Kitchen Pouches,Morning,Weekday,2016,01
380,183,Pastry,Morning,Weekday,2016,01
381,184,Farm House,Morning,Weekday,2016,01
382,184,Tea,Morning,Weekday,2016,01
383,185,Tea,Morning,Weekday,2016,01
384,185,Victorian Sponge,Morning,Weekday,2016,01
385,186,Tea,Morning,Weekday,2016,01
386,186,Pastry,Morning,Weekday,2016,01
387,187,Bread,Morning,Weekday,2016,01
388,188,Coffee,Morning,Weekday,2016,01
389,189,Bread,Morning,Weekday,2016,01
390,189,Coffee,Morning,Weekday,2016,01
391,190,Coffee,Morning,Weekday,2016,01
392,190,Pastry,Morning,Weekday,2016,01
393,190,Pastry,Morning,Weekday,2016,01
394,191,Soup,Morning,Weekday,2016,01
395,191,Tea,Morning,Weekday,2016,01
396,192,Bread,Morning,Weekday,2016,01
397,193,Coffee,Morning,Weekday,2016,01
398,194,Bread,Morning,Weekday,2016,01
399,194,Bread,Morning,Weekday,2016,01
400,195,Bread,Morning,Weekday,2016,01
401,195,Scandinavian,Morning,Weekday,2016,01
402,196,Bread,Morning,Weekday,2016,01
403,196,Cake,Morning,Weekday,2016,01
404,196,Cookies,Morning,Weekday,2016,01
405,197,Coffee,Morning,Weekday,2016,01
406,197,Coffee,Morning,Weekday,2016,01
407,197,Tea,Morning,Weekday,2016,01
408,198,Coffee,Morning,Weekday,2016,01
409,198,Cookies,Morning,Weekday,2016,01
410,199,Coffee,Morning,Weekday,2016,01
411,200,Bread,Morning,Weekday,2016,01
412,201,Coffee,Morning,Weekday,2016,01
413,201,Pastry,Morning,Weekday,2016,01
414,202,Coffee,Morning,Weekday,2016,01
415,202,Coffee,Morning,Weekday,2016,01
416,203,Coffee,Morning,Weekday,2016,01
417,204,Scandinavian,Morning,Weekday,2016,01
418,204,Bread,Morning,Weekday,2016,01
419,205,Coffee,Morning,Weekday,2016,01
420,205,Coffee,Morning,Weekday,2016,01
421,205,Pastry,Morning,Weekday,2016,01
422,206,Scandinavian,Morning,Weekday,2016,01
423,206,Coffee,Morning,Weekday,2016,01
424,206,Pastry,Morning,Weekday,2016,01
425,207,Hearty & Seasonal,Afternoon,Weekday,2016,01
426,207,Coffee,Afternoon,Weekday,2016,01
427,207,Muffin,Afternoon,Weekday,2016,01
428,208,Bread,Afternoon,Weekday,2016,01
429,209,Coffee,Afternoon,Weekday,2016,01
430,210,Scandinavian,Afternoon,Weekday,2016,01
431,211,Soup,Afternoon,Weekday,2016,01
432,211,Coffee,Afternoon,Weekday,2016,01
433,212,Coffee,Afternoon,Weekday,2016,01
434,212,Cookies,Afternoon,Weekday,2016,01
435,212,Tartine,Afternoon,Weekday,2016,01
436,213,Bread,Afternoon,Weekday,2016,01
437,214,Bread,Afternoon,Weekday,2016,01
438,214,Tea,Afternoon,Weekday,2016,01
439,214,Tea,Afternoon,Weekday,2016,01
440,215,Pastry,Afternoon,Weekday,2016,01
441,215,Coffee,Afternoon,Weekday,2016,01
442,216,Tartine,Afternoon,Weekday,2016,01
443,216,Coffee,Afternoon,Weekday,2016,01
444,217,Bread,Afternoon,Weekday,2016,01
445,217,Cookies,Afternoon,Weekday,2016,01
446,218,Sandwich,Afternoon,Weekday,2016,01
447,219,Tartine,Afternoon,Weekday,2016,01
448,220,Bread,Afternoon,Weekday,2016,01
449,220,Pastry,Afternoon,Weekday,2016,01
450,221,Bread,Afternoon,Weekday,2016,01
451,221,Scandinavian,Afternoon,Weekday,2016,01
452,222,Scandinavian,Afternoon,Weekday,2016,01
453,223,Alfajores,Afternoon,Weekday,2016,01
454,223,Coffee,Afternoon,Weekday,2016,01
455,224,Coffee,Afternoon,Weekday,2016,01
456,225,Coffee,Afternoon,Weekday,2016,01
457,225,Coke,Afternoon,Weekday,2016,01
458,225,Soup,Afternoon,Weekday,2016,01
459,226,Cake,Afternoon,Weekday,2016,01
460,227,Tea,Afternoon,Weekday,2016,01
461,227,Sandwich,Afternoon,Weekday,2016,01
462,227,Soup,Afternoon,Weekday,2016,01
463,228,Coffee,Afternoon,Weekday,2016,01
464,229,Hearty & Seasonal,Afternoon,Weekday,2016,01
465,229,Bread,Afternoon,Weekday,2016,01
466,230,Alfajores,Afternoon,Weekday,2016,01
467,231,Cake,Afternoon,Weekday,2016,01
468,232,Tea,Afternoon,Weekday,2016,01
469,232,Tea,Afternoon,Weekday,2016,01
470,232,Bread,Afternoon,Weekday,2016,01
471,233,Coffee,Afternoon,Weekday,2016,01
472,233,Tea,Afternoon,Weekday,2016,01
473,233,Bread,Afternoon,Weekday,2016,01
474,233,Soup,Afternoon,Weekday,2016,01
475,234,Coffee,Afternoon,Weekday,2016,01
476,234,Coffee,Afternoon,Weekday,2016,01
477,235,Scandinavian,Afternoon,Weekday,2016,01
478,236,Fudge,Afternoon,Weekday,2016,01
479,237,Coffee,Afternoon,Weekday,2016,01
480,237,Sandwich,Afternoon,Weekday,2016,01
481,238,Tea,Afternoon,Weekday,2016,01
482,238,Bread,Afternoon,Weekday,2016,01
483,238,Cookies,Afternoon,Weekday,2016,01
484,238,Pastry,Afternoon,Weekday,2016,01
485,239,Muffin,Afternoon,Weekday,2016,01
486,240,Scandinavian,Afternoon,Weekday,2016,01
487,241,Jam,Afternoon,Weekday,2016,01
488,241,Tea,Afternoon,Weekday,2016,01
489,242,Juice,Afternoon,Weekday,2016,01
490,242,Tea,Afternoon,Weekday,2016,01
491,242,Alfajores,Afternoon,Weekday,2016,01
492,243,Cake,Afternoon,Weekday,2016,01
493,243,Muffin,Afternoon,Weekday,2016,01
494,243,Coffee,Afternoon,Weekday,2016,01
495,243,Soup,Afternoon,Weekday,2016,01
496,244,Hot chocolate,Afternoon,Weekday,2016,01
497,244,Cake,Afternoon,Weekday,2016,01
498,244,Coffee,Afternoon,Weekday,2016,01
499,245,Cake,Afternoon,Weekday,2016,01
500,245,Cookies,Afternoon,Weekday,2016,01
501,246,Tea,Afternoon,Weekday,2016,01
502,246,Bread,Afternoon,Weekday,2016,01
503,247,Alfajores,Afternoon,Weekday,2016,01
504,247,Coffee,Afternoon,Weekday,2016,01
505,247,Coffee,Afternoon,Weekday,2016,01
506,247,Coffee,Afternoon,Weekday,2016,01
507,247,Juice,Afternoon,Weekday,2016,01
508,248,Coffee,Afternoon,Weekday,2016,01
509,248,Tea,Afternoon,Weekday,2016,01
510,248,Soup,Afternoon,Weekday,2016,01
511,249,Hot chocolate,Afternoon,Weekday,2016,01
512,250,Cookies,Afternoon,Weekday,2016,01
513,251,Coffee,Afternoon,Weekday,2016,01
514,251,Medialuna,Afternoon,Weekday,2016,01
515,252,Bread,Afternoon,Weekday,2016,01
516,252,Eggs,Afternoon,Weekday,2016,01
517,253,Scandinavian,Evening,Weekday,2016,01
518,254,Medialuna,Evening,Weekday,2016,01
519,255,Coffee,Morning,Weekday,2016,02
520,255,Coffee,Morning,Weekday,2016,02
521,255,Pastry,Morning,Weekday,2016,02
522,256,Coffee,Morning,Weekday,2016,02
523,256,Bread,Morning,Weekday,2016,02
524,257,Bread,Morning,Weekday,2016,02
525,257,Coffee,Morning,Weekday,2016,02
526,257,Pastry,Morning,Weekday,2016,02
527,258,Coffee,Morning,Weekday,2016,02
528,258,Pastry,Morning,Weekday,2016,02
529,259,Pastry,Morning,Weekday,2016,02
530,260,Coffee,Morning,Weekday,2016,02
531,261,Coffee,Morning,Weekday,2016,02
532,262,Coffee,Morning,Weekday,2016,02
533,262,Hot chocolate,Morning,Weekday,2016,02
534,262,Pastry,Morning,Weekday,2016,02
535,263,Coke,Morning,Weekday,2016,02
536,264,Coffee,Morning,Weekday,2016,02
537,264,Jam,Morning,Weekday,2016,02
538,265,Tea,Morning,Weekday,2016,02
539,266,Bread,Morning,Weekday,2016,02
540,266,Pastry,Morning,Weekday,2016,02
541,267,Coffee,Morning,Weekday,2016,02
542,267,Alfajores,Morning,Weekday,2016,02
543,267,Farm House,Morning,Weekday,2016,02
544,268,Tea,Morning,Weekday,2016,02
545,268,Pastry,Morning,Weekday,2016,02
546,269,Bread,Morning,Weekday,2016,02
547,270,Coffee,Morning,Weekday,2016,02
548,270,Jam,Morning,Weekday,2016,02
549,271,Coffee,Morning,Weekday,2016,02
550,271,Tea,Morning,Weekday,2016,02
551,271,Coffee,Morning,Weekday,2016,02
552,271,Pastry,Morning,Weekday,2016,02
553,272,Farm House,Morning,Weekday,2016,02
554,274,Coffee,Morning,Weekday,2016,02
555,274,Bread,Morning,Weekday,2016,02
556,274,Pastry,Morning,Weekday,2016,02
557,275,Farm House,Morning,Weekday,2016,02
558,276,Coffee,Morning,Weekday,2016,02
559,276,Coffee,Morning,Weekday,2016,02
560,276,Pastry,Morning,Weekday,2016,02
561,277,Farm House,Morning,Weekday,2016,02
562,278,Coffee,Morning,Weekday,2016,02
563,278,Pastry,Morning,Weekday,2016,02
564,279,Coffee,Morning,Weekday,2016,02
565,280,Coffee,Morning,Weekday,2016,02
566,280,Pastry,Morning,Weekday,2016,02
567,281,Bread,Morning,Weekday,2016,02
568,281,Bread,Morning,Weekday,2016,02
569,282,Bread,Morning,Weekday,2016,02
570,282,Coffee,Morning,Weekday,2016,02
571,282,Pastry,Morning,Weekday,2016,02
572,283,Pastry,Morning,Weekday,2016,02
573,283,Coffee,Morning,Weekday,2016,02
574,284,Coffee,Morning,Weekday,2016,02
575,284,Farm House,Morning,Weekday,2016,02
576,285,Farm House,Morning,Weekday,2016,02
577,285,Farm House,Morning,Weekday,2016,02
578,285,Pastry,Morning,Weekday,2016,02
579,286,Bread,Morning,Weekday,2016,02
580,286,Juice,Morning,Weekday,2016,02
581,286,Alfajores,Morning,Weekday,2016,02
582,287,Coffee,Morning,Weekday,2016,02
583,287,Pastry,Morning,Weekday,2016,02
584,288,Bread,Morning,Weekday,2016,02
585,288,Alfajores,Morning,Weekday,2016,02
586,289,Bread,Morning,Weekday,2016,02
587,290,Coffee,Morning,Weekday,2016,02
588,290,Cookies,Morning,Weekday,2016,02
589,291,Coffee,Morning,Weekday,2016,02
590,292,Cookies,Morning,Weekday,2016,02
591,293,Hearty & Seasonal,Morning,Weekday,2016,02
592,294,Coffee,Morning,Weekday,2016,02
593,295,Jam,Morning,Weekday,2016,02
594,295,Tartine,Morning,Weekday,2016,02
595,295,Bread,Morning,Weekday,2016,02
596,296,Farm House,Morning,Weekday,2016,02
597,296,Scandinavian,Morning,Weekday,2016,02
598,297,Hearty & Seasonal,Afternoon,Weekday,2016,02
599,297,Coffee,Afternoon,Weekday,2016,02
600,297,Muffin,Afternoon,Weekday,2016,02
601,297,Scandinavian,Afternoon,Weekday,2016,02
602,298,Tartine,Afternoon,Weekday,2016,02
603,298,Pick and Mix Bowls,Afternoon,Weekday,2016,02
604,298,Coffee,Afternoon,Weekday,2016,02
605,298,Coke,Afternoon,Weekday,2016,02
606,299,Bread,Afternoon,Weekday,2016,02
607,300,Scandinavian,Afternoon,Weekday,2016,02
608,300,Farm House,Afternoon,Weekday,2016,02
609,300,Alfajores,Afternoon,Weekday,2016,02
610,300,Coffee,Afternoon,Weekday,2016,02
611,300,Coffee,Afternoon,Weekday,2016,02
612,301,Juice,Afternoon,Weekday,2016,02
613,301,Mineral water,Afternoon,Weekday,2016,02
614,301,Soup,Afternoon,Weekday,2016,02
615,302,Soup,Afternoon,Weekday,2016,02
616,302,Tea,Afternoon,Weekday,2016,02
617,303,Juice,Afternoon,Weekday,2016,02
618,303,Tea,Afternoon,Weekday,2016,02
619,303,Cookies,Afternoon,Weekday,2016,02
620,303,Soup,Afternoon,Weekday,2016,02
621,304,Hearty & Seasonal,Afternoon,Weekday,2016,02
622,304,Tea,Afternoon,Weekday,2016,02
623,305,Fudge,Afternoon,Weekday,2016,02
624,306,Coffee,Afternoon,Weekday,2016,02
625,306,Mineral water,Afternoon,Weekday,2016,02
626,306,Juice,Afternoon,Weekday,2016,02
627,306,Soup,Afternoon,Weekday,2016,02
628,307,Hearty & Seasonal,Afternoon,Weekday,2016,02
629,308,Hearty & Seasonal,Afternoon,Weekday,2016,02
630,308,Smoothies,Afternoon,Weekday,2016,02
631,309,Hearty & Seasonal,Afternoon,Weekday,2016,02
632,309,Tea,Afternoon,Weekday,2016,02
633,310,Coffee,Afternoon,Weekday,2016,02
634,310,Sandwich,Afternoon,Weekday,2016,02
635,310,Sandwich,Afternoon,Weekday,2016,02
636,311,Cookies,Afternoon,Weekday,2016,02
637,311,Farm House,Afternoon,Weekday,2016,02
638,312,Soup,Afternoon,Weekday,2016,02
639,312,Tea,Afternoon,Weekday,2016,02
640,312,Juice,Afternoon,Weekday,2016,02
641,313,Soup,Afternoon,Weekday,2016,02
642,314,Coffee,Afternoon,Weekday,2016,02
643,316,Bread,Afternoon,Weekday,2016,02
644,317,Cookies,Afternoon,Weekday,2016,02
645,317,Tea,Afternoon,Weekday,2016,02
646,318,Soup,Afternoon,Weekday,2016,02
647,318,Hearty & Seasonal,Afternoon,Weekday,2016,02
648,318,Bread,Afternoon,Weekday,2016,02
649,319,Coffee,Afternoon,Weekday,2016,02
650,320,Coffee,Afternoon,Weekday,2016,02
651,321,Coffee,Afternoon,Weekday,2016,02
652,321,Tea,Afternoon,Weekday,2016,02
653,322,Bread,Afternoon,Weekday,2016,02
654,323,Tea,Afternoon,Weekday,2016,02
655,324,Coffee,Afternoon,Weekday,2016,02
656,324,Tea,Afternoon,Weekday,2016,02
657,325,Coffee,Afternoon,Weekday,2016,02
658,326,Fudge,Afternoon,Weekday,2016,02
659,327,Tea,Afternoon,Weekday,2016,02
660,328,Soup,Afternoon,Weekday,2016,02
661,328,Tea,Afternoon,Weekday,2016,02
662,329,Juice,Afternoon,Weekday,2016,02
663,330,Alfajores,Afternoon,Weekday,2016,02
664,331,Bread,Afternoon,Weekday,2016,02
665,332,Coffee,Afternoon,Weekday,2016,02
666,332,Alfajores,Afternoon,Weekday,2016,02
667,333,Juice,Afternoon,Weekday,2016,02
668,333,Alfajores,Afternoon,Weekday,2016,02
669,333,Cookies,Afternoon,Weekday,2016,02
670,333,Pick and Mix Bowls,Afternoon,Weekday,2016,02
671,333,Mineral water,Afternoon,Weekday,2016,02
672,334,Coffee,Evening,Weekday,2016,02
673,334,Alfajores,Evening,Weekday,2016,02
674,335,Fudge,Evening,Weekday,2016,02
675,336,Mighty Protein,Evening,Weekday,2016,02
676,336,Juice,Evening,Weekday,2016,02
677,337,Coffee,Evening,Weekday,2016,02
678,337,Mineral water,Evening,Weekday,2016,02
679,337,Alfajores,Evening,Weekday,2016,02
680,338,Mighty Protein,Evening,Weekday,2016,02
681,338,Coffee,Evening,Weekday,2016,02
682,339,Alfajores,Evening,Weekday,2016,02
683,340,Coffee,Morning,Weekday,2016,03
684,340,Bread,Morning,Weekday,2016,03
685,341,Medialuna,Morning,Weekday,2016,03
686,341,Medialuna,Morning,Weekday,2016,03
687,342,Medialuna,Morning,Weekday,2016,03
688,342,Bread,Morning,Weekday,2016,03
689,343,Farm House,Morning,Weekday,2016,03
690,344,Coffee,Morning,Weekday,2016,03
691,344,Pastry,Morning,Weekday,2016,03
692,345,Farm House,Morning,Weekday,2016,03
693,346,Coffee,Morning,Weekday,2016,03
694,346,Coffee,Morning,Weekday,2016,03
695,346,Pastry,Morning,Weekday,2016,03
696,346,Pastry,Morning,Weekday,2016,03
697,346,Coffee,Morning,Weekday,2016,03
698,347,Medialuna,Morning,Weekday,2016,03
699,348,Bread,Morning,Weekday,2016,03
700,348,Tea,Morning,Weekday,2016,03
701,348,Sandwich,Morning,Weekday,2016,03
702,349,Bread,Morning,Weekday,2016,03
703,350,Jam,Morning,Weekday,2016,03
704,350,Coffee,Morning,Weekday,2016,03
705,350,Farm House,Morning,Weekday,2016,03
706,351,Focaccia,Morning,Weekday,2016,03
707,352,Bread,Morning,Weekday,2016,03
708,353,Tartine,Morning,Weekday,2016,03
709,353,Pastry,Morning,Weekday,2016,03
710,353,Bread,Morning,Weekday,2016,03
711,353,My-5 Fruit Shoot,Morning,Weekday,2016,03
712,354,Farm House,Morning,Weekday,2016,03
713,354,Pastry,Morning,Weekday,2016,03
714,355,Bread,Morning,Weekday,2016,03
715,355,Pastry,Morning,Weekday,2016,03
716,356,Pastry,Morning,Weekday,2016,03
717,356,Bread,Morning,Weekday,2016,03
718,357,Jam,Morning,Weekday,2016,03
719,357,Coffee,Morning,Weekday,2016,03
720,358,Farm House,Morning,Weekday,2016,03
721,359,Bread,Morning,Weekday,2016,03
722,359,Pastry,Morning,Weekday,2016,03
723,360,Coffee,Morning,Weekday,2016,03
724,360,Tea,Morning,Weekday,2016,03
725,360,Bread,Morning,Weekday,2016,03
726,361,Jam,Morning,Weekday,2016,03
727,363,Pastry,Morning,Weekday,2016,03
728,363,Medialuna,Morning,Weekday,2016,03
729,363,Medialuna,Morning,Weekday,2016,03
730,364,Coffee,Morning,Weekday,2016,03
731,365,Tea,Morning,Weekday,2016,03
732,366,Bread,Morning,Weekday,2016,03
733,367,Bread,Morning,Weekday,2016,03
734,367,Pastry,Morning,Weekday,2016,03
735,368,Pastry,Morning,Weekday,2016,03
736,369,Farm House,Morning,Weekday,2016,03
737,370,Tea,Morning,Weekday,2016,03
738,371,Coffee,Morning,Weekday,2016,03
739,371,Brownie,Morning,Weekday,2016,03
740,371,Alfajores,Morning,Weekday,2016,03
741,371,Fudge,Morning,Weekday,2016,03
742,372,Bread,Morning,Weekday,2016,03
743,372,Fudge,Morning,Weekday,2016,03
744,372,Cookies,Morning,Weekday,2016,03
745,373,Coffee,Morning,Weekday,2016,03
746,374,Bread,Morning,Weekday,2016,03
747,375,Coffee,Morning,Weekday,2016,03
748,375,Coffee,Morning,Weekday,2016,03
749,375,Jam,Morning,Weekday,2016,03
750,375,Pastry,Morning,Weekday,2016,03
751,376,Soup,Morning,Weekday,2016,03
752,376,Coffee,Morning,Weekday,2016,03
753,377,Smoothies,Morning,Weekday,2016,03
754,377,Soup,Morning,Weekday,2016,03
755,377,Hearty & Seasonal,Morning,Weekday,2016,03
756,377,Pastry,Morning,Weekday,2016,03
757,378,Pastry,Morning,Weekday,2016,03
758,378,Bread,Morning,Weekday,2016,03
759,379,Pastry,Morning,Weekday,2016,03
760,379,Medialuna,Morning,Weekday,2016,03
761,380,Tea,Morning,Weekday,2016,03
762,380,Coffee,Morning,Weekday,2016,03
763,381,Bread,Morning,Weekday,2016,03
764,381,Cookies,Morning,Weekday,2016,03
765,382,Coffee,Afternoon,Weekday,2016,03
766,382,Coffee,Afternoon,Weekday,2016,03
767,382,Bread,Afternoon,Weekday,2016,03
768,382,Hearty & Seasonal,Afternoon,Weekday,2016,03
769,382,Pick and Mix Bowls,Afternoon,Weekday,2016,03
770,382,Sandwich,Afternoon,Weekday,2016,03
771,382,Focaccia,Afternoon,Weekday,2016,03
772,383,Coffee,Afternoon,Weekday,2016,03
773,384,Coffee,Afternoon,Weekday,2016,03
774,384,Sandwich,Afternoon,Weekday,2016,03
775,384,Brownie,Afternoon,Weekday,2016,03
776,385,Brownie,Afternoon,Weekday,2016,03
777,385,Cookies,Afternoon,Weekday,2016,03
778,386,Coffee,Afternoon,Weekday,2016,03
779,387,Coffee,Afternoon,Weekday,2016,03
780,388,Sandwich,Afternoon,Weekday,2016,03
781,388,Bread,Afternoon,Weekday,2016,03
782,388,Coffee,Afternoon,Weekday,2016,03
783,389,Coffee,Afternoon,Weekday,2016,03
784,389,Hot chocolate,Afternoon,Weekday,2016,03
785,390,Tea,Afternoon,Weekday,2016,03
786,391,Sandwich,Afternoon,Weekday,2016,03
787,391,Coffee,Afternoon,Weekday,2016,03
788,391,Brownie,Afternoon,Weekday,2016,03
789,392,Brownie,Afternoon,Weekday,2016,03
790,392,Pastry,Afternoon,Weekday,2016,03
791,392,Focaccia,Afternoon,Weekday,2016,03
792,392,Farm House,Afternoon,Weekday,2016,03
793,393,Cake,Afternoon,Weekday,2016,03
794,393,Focaccia,Afternoon,Weekday,2016,03
795,394,Soup,Afternoon,Weekday,2016,03
796,394,Hearty & Seasonal,Afternoon,Weekday,2016,03
797,394,Mineral water,Afternoon,Weekday,2016,03
798,395,Hearty & Seasonal,Afternoon,Weekday,2016,03
799,396,Hearty & Seasonal,Afternoon,Weekday,2016,03
800,397,Coffee,Afternoon,Weekday,2016,03
801,397,Coffee,Afternoon,Weekday,2016,03
802,397,Pastry,Afternoon,Weekday,2016,03
803,398,Coffee,Afternoon,Weekday,2016,03
804,399,Tea,Afternoon,Weekday,2016,03
805,399,Cake,Afternoon,Weekday,2016,03
806,400,Coffee,Afternoon,Weekday,2016,03
807,400,Soup,Afternoon,Weekday,2016,03
808,401,Bread,Afternoon,Weekday,2016,03
809,401,Focaccia,Afternoon,Weekday,2016,03
810,401,Fudge,Afternoon,Weekday,2016,03
811,402,Hot chocolate,Afternoon,Weekday,2016,03
812,402,Coffee,Afternoon,Weekday,2016,03
813,402,Alfajores,Afternoon,Weekday,2016,03
814,403,Brownie,Afternoon,Weekday,2016,03
815,403,Pastry,Afternoon,Weekday,2016,03
816,403,Cake,Afternoon,Weekday,2016,03
817,404,Medialuna,Afternoon,Weekday,2016,03
818,404,Alfajores,Afternoon,Weekday,2016,03
819,404,Dulce de Leche,Afternoon,Weekday,2016,03
820,405,Dulce de Leche,Afternoon,Weekday,2016,03
821,405,Alfajores,Afternoon,Weekday,2016,03
822,406,Bread,Afternoon,Weekday,2016,03
823,406,Cake,Afternoon,Weekday,2016,03
824,407,Cake,Afternoon,Weekday,2016,03
825,407,Coffee,Afternoon,Weekday,2016,03
826,408,Bread,Afternoon,Weekday,2016,03
827,409,Sandwich,Afternoon,Weekday,2016,03
828,410,Bread,Afternoon,Weekday,2016,03
829,410,Coffee,Afternoon,Weekday,2016,03
830,410,Alfajores,Afternoon,Weekday,2016,03
831,410,Medialuna,Afternoon,Weekday,2016,03
832,411,Coffee,Afternoon,Weekday,2016,03
833,412,Bread,Afternoon,Weekday,2016,03
834,412,Alfajores,Afternoon,Weekday,2016,03
835,413,Tea,Afternoon,Weekday,2016,03
836,413,Coffee,Afternoon,Weekday,2016,03
837,414,Bread,Afternoon,Weekday,2016,03
838,415,Dulce de Leche,Afternoon,Weekday,2016,03
839,416,Farm House,Afternoon,Weekday,2016,03
840,417,Fudge,Afternoon,Weekday,2016,03
841,418,Coffee,Afternoon,Weekday,2016,03
842,419,Coffee,Afternoon,Weekday,2016,03
843,419,Alfajores,Afternoon,Weekday,2016,03
844,419,Juice,Afternoon,Weekday,2016,03
845,419,Ella's Kitchen Pouches,Afternoon,Weekday,2016,03
846,419,Brownie,Afternoon,Weekday,2016,03
847,420,Alfajores,Afternoon,Weekday,2016,03
848,421,Alfajores,Afternoon,Weekday,2016,03
849,421,Brownie,Afternoon,Weekday,2016,03
850,421,Cookies,Afternoon,Weekday,2016,03
851,421,Bread,Afternoon,Weekday,2016,03
852,421,Juice,Afternoon,Weekday,2016,03
853,422,Cake,Afternoon,Weekday,2016,03
854,422,Cookies,Afternoon,Weekday,2016,03
855,423,Pick and Mix Bowls,Afternoon,Weekday,2016,03
856,424,Coffee,Afternoon,Weekday,2016,03
857,425,Farm House,Afternoon,Weekday,2016,03
858,426,Tea,Evening,Weekday,2016,03
859,427,Coffee,Evening,Weekday,2016,03
860,428,Focaccia,Evening,Weekday,2016,03
861,428,Farm House,Evening,Weekday,2016,03
862,429,Dulce de Leche,Evening,Weekday,2016,03
863,430,Juice,Evening,Weekday,2016,03
864,430,My-5 Fruit Shoot,Evening,Weekday,2016,03
865,430,Ella's Kitchen Pouches,Evening,Weekday,2016,03
866,430,Cookies,Evening,Weekday,2016,03
867,431,Bread,Evening,Weekday,2016,03
868,432,Hot chocolate,Evening,Weekday,2016,03
869,433,Coffee,Evening,Weekday,2016,03
870,435,Coffee,Evening,Weekday,2016,03
871,436,Coffee,Evening,Weekday,2016,03
872,437,Medialuna,Morning,Weekday,2016,04
873,438,Bread,Morning,Weekday,2016,04
874,438,Tea,Morning,Weekday,2016,04
875,438,Jam,Morning,Weekday,2016,04
876,439,Farm House,Morning,Weekday,2016,04
877,440,Bread,Morning,Weekday,2016,04
878,441,Coffee,Morning,Weekday,2016,04
879,442,Medialuna,Morning,Weekday,2016,04
880,442,Coffee,Morning,Weekday,2016,04
881,443,Bread,Morning,Weekday,2016,04
882,444,Medialuna,Morning,Weekday,2016,04
883,444,Pastry,Morning,Weekday,2016,04
884,444,Medialuna,Morning,Weekday,2016,04
885,445,Coffee,Morning,Weekday,2016,04
886,445,Coffee,Morning,Weekday,2016,04
887,445,Jam,Morning,Weekday,2016,04
888,446,Bread,Morning,Weekday,2016,04
889,446,Coffee,Morning,Weekday,2016,04
890,447,Coffee,Morning,Weekday,2016,04
891,447,Coffee,Morning,Weekday,2016,04
892,448,Bread,Morning,Weekday,2016,04
893,449,Hot chocolate,Morning,Weekday,2016,04
894,450,Bread,Morning,Weekday,2016,04
895,450,Medialuna,Morning,Weekday,2016,04
896,451,Bread,Morning,Weekday,2016,04
897,451,Jam,Morning,Weekday,2016,04
898,452,Jam,Morning,Weekday,2016,04
899,452,Bread,Morning,Weekday,2016,04
900,453,Coffee,Morning,Weekday,2016,04
901,453,Bread,Morning,Weekday,2016,04
902,454,Bread,Morning,Weekday,2016,04
903,454,Farm House,Morning,Weekday,2016,04
904,455,Bread,Morning,Weekday,2016,04
905,455,Coffee,Morning,Weekday,2016,04
906,455,Coffee,Morning,Weekday,2016,04
907,456,Tea,Morning,Weekday,2016,04
908,456,Pastry,Morning,Weekday,2016,04
909,457,Coffee,Morning,Weekday,2016,04
910,457,Coffee,Morning,Weekday,2016,04
911,458,Bread,Morning,Weekday,2016,04
912,459,Pastry,Morning,Weekday,2016,04
913,459,Brownie,Morning,Weekday,2016,04
914,460,Farm House,Morning,Weekday,2016,04
915,461,Coffee,Morning,Weekday,2016,04
916,462,Tea,Morning,Weekday,2016,04
917,462,Coffee,Morning,Weekday,2016,04
918,462,Honey,Morning,Weekday,2016,04
919,462,Cookies,Morning,Weekday,2016,04
920,463,Tea,Morning,Weekday,2016,04
921,464,Bread,Morning,Weekday,2016,04
922,465,Brownie,Morning,Weekday,2016,04
923,466,Bread,Morning,Weekday,2016,04
924,466,Coffee,Morning,Weekday,2016,04
925,467,Bread,Morning,Weekday,2016,04
926,468,Coffee,Morning,Weekday,2016,04
927,469,Tea,Morning,Weekday,2016,04
928,469,Tea,Morning,Weekday,2016,04
929,470,Tea,Morning,Weekday,2016,04
930,471,Coffee,Morning,Weekday,2016,04
931,471,Coffee,Morning,Weekday,2016,04
932,473,Bread,Morning,Weekday,2016,04
933,473,Coffee,Morning,Weekday,2016,04
934,474,Bread,Morning,Weekday,2016,04
935,474,Bread,Morning,Weekday,2016,04
936,475,Bread,Morning,Weekday,2016,04
937,475,The BART,Morning,Weekday,2016,04
938,476,Coffee,Morning,Weekday,2016,04
939,476,Brownie,Morning,Weekday,2016,04
940,477,Coffee,Morning,Weekday,2016,04
941,478,Coffee,Morning,Weekday,2016,04
942,478,Brownie,Morning,Weekday,2016,04
943,479,Mineral water,Morning,Weekday,2016,04
944,479,Coffee,Morning,Weekday,2016,04
945,479,Coffee,Morning,Weekday,2016,04
946,479,Tartine,Morning,Weekday,2016,04
947,480,Brownie,Morning,Weekday,2016,04
948,480,Coffee,Morning,Weekday,2016,04
949,481,Brownie,Morning,Weekday,2016,04
950,481,Juice,Morning,Weekday,2016,04
951,482,Coffee,Morning,Weekday,2016,04
952,482,Coffee,Morning,Weekday,2016,04
953,482,Bread,Morning,Weekday,2016,04
954,482,Tea,Morning,Weekday,2016,04
955,482,Alfajores,Morning,Weekday,2016,04
956,482,Medialuna,Morning,Weekday,2016,04
957,482,Pastry,Morning,Weekday,2016,04
958,482,Jam,Morning,Weekday,2016,04
959,483,Bread,Afternoon,Weekday,2016,04
960,484,Fudge,Afternoon,Weekday,2016,04
961,484,Fudge,Afternoon,Weekday,2016,04
962,485,Coffee,Afternoon,Weekday,2016,04
963,485,Pick and Mix Bowls,Afternoon,Weekday,2016,04
964,486,Pastry,Afternoon,Weekday,2016,04
965,486,Bread,Afternoon,Weekday,2016,04
966,487,Soup,Afternoon,Weekday,2016,04
967,487,Scandinavian,Afternoon,Weekday,2016,04
968,487,Coffee,Afternoon,Weekday,2016,04
969,487,Mineral water,Afternoon,Weekday,2016,04
970,488,Juice,Afternoon,Weekday,2016,04
971,488,Mineral water,Afternoon,Weekday,2016,04
972,488,Sandwich,Afternoon,Weekday,2016,04
973,488,Pick and Mix Bowls,Afternoon,Weekday,2016,04
974,489,Bread,Afternoon,Weekday,2016,04
975,489,Pastry,Afternoon,Weekday,2016,04
976,489,Bread,Afternoon,Weekday,2016,04
977,490,Hearty & Seasonal,Afternoon,Weekday,2016,04
978,490,Hearty & Seasonal,Afternoon,Weekday,2016,04
979,490,Coffee,Afternoon,Weekday,2016,04
980,490,Coffee,Afternoon,Weekday,2016,04
981,491,Bread,Afternoon,Weekday,2016,04
982,491,Hearty & Seasonal,Afternoon,Weekday,2016,04
983,491,Coffee,Afternoon,Weekday,2016,04
984,491,Mineral water,Afternoon,Weekday,2016,04
985,492,Coffee,Afternoon,Weekday,2016,04
986,492,Tartine,Afternoon,Weekday,2016,04
987,492,Sandwich,Afternoon,Weekday,2016,04
988,492,Brownie,Afternoon,Weekday,2016,04
989,493,Coffee,Afternoon,Weekday,2016,04
990,493,Brownie,Afternoon,Weekday,2016,04
991,494,Alfajores,Afternoon,Weekday,2016,04
992,494,Coffee,Afternoon,Weekday,2016,04
993,494,Tartine,Afternoon,Weekday,2016,04
994,495,Mighty Protein,Afternoon,Weekday,2016,04
995,495,Coffee,Afternoon,Weekday,2016,04
996,497,Coffee,Afternoon,Weekday,2016,04
997,497,Hot chocolate,Afternoon,Weekday,2016,04
998,498,Soup,Afternoon,Weekday,2016,04
999,498,Jam,Afternoon,Weekday,2016,04
1000,498,Coffee,Afternoon,Weekday,2016,04
1001,498,Coffee,Afternoon,Weekday,2016,04
1002,499,Mineral water,Afternoon,Weekday,2016,04
1003,499,Brownie,Afternoon,Weekday,2016,04
1004,500,Scandinavian,Afternoon,Weekday,2016,04
1005,500,Coffee,Afternoon,Weekday,2016,04
1006,501,Scandinavian,Afternoon,Weekday,2016,04
1007,501,Coffee,Afternoon,Weekday,2016,04
1008,502,Coffee,Afternoon,Weekday,2016,04
1009,502,Coffee,Afternoon,Weekday,2016,04
1010,503,Coffee,Afternoon,Weekday,2016,04
1011,503,Coffee,Afternoon,Weekday,2016,04
1012,503,Hot chocolate,Afternoon,Weekday,2016,04
1013,503,Brownie,Afternoon,Weekday,2016,04
1014,503,Hearty & Seasonal,Afternoon,Weekday,2016,04
1015,504,Tea,Afternoon,Weekday,2016,04
1016,504,Cake,Afternoon,Weekday,2016,04
1017,505,Medialuna,Afternoon,Weekday,2016,04
1018,506,Alfajores,Afternoon,Weekday,2016,04
1019,506,Tea,Afternoon,Weekday,2016,04
1020,506,Coffee,Afternoon,Weekday,2016,04
1021,507,Coffee,Afternoon,Weekday,2016,04
1022,507,Juice,Afternoon,Weekday,2016,04
1023,507,Brownie,Afternoon,Weekday,2016,04
1024,507,Alfajores,Afternoon,Weekday,2016,04
1025,508,Coffee,Afternoon,Weekday,2016,04
1026,508,Sandwich,Afternoon,Weekday,2016,04
1027,509,Bread,Afternoon,Weekday,2016,04
1028,509,Soup,Afternoon,Weekday,2016,04
1029,510,Soup,Afternoon,Weekday,2016,04
1030,510,Bread,Afternoon,Weekday,2016,04
1031,511,Bread,Afternoon,Weekday,2016,04
1032,512,Tea,Afternoon,Weekday,2016,04
1033,512,Brownie,Afternoon,Weekday,2016,04
1034,512,Cookies,Afternoon,Weekday,2016,04
1035,513,Coffee,Afternoon,Weekday,2016,04
1036,513,Bread,Afternoon,Weekday,2016,04
1037,513,Brownie,Afternoon,Weekday,2016,04
1038,514,Brownie,Afternoon,Weekday,2016,04
1039,515,Cookies,Afternoon,Weekday,2016,04
1040,515,Bread,Afternoon,Weekday,2016,04
1041,515,Jam,Afternoon,Weekday,2016,04
1042,516,Coffee,Afternoon,Weekday,2016,04
1043,517,Tea,Afternoon,Weekday,2016,04
1044,517,Brownie,Afternoon,Weekday,2016,04
1045,517,Tea,Afternoon,Weekday,2016,04
1046,518,Alfajores,Afternoon,Weekday,2016,04
1047,518,Medialuna,Afternoon,Weekday,2016,04
1048,518,Scandinavian,Afternoon,Weekday,2016,04
1049,519,Hot chocolate,Evening,Weekday,2016,04
1050,519,Coffee,Evening,Weekday,2016,04
1051,519,Alfajores,Evening,Weekday,2016,04
1052,519,Cookies,Evening,Weekday,2016,04
1053,520,Brownie,Evening,Weekday,2016,04
1054,521,Fudge,Evening,Weekday,2016,04
1055,522,Tea,Evening,Weekday,2016,04
1056,522,Brownie,Evening,Weekday,2016,04
1057,523,Dulce de Leche,Evening,Weekday,2016,04
1058,523,Fudge,Evening,Weekday,2016,04
1059,524,Bread,Morning,Weekend,2016,05
1060,524,Scandinavian,Morning,Weekend,2016,05
1061,524,Fudge,Morning,Weekend,2016,05
1062,524,Granola,Morning,Weekend,2016,05
1063,524,Pastry,Morning,Weekend,2016,05
1064,524,Coffee,Morning,Weekend,2016,05
1065,525,Bread,Morning,Weekend,2016,05
1066,525,Fudge,Morning,Weekend,2016,05
1067,526,Hot chocolate,Morning,Weekend,2016,05
1068,526,Coffee,Morning,Weekend,2016,05
1069,526,Medialuna,Morning,Weekend,2016,05
1070,526,Medialuna,Morning,Weekend,2016,05
1071,527,Bread,Morning,Weekend,2016,05
1072,528,Bread,Morning,Weekend,2016,05
1073,528,Medialuna,Morning,Weekend,2016,05
1074,529,Bread,Morning,Weekend,2016,05
1075,529,Coffee,Morning,Weekend,2016,05
1076,529,Medialuna,Morning,Weekend,2016,05
1077,529,Jam,Morning,Weekend,2016,05
1078,530,Jam,Morning,Weekend,2016,05
1079,530,Coffee,Morning,Weekend,2016,05
1080,530,Brownie,Morning,Weekend,2016,05
1081,531,Bread,Morning,Weekend,2016,05
1082,531,Coffee,Morning,Weekend,2016,05
1083,531,Jam,Morning,Weekend,2016,05
1084,532,Scandinavian,Morning,Weekend,2016,05
1085,533,Coffee,Morning,Weekend,2016,05
1086,533,Cookies,Morning,Weekend,2016,05
1087,534,Coffee,Morning,Weekend,2016,05
1088,534,Coffee,Morning,Weekend,2016,05
1089,534,Scandinavian,Morning,Weekend,2016,05
1090,535,Bread,Morning,Weekend,2016,05
1091,536,Bread,Morning,Weekend,2016,05
1092,537,Jam,Morning,Weekend,2016,05
1093,537,Brownie,Morning,Weekend,2016,05
1094,537,Coffee,Morning,Weekend,2016,05
1095,537,Coffee,Morning,Weekend,2016,05
1096,538,Coffee,Morning,Weekend,2016,05
1097,539,Brownie,Morning,Weekend,2016,05
1098,539,Hot chocolate,Morning,Weekend,2016,05
1099,540,Bread,Morning,Weekend,2016,05
1100,541,Bread,Morning,Weekend,2016,05
1101,541,Bread,Morning,Weekend,2016,05
1102,541,Medialuna,Morning,Weekend,2016,05
1103,542,Coffee,Morning,Weekend,2016,05
1104,542,Hot chocolate,Morning,Weekend,2016,05
1105,542,Brownie,Morning,Weekend,2016,05
1106,543,Scandinavian,Morning,Weekend,2016,05
1107,544,Basket,Morning,Weekend,2016,05
1108,544,Bread,Morning,Weekend,2016,05
1109,545,Coffee,Morning,Weekend,2016,05
1110,545,Bread,Morning,Weekend,2016,05
1111,545,Brownie,Morning,Weekend,2016,05
1112,546,Cake,Morning,Weekend,2016,05
1113,546,Fudge,Morning,Weekend,2016,05
1114,547,Coffee,Morning,Weekend,2016,05
1115,547,Hot chocolate,Morning,Weekend,2016,05
1116,547,Coffee,Morning,Weekend,2016,05
1117,547,Basket,Morning,Weekend,2016,05
1118,548,Scandinavian,Morning,Weekend,2016,05
1119,549,Scandinavian,Morning,Weekend,2016,05
1120,550,Coffee,Morning,Weekend,2016,05
1121,550,Bread,Morning,Weekend,2016,05
1122,550,Coffee,Morning,Weekend,2016,05
1123,550,Cake,Morning,Weekend,2016,05
1124,550,Medialuna,Morning,Weekend,2016,05
1125,551,Coffee,Morning,Weekend,2016,05
1126,551,Coffee,Morning,Weekend,2016,05
1127,551,Medialuna,Morning,Weekend,2016,05
1128,552,Bread,Morning,Weekend,2016,05
1129,552,Pastry,Morning,Weekend,2016,05
1130,553,Bread,Morning,Weekend,2016,05
1131,553,Brownie,Morning,Weekend,2016,05
1132,554,Medialuna,Morning,Weekend,2016,05
1133,554,Farm House,Morning,Weekend,2016,05
1134,555,Bread,Morning,Weekend,2016,05
1135,555,Medialuna,Morning,Weekend,2016,05
1136,556,Brownie,Morning,Weekend,2016,05
1137,556,Medialuna,Morning,Weekend,2016,05
1138,556,Hot chocolate,Morning,Weekend,2016,05
1139,556,Smoothies,Morning,Weekend,2016,05
1140,556,Coffee,Morning,Weekend,2016,05
1141,557,Bread,Morning,Weekend,2016,05
1142,557,Tea,Morning,Weekend,2016,05
1143,557,Coffee,Morning,Weekend,2016,05
1144,557,Brownie,Morning,Weekend,2016,05
1145,557,Medialuna,Morning,Weekend,2016,05
1146,558,Medialuna,Morning,Weekend,2016,05
1147,558,Medialuna,Morning,Weekend,2016,05
1148,558,Cookies,Morning,Weekend,2016,05
1149,559,Coffee,Morning,Weekend,2016,05
1150,559,Medialuna,Morning,Weekend,2016,05
1151,560,Bread,Morning,Weekend,2016,05
1152,560,Fudge,Morning,Weekend,2016,05
1153,562,Coffee,Morning,Weekend,2016,05
1154,562,Tea,Morning,Weekend,2016,05
1155,563,Coffee,Morning,Weekend,2016,05
1156,563,Cookies,Morning,Weekend,2016,05
1157,564,Pastry,Morning,Weekend,2016,05
1158,564,Bread,Morning,Weekend,2016,05
1159,564,Brownie,Morning,Weekend,2016,05
1160,565,Bread,Morning,Weekend,2016,05
1161,565,Coffee,Morning,Weekend,2016,05
1162,565,Bread,Morning,Weekend,2016,05
1163,566,Coffee,Morning,Weekend,2016,05
1164,566,Coffee,Morning,Weekend,2016,05
1165,566,Tea,Morning,Weekend,2016,05
1166,567,Bread,Morning,Weekend,2016,05
1167,568,Medialuna,Morning,Weekend,2016,05
1168,568,Coffee,Morning,Weekend,2016,05
1169,569,My-5 Fruit Shoot,Morning,Weekend,2016,05
1170,569,Coffee,Morning,Weekend,2016,05
1171,569,Brownie,Morning,Weekend,2016,05
1172,570,Coffee,Morning,Weekend,2016,05
1173,570,Fudge,Morning,Weekend,2016,05
1174,571,Coffee,Morning,Weekend,2016,05
1175,572,Coffee,Morning,Weekend,2016,05
1176,572,Basket,Morning,Weekend,2016,05
1177,573,Farm House,Morning,Weekend,2016,05
1178,574,Farm House,Morning,Weekend,2016,05
1179,575,Coffee,Morning,Weekend,2016,05
1180,575,Brownie,Morning,Weekend,2016,05
1181,576,Scandinavian,Morning,Weekend,2016,05
1182,576,Brownie,Morning,Weekend,2016,05
1183,576,My-5 Fruit Shoot,Morning,Weekend,2016,05
1184,577,Tartine,Morning,Weekend,2016,05
1185,577,Coffee,Morning,Weekend,2016,05
1186,577,Hot chocolate,Morning,Weekend,2016,05
1187,577,Brownie,Morning,Weekend,2016,05
1188,578,Brownie,Morning,Weekend,2016,05
1189,578,Bread,Morning,Weekend,2016,05
1190,578,Hot chocolate,Morning,Weekend,2016,05
1191,579,Jam,Morning,Weekend,2016,05
1192,579,Fudge,Morning,Weekend,2016,05
1193,580,Coffee,Morning,Weekend,2016,05
1194,581,Fudge,Morning,Weekend,2016,05
1195,583,Mighty Protein,Morning,Weekend,2016,05
1196,583,Hearty & Seasonal,Morning,Weekend,2016,05
1197,583,Coffee,Morning,Weekend,2016,05
1198,583,Tea,Morning,Weekend,2016,05
1199,583,Cake,Morning,Weekend,2016,05
1200,584,Coffee,Morning,Weekend,2016,05
1201,585,Scandinavian,Morning,Weekend,2016,05
1202,586,Cake,Morning,Weekend,2016,05
1203,586,Victorian Sponge,Morning,Weekend,2016,05
1204,586,Scandinavian,Morning,Weekend,2016,05
1205,587,Tea,Morning,Weekend,2016,05
1206,587,Cake,Morning,Weekend,2016,05
1207,588,Coffee,Morning,Weekend,2016,05
1208,588,Coffee,Morning,Weekend,2016,05
1209,589,Coffee,Afternoon,Weekend,2016,05
1210,589,Coffee,Afternoon,Weekend,2016,05
1211,590,Bread,Afternoon,Weekend,2016,05
1212,591,Frittata,Afternoon,Weekend,2016,05
1213,592,Coffee,Afternoon,Weekend,2016,05
1214,592,Coffee,Afternoon,Weekend,2016,05
1215,592,My-5 Fruit Shoot,Afternoon,Weekend,2016,05
1216,592,Brownie,Afternoon,Weekend,2016,05
1217,593,Focaccia,Afternoon,Weekend,2016,05
1218,593,Fairy Doors,Afternoon,Weekend,2016,05
1219,594,Tea,Afternoon,Weekend,2016,05
1220,594,Coffee,Afternoon,Weekend,2016,05
1221,594,Coffee,Afternoon,Weekend,2016,05
1222,595,Hot chocolate,Afternoon,Weekend,2016,05
1223,595,Hearty & Seasonal,Afternoon,Weekend,2016,05
1224,595,Pick and Mix Bowls,Afternoon,Weekend,2016,05
1225,595,Brownie,Afternoon,Weekend,2016,05
1226,596,Frittata,Afternoon,Weekend,2016,05
1227,596,Coffee,Afternoon,Weekend,2016,05
1228,597,Bread,Afternoon,Weekend,2016,05
1229,597,Brownie,Afternoon,Weekend,2016,05
1230,598,Frittata,Afternoon,Weekend,2016,05
1231,599,Scandinavian,Afternoon,Weekend,2016,05
1232,600,Bread,Afternoon,Weekend,2016,05
1233,601,Farm House,Afternoon,Weekend,2016,05
1234,602,Pick and Mix Bowls,Afternoon,Weekend,2016,05
1235,602,Jam,Afternoon,Weekend,2016,05
1236,602,Soup,Afternoon,Weekend,2016,05
1237,602,Brownie,Afternoon,Weekend,2016,05
1238,603,Hearty & Seasonal,Afternoon,Weekend,2016,05
1239,603,Coffee,Afternoon,Weekend,2016,05
1240,603,Tea,Afternoon,Weekend,2016,05
1241,604,Bread,Afternoon,Weekend,2016,05
1242,605,Bread,Afternoon,Weekend,2016,05
1243,605,Frittata,Afternoon,Weekend,2016,05
1244,606,Scandinavian,Afternoon,Weekend,2016,05
1245,608,Tartine,Afternoon,Weekend,2016,05
1246,608,Hot chocolate,Afternoon,Weekend,2016,05
1247,608,Coffee,Afternoon,Weekend,2016,05
1248,609,Coffee,Afternoon,Weekend,2016,05
1249,609,Mighty Protein,Afternoon,Weekend,2016,05
1250,610,Frittata,Afternoon,Weekend,2016,05
1251,610,Coffee,Afternoon,Weekend,2016,05
1252,611,Scandinavian,Afternoon,Weekend,2016,05
1253,612,Hearty & Seasonal,Afternoon,Weekend,2016,05
1254,612,Coffee,Afternoon,Weekend,2016,05
1255,612,Mineral water,Afternoon,Weekend,2016,05
1256,613,Scandinavian,Afternoon,Weekend,2016,05
1257,615,Bread,Afternoon,Weekend,2016,05
1258,615,Coffee,Afternoon,Weekend,2016,05
1259,616,Hearty & Seasonal,Afternoon,Weekend,2016,05
1260,616,Soup,Afternoon,Weekend,2016,05
1261,616,Bread,Afternoon,Weekend,2016,05
1262,616,Coffee,Afternoon,Weekend,2016,05
1263,617,Brownie,Afternoon,Weekend,2016,05
1264,617,Cake,Afternoon,Weekend,2016,05
1265,617,Tea,Afternoon,Weekend,2016,05
1266,618,Mighty Protein,Afternoon,Weekend,2016,05
1267,618,Coffee,Afternoon,Weekend,2016,05
1268,620,Coffee,Afternoon,Weekend,2016,05
1269,620,Tea,Afternoon,Weekend,2016,05
1270,620,Brownie,Afternoon,Weekend,2016,05
1271,620,Soup,Afternoon,Weekend,2016,05
1272,621,Cake,Afternoon,Weekend,2016,05
1273,622,Hot chocolate,Afternoon,Weekend,2016,05
1274,622,Coffee,Afternoon,Weekend,2016,05
1275,622,Cake,Afternoon,Weekend,2016,05
1276,623,Hearty & Seasonal,Afternoon,Weekend,2016,05
1277,623,Coffee,Afternoon,Weekend,2016,05
1278,624,Coffee,Afternoon,Weekend,2016,05
1279,625,Frittata,Afternoon,Weekend,2016,05
1280,625,Coffee,Afternoon,Weekend,2016,05
1281,625,Brownie,Afternoon,Weekend,2016,05
1282,626,Sandwich,Afternoon,Weekend,2016,05
1283,626,Frittata,Afternoon,Weekend,2016,05
1284,626,Coke,Afternoon,Weekend,2016,05
1285,626,Mineral water,Afternoon,Weekend,2016,05
1286,626,Brownie,Afternoon,Weekend,2016,05
1287,627,Granola,Afternoon,Weekend,2016,05
1288,627,Scandinavian,Afternoon,Weekend,2016,05
1289,628,Coffee,Afternoon,Weekend,2016,05
1290,628,Coke,Afternoon,Weekend,2016,05
1291,628,Coffee,Afternoon,Weekend,2016,05
1292,629,Tea,Afternoon,Weekend,2016,05
1293,629,Tea,Afternoon,Weekend,2016,05
1294,629,Brownie,Afternoon,Weekend,2016,05
1295,629,Cake,Afternoon,Weekend,2016,05
1296,630,Fudge,Afternoon,Weekend,2016,05
1297,631,Coffee,Afternoon,Weekend,2016,05
1298,632,Brownie,Afternoon,Weekend,2016,05
1299,633,Cake,Afternoon,Weekend,2016,05
1300,634,Tea,Afternoon,Weekend,2016,05
1301,635,Coffee,Afternoon,Weekend,2016,05
1302,635,Coffee,Afternoon,Weekend,2016,05
1303,635,Coffee,Afternoon,Weekend,2016,05
1304,635,Soup,Afternoon,Weekend,2016,05
1305,635,Sandwich,Afternoon,Weekend,2016,05
1306,635,Cake,Afternoon,Weekend,2016,05
1307,636,Coffee,Afternoon,Weekend,2016,05
1308,636,Bread,Afternoon,Weekend,2016,05
1309,636,Brownie,Afternoon,Weekend,2016,05
1310,637,Bread,Afternoon,Weekend,2016,05
1311,637,Coffee,Afternoon,Weekend,2016,05
1312,637,Brownie,Afternoon,Weekend,2016,05
1313,638,Coffee,Afternoon,Weekend,2016,05
1314,638,Bread,Afternoon,Weekend,2016,05
1315,638,Brownie,Afternoon,Weekend,2016,05
1316,639,Brownie,Afternoon,Weekend,2016,05
1317,639,Coffee,Afternoon,Weekend,2016,05
1318,640,Coffee,Afternoon,Weekend,2016,05
1319,640,Soup,Afternoon,Weekend,2016,05
1320,640,Brownie,Afternoon,Weekend,2016,05
1321,641,Fudge,Afternoon,Weekend,2016,05
1322,642,Bread,Afternoon,Weekend,2016,05
1323,642,Focaccia,Afternoon,Weekend,2016,05
1324,643,Bread,Afternoon,Weekend,2016,05
1325,643,Farm House,Afternoon,Weekend,2016,05
1326,643,Jam,Afternoon,Weekend,2016,05
1327,644,Hot chocolate,Afternoon,Weekend,2016,05
1328,644,Brownie,Afternoon,Weekend,2016,05
1329,645,Hot chocolate,Afternoon,Weekend,2016,05
1330,646,Coffee,Afternoon,Weekend,2016,05
1331,646,Brownie,Afternoon,Weekend,2016,05
1332,647,Medialuna,Evening,Weekend,2016,05
1333,647,Pastry,Evening,Weekend,2016,05
1334,648,Bread,Morning,Weekend,2016,06
1335,650,Coffee,Morning,Weekend,2016,06
1336,650,Pastry,Morning,Weekend,2016,06
1337,650,Bread,Morning,Weekend,2016,06
1338,651,Coffee,Morning,Weekend,2016,06
1339,651,Mineral water,Morning,Weekend,2016,06
1340,652,Pastry,Morning,Weekend,2016,06
1341,652,Bread,Morning,Weekend,2016,06
1342,652,Hot chocolate,Morning,Weekend,2016,06
1343,653,Bread,Morning,Weekend,2016,06
1344,654,Bread,Morning,Weekend,2016,06
1345,655,Jam,Morning,Weekend,2016,06
1346,655,Coffee,Morning,Weekend,2016,06
1347,655,Coffee,Morning,Weekend,2016,06
1348,655,Bread,Morning,Weekend,2016,06
1349,656,Coffee,Morning,Weekend,2016,06
1350,656,Coffee,Morning,Weekend,2016,06
1351,656,Pastry,Morning,Weekend,2016,06
1352,657,Medialuna,Morning,Weekend,2016,06
1353,657,Coffee,Morning,Weekend,2016,06
1354,657,Coffee,Morning,Weekend,2016,06
1355,657,Focaccia,Morning,Weekend,2016,06
1356,657,Hearty & Seasonal,Morning,Weekend,2016,06
1357,658,Bread,Morning,Weekend,2016,06
1358,658,Farm House,Morning,Weekend,2016,06
1359,658,Coffee,Morning,Weekend,2016,06
1360,658,Jam,Morning,Weekend,2016,06
1361,659,Farm House,Morning,Weekend,2016,06
1362,660,Coffee,Morning,Weekend,2016,06
1363,660,Tea,Morning,Weekend,2016,06
1364,660,Pastry,Morning,Weekend,2016,06
1365,660,Medialuna,Morning,Weekend,2016,06
1366,661,Pastry,Morning,Weekend,2016,06
1367,661,Medialuna,Morning,Weekend,2016,06
1368,661,Coffee,Morning,Weekend,2016,06
1369,662,Coffee,Morning,Weekend,2016,06
1370,662,Hot chocolate,Morning,Weekend,2016,06
1371,662,Basket,Morning,Weekend,2016,06
1372,662,Farm House,Morning,Weekend,2016,06
1373,663,Pastry,Morning,Weekend,2016,06
1374,663,Farm House,Morning,Weekend,2016,06
1375,664,Hot chocolate,Morning,Weekend,2016,06
1376,664,Coffee,Morning,Weekend,2016,06
1377,664,My-5 Fruit Shoot,Morning,Weekend,2016,06
1378,665,Pastry,Morning,Weekend,2016,06
1379,665,Medialuna,Morning,Weekend,2016,06
1380,665,Muffin,Morning,Weekend,2016,06
1381,666,Farm House,Morning,Weekend,2016,06
1382,667,Muffin,Morning,Weekend,2016,06
1383,667,Pastry,Morning,Weekend,2016,06
1384,667,Focaccia,Morning,Weekend,2016,06
1385,668,Coffee,Morning,Weekend,2016,06
1386,668,Tea,Morning,Weekend,2016,06
1387,669,Bread,Morning,Weekend,2016,06
1388,670,Focaccia,Morning,Weekend,2016,06
1389,671,Coffee,Morning,Weekend,2016,06
1390,671,Hot chocolate,Morning,Weekend,2016,06
1391,671,Pastry,Morning,Weekend,2016,06
1392,671,Jam,Morning,Weekend,2016,06
1393,672,Bread,Morning,Weekend,2016,06
1394,673,Coffee,Morning,Weekend,2016,06
1395,673,Pastry,Morning,Weekend,2016,06
1396,673,Bread,Morning,Weekend,2016,06
1397,674,Tea,Morning,Weekend,2016,06
1398,675,Hot chocolate,Morning,Weekend,2016,06
1399,675,Coffee,Morning,Weekend,2016,06
1400,675,Mineral water,Morning,Weekend,2016,06
1401,676,Coffee,Morning,Weekend,2016,06
1402,676,Coffee,Morning,Weekend,2016,06
1403,677,Coffee,Morning,Weekend,2016,06
1404,678,Jam,Morning,Weekend,2016,06
1405,678,Coffee,Morning,Weekend,2016,06
1406,678,Coffee,Morning,Weekend,2016,06
1407,680,Muffin,Morning,Weekend,2016,06
1408,681,Bread,Morning,Weekend,2016,06
1409,682,Bread,Morning,Weekend,2016,06
1410,683,Bread,Morning,Weekend,2016,06
1411,684,Muffin,Morning,Weekend,2016,06
1412,684,Hot chocolate,Morning,Weekend,2016,06
1413,684,Coffee,Morning,Weekend,2016,06
1414,685,Muffin,Morning,Weekend,2016,06
1415,685,Fudge,Morning,Weekend,2016,06
1416,686,Bread,Morning,Weekend,2016,06
1417,687,Bread,Afternoon,Weekend,2016,06
1418,688,Farm House,Afternoon,Weekend,2016,06
1419,689,Coffee,Afternoon,Weekend,2016,06
1420,689,Muffin,Afternoon,Weekend,2016,06
1421,690,Focaccia,Afternoon,Weekend,2016,06
1422,691,Bread,Afternoon,Weekend,2016,06
1423,691,Tea,Afternoon,Weekend,2016,06
1424,692,Coffee,Afternoon,Weekend,2016,06
1425,692,Hot chocolate,Afternoon,Weekend,2016,06
1426,693,Coffee,Afternoon,Weekend,2016,06
1427,693,Tartine,Afternoon,Weekend,2016,06
1428,693,Coffee,Afternoon,Weekend,2016,06
1429,693,Pick and Mix Bowls,Afternoon,Weekend,2016,06
1430,693,Jam,Afternoon,Weekend,2016,06
1431,695,Jam,Afternoon,Weekend,2016,06
1432,696,Tartine,Afternoon,Weekend,2016,06
1433,697,Bread,Afternoon,Weekend,2016,06
1434,697,Coffee,Afternoon,Weekend,2016,06
1435,698,Coffee,Afternoon,Weekend,2016,06
1436,698,Coffee,Afternoon,Weekend,2016,06
1437,698,Mineral water,Afternoon,Weekend,2016,06
1438,698,Juice,Afternoon,Weekend,2016,06
1439,698,Tartine,Afternoon,Weekend,2016,06
1440,698,Pick and Mix Bowls,Afternoon,Weekend,2016,06
1441,699,Bread,Afternoon,Weekend,2016,06
1442,699,Tea,Afternoon,Weekend,2016,06
1443,699,Juice,Afternoon,Weekend,2016,06
1444,700,Coffee,Afternoon,Weekend,2016,06
1445,700,Coffee,Afternoon,Weekend,2016,06
1446,700,Cake,Afternoon,Weekend,2016,06
1447,701,Farm House,Afternoon,Weekend,2016,06
1448,702,Farm House,Afternoon,Weekend,2016,06
1449,703,Cake,Afternoon,Weekend,2016,06
1450,703,Brownie,Afternoon,Weekend,2016,06
1451,703,Coffee,Afternoon,Weekend,2016,06
1452,703,Coffee,Afternoon,Weekend,2016,06
1453,704,Focaccia,Afternoon,Weekend,2016,06
1454,704,Coffee,Afternoon,Weekend,2016,06
1455,705,Tea,Afternoon,Weekend,2016,06
1456,705,Coffee,Afternoon,Weekend,2016,06
1457,705,Muffin,Afternoon,Weekend,2016,06
1458,706,Coffee,Afternoon,Weekend,2016,06
1459,707,Tea,Afternoon,Weekend,2016,06
1460,707,Coffee,Afternoon,Weekend,2016,06
1461,708,Hearty & Seasonal,Afternoon,Weekend,2016,06
1462,708,Cake,Afternoon,Weekend,2016,06
1463,708,Coffee,Afternoon,Weekend,2016,06
1464,709,Bread,Afternoon,Weekend,2016,06
1465,709,Tea,Afternoon,Weekend,2016,06
1466,709,Cake,Afternoon,Weekend,2016,06
1467,710,Mighty Protein,Afternoon,Weekend,2016,06
1468,710,Coffee,Afternoon,Weekend,2016,06
1469,711,Hot chocolate,Afternoon,Weekend,2016,06
1470,711,Muffin,Afternoon,Weekend,2016,06
1471,712,Coffee,Afternoon,Weekend,2016,06
1472,712,Coffee,Afternoon,Weekend,2016,06
1473,712,Soup,Afternoon,Weekend,2016,06
1474,712,Mighty Protein,Afternoon,Weekend,2016,06
1475,713,Jam,Afternoon,Weekend,2016,06
1476,714,Coffee,Afternoon,Weekend,2016,06
1477,714,Alfajores,Afternoon,Weekend,2016,06
1478,715,Cake,Afternoon,Weekend,2016,06
1479,715,Hot chocolate,Afternoon,Weekend,2016,06
1480,715,Alfajores,Afternoon,Weekend,2016,06
1481,716,Hot chocolate,Afternoon,Weekend,2016,06
1482,716,Tea,Afternoon,Weekend,2016,06
1483,716,Muffin,Afternoon,Weekend,2016,06
1484,717,Brownie,Afternoon,Weekend,2016,06
1485,718,Cake,Afternoon,Weekend,2016,06
1486,718,Coffee,Afternoon,Weekend,2016,06
1487,719,Victorian Sponge,Afternoon,Weekend,2016,06
1488,719,Alfajores,Afternoon,Weekend,2016,06
1489,719,Tea,Afternoon,Weekend,2016,06
1490,720,Bread,Afternoon,Weekend,2016,06
1491,721,Tartine,Afternoon,Weekend,2016,06
1492,721,Tea,Afternoon,Weekend,2016,06
1493,721,Tartine,Afternoon,Weekend,2016,06
1494,722,Mighty Protein,Afternoon,Weekend,2016,06
1495,722,Tea,Afternoon,Weekend,2016,06
1496,723,Bread,Afternoon,Weekend,2016,06
1497,723,Fudge,Afternoon,Weekend,2016,06
1498,724,Medialuna,Afternoon,Weekend,2016,06
1499,724,Tartine,Afternoon,Weekend,2016,06
1500,724,Coffee,Afternoon,Weekend,2016,06
1501,725,Pastry,Afternoon,Weekend,2016,06
1502,725,Bread,Afternoon,Weekend,2016,06
1503,726,Pastry,Afternoon,Weekend,2016,06
1504,726,Bread,Afternoon,Weekend,2016,06
1505,727,Coffee,Afternoon,Weekend,2016,06
1506,727,Tea,Afternoon,Weekend,2016,06
1507,727,Alfajores,Afternoon,Weekend,2016,06
1508,727,Alfajores,Afternoon,Weekend,2016,06
1509,728,Alfajores,Afternoon,Weekend,2016,06
1510,728,Alfajores,Afternoon,Weekend,2016,06
1511,728,Coffee,Afternoon,Weekend,2016,06
1512,729,Coffee,Afternoon,Weekend,2016,06
1513,729,Alfajores,Afternoon,Weekend,2016,06
1514,730,Alfajores,Afternoon,Weekend,2016,06
1515,730,Pastry,Afternoon,Weekend,2016,06
1516,732,Alfajores,Afternoon,Weekend,2016,06
1517,733,Pastry,Afternoon,Weekend,2016,06
1518,733,Tea,Afternoon,Weekend,2016,06
1519,733,Alfajores,Afternoon,Weekend,2016,06
1520,733,Hearty & Seasonal,Afternoon,Weekend,2016,06
1521,734,Tea,Afternoon,Weekend,2016,06
1522,734,Sandwich,Afternoon,Weekend,2016,06
1523,735,Empanadas,Afternoon,Weekend,2016,06
1524,735,Tea,Afternoon,Weekend,2016,06
1525,736,Alfajores,Afternoon,Weekend,2016,06
1526,736,Alfajores,Afternoon,Weekend,2016,06
1527,736,Tea,Afternoon,Weekend,2016,06
1528,737,Alfajores,Evening,Weekend,2016,06
1529,738,Pastry,Evening,Weekend,2016,06
1530,738,Dulce de Leche,Evening,Weekend,2016,06
1531,739,Coffee,Morning,Weekday,2016,07
1532,739,Pastry,Morning,Weekday,2016,07
1533,740,Farm House,Morning,Weekday,2016,07
1534,740,Coffee,Morning,Weekday,2016,07
1535,741,Bread,Morning,Weekday,2016,07
1536,741,Scandinavian,Morning,Weekday,2016,07
1537,741,Medialuna,Morning,Weekday,2016,07
1538,742,Bread,Morning,Weekday,2016,07
1539,743,Pastry,Morning,Weekday,2016,07
1540,743,Tea,Morning,Weekday,2016,07
1541,743,Alfajores,Morning,Weekday,2016,07
1542,744,Pastry,Morning,Weekday,2016,07
1543,744,Coffee,Morning,Weekday,2016,07
1544,745,Bread,Morning,Weekday,2016,07
1545,745,Pastry,Morning,Weekday,2016,07
1546,745,Muffin,Morning,Weekday,2016,07
1547,745,Farm House,Morning,Weekday,2016,07
1548,746,Medialuna,Morning,Weekday,2016,07
1549,746,Tea,Morning,Weekday,2016,07
1550,747,Alfajores,Morning,Weekday,2016,07
1551,748,Sandwich,Morning,Weekday,2016,07
1552,748,Tea,Morning,Weekday,2016,07
1553,749,Tea,Morning,Weekday,2016,07
1554,749,Bread,Morning,Weekday,2016,07
1555,750,Bread,Morning,Weekday,2016,07
1556,750,Coffee,Morning,Weekday,2016,07
1557,750,Pastry,Morning,Weekday,2016,07
1558,751,Coffee,Morning,Weekday,2016,07
1559,751,Coffee,Morning,Weekday,2016,07
1560,751,Muffin,Morning,Weekday,2016,07
1561,751,Alfajores,Morning,Weekday,2016,07
1562,751,Empanadas,Morning,Weekday,2016,07
1563,752,Coffee,Morning,Weekday,2016,07
1564,753,Bread,Morning,Weekday,2016,07
1565,754,Coffee,Morning,Weekday,2016,07
1566,755,Coffee,Morning,Weekday,2016,07
1567,756,Bread,Morning,Weekday,2016,07
1568,757,Bread,Morning,Weekday,2016,07
1569,757,Pastry,Morning,Weekday,2016,07
1570,757,Medialuna,Morning,Weekday,2016,07
1571,757,Tea,Morning,Weekday,2016,07
1572,758,Tea,Morning,Weekday,2016,07
1573,758,Bread,Morning,Weekday,2016,07
1574,759,Muffin,Morning,Weekday,2016,07
1575,760,Coffee,Morning,Weekday,2016,07
1576,760,Muffin,Morning,Weekday,2016,07
1577,761,Coffee,Morning,Weekday,2016,07
1578,761,Bread,Morning,Weekday,2016,07
1579,761,Pastry,Morning,Weekday,2016,07
1580,761,Medialuna,Morning,Weekday,2016,07
1581,762,Coffee,Morning,Weekday,2016,07
1582,762,Coffee,Morning,Weekday,2016,07
1583,762,Muffin,Morning,Weekday,2016,07
1584,763,Muffin,Morning,Weekday,2016,07
1585,763,Hot chocolate,Morning,Weekday,2016,07
1586,763,Scandinavian,Morning,Weekday,2016,07
1587,763,Bread,Morning,Weekday,2016,07
1588,764,Farm House,Morning,Weekday,2016,07
1589,765,Muffin,Morning,Weekday,2016,07
1590,766,Coffee,Morning,Weekday,2016,07
1591,767,Bread,Morning,Weekday,2016,07
1592,768,Coffee,Morning,Weekday,2016,07
1593,768,Coffee,Morning,Weekday,2016,07
1594,768,Cookies,Morning,Weekday,2016,07
1595,769,Coffee,Morning,Weekday,2016,07
1596,769,Coffee,Morning,Weekday,2016,07
1597,770,Muffin,Morning,Weekday,2016,07
1598,771,Coffee,Morning,Weekday,2016,07
1599,771,Tea,Morning,Weekday,2016,07
1600,771,Keeping It Local,Morning,Weekday,2016,07
1601,772,Coffee,Morning,Weekday,2016,07
1602,772,Medialuna,Morning,Weekday,2016,07
1603,773,Bread,Morning,Weekday,2016,07
1604,774,Tartine,Morning,Weekday,2016,07
1605,774,Scandinavian,Morning,Weekday,2016,07
1606,775,Coffee,Afternoon,Weekday,2016,07
1607,775,Tea,Afternoon,Weekday,2016,07
1608,776,Bread,Afternoon,Weekday,2016,07
1609,777,Coffee,Afternoon,Weekday,2016,07
1610,777,Coke,Afternoon,Weekday,2016,07
1611,778,Coffee,Afternoon,Weekday,2016,07
1612,778,Muffin,Afternoon,Weekday,2016,07
1613,779,Coffee,Afternoon,Weekday,2016,07
1614,779,Bread,Afternoon,Weekday,2016,07
1615,779,Coffee,Afternoon,Weekday,2016,07
1616,779,Medialuna,Afternoon,Weekday,2016,07
1617,779,Muffin,Afternoon,Weekday,2016,07
1618,779,Scandinavian,Afternoon,Weekday,2016,07
1619,780,Bread,Afternoon,Weekday,2016,07
1620,781,Coke,Afternoon,Weekday,2016,07
1621,782,Bread,Afternoon,Weekday,2016,07
1622,782,Scandinavian,Afternoon,Weekday,2016,07
1623,783,Coffee,Afternoon,Weekday,2016,07
1624,784,Bread,Afternoon,Weekday,2016,07
1625,785,Scandinavian,Afternoon,Weekday,2016,07
1626,785,Bread,Afternoon,Weekday,2016,07
1627,786,Fudge,Afternoon,Weekday,2016,07
1628,786,Fudge,Afternoon,Weekday,2016,07
1629,787,Soup,Afternoon,Weekday,2016,07
1630,787,Hearty & Seasonal,Afternoon,Weekday,2016,07
1631,787,Coffee,Afternoon,Weekday,2016,07
1632,788,Coke,Afternoon,Weekday,2016,07
1633,789,Coffee,Afternoon,Weekday,2016,07
1634,789,Cookies,Afternoon,Weekday,2016,07
1635,789,Tea,Afternoon,Weekday,2016,07
1636,790,Pastry,Afternoon,Weekday,2016,07
1637,790,Tea,Afternoon,Weekday,2016,07
1638,790,Coffee,Afternoon,Weekday,2016,07
1639,791,Bread,Afternoon,Weekday,2016,07
1640,792,Coffee,Afternoon,Weekday,2016,07
1641,792,Medialuna,Afternoon,Weekday,2016,07
1642,793,Coffee,Afternoon,Weekday,2016,07
1643,793,Coffee,Afternoon,Weekday,2016,07
1644,793,Muffin,Afternoon,Weekday,2016,07
1645,793,Sandwich,Afternoon,Weekday,2016,07
1646,793,Soup,Afternoon,Weekday,2016,07
1647,794,Tea,Afternoon,Weekday,2016,07
1648,794,Coffee,Afternoon,Weekday,2016,07
1649,794,Muffin,Afternoon,Weekday,2016,07
1650,795,Alfajores,Afternoon,Weekday,2016,07
1651,796,Bread,Afternoon,Weekday,2016,07
1652,797,Coffee,Afternoon,Weekday,2016,07
1653,797,Medialuna,Afternoon,Weekday,2016,07
1654,798,Coffee,Afternoon,Weekday,2016,07
1655,799,Coffee,Afternoon,Weekday,2016,07
1656,800,Medialuna,Afternoon,Weekday,2016,07
1657,802,Empanadas,Afternoon,Weekday,2016,07
1658,802,Bread,Afternoon,Weekday,2016,07
1659,802,Scandinavian,Afternoon,Weekday,2016,07
1660,803,Coffee,Afternoon,Weekday,2016,07
1661,803,Tartine,Afternoon,Weekday,2016,07
1662,804,Tea,Afternoon,Weekday,2016,07
1663,805,Scandinavian,Afternoon,Weekday,2016,07
1664,806,Muffin,Afternoon,Weekday,2016,07
1665,807,Scandinavian,Afternoon,Weekday,2016,07
1666,807,Bread,Afternoon,Weekday,2016,07
1667,808,Bread,Afternoon,Weekday,2016,07
1668,809,Coffee,Afternoon,Weekday,2016,07
1669,810,Bread,Afternoon,Weekday,2016,07
1670,811,Bread,Afternoon,Weekday,2016,07
1671,812,Coffee,Evening,Weekday,2016,07
1672,812,Coffee,Evening,Weekday,2016,07
1673,813,Cookies,Evening,Weekday,2016,07
1674,813,Scandinavian,Evening,Weekday,2016,07
1675,814,Coffee,Evening,Weekday,2016,07
1676,814,Bread,Evening,Weekday,2016,07
1677,814,Empanadas,Evening,Weekday,2016,07
1678,814,Medialuna,Evening,Weekday,2016,07
1679,815,Coffee,Morning,Weekday,2016,08
1680,815,Pastry,Morning,Weekday,2016,08
1681,816,Bread,Morning,Weekday,2016,08
1682,817,Pastry,Morning,Weekday,2016,08
1683,817,Tea,Morning,Weekday,2016,08
1684,818,Coffee,Morning,Weekday,2016,08
1685,818,Coffee,Morning,Weekday,2016,08
1686,818,Pastry,Morning,Weekday,2016,08
1687,819,Coffee,Morning,Weekday,2016,08
1688,819,Bread,Morning,Weekday,2016,08
1689,820,Coffee,Morning,Weekday,2016,08
1690,820,Keeping It Local,Morning,Weekday,2016,08
1691,821,Fudge,Morning,Weekday,2016,08
1692,822,Tartine,Morning,Weekday,2016,08
1693,822,Coffee,Morning,Weekday,2016,08
1694,822,Coffee,Morning,Weekday,2016,08
1695,824,Hot chocolate,Morning,Weekday,2016,08
1696,824,Coffee,Morning,Weekday,2016,08
1697,824,Pastry,Morning,Weekday,2016,08
1698,824,Medialuna,Morning,Weekday,2016,08
1699,825,Alfajores,Morning,Weekday,2016,08
1700,825,Coffee,Morning,Weekday,2016,08
1701,826,Coffee,Morning,Weekday,2016,08
1702,828,Coffee,Morning,Weekday,2016,08
1703,828,Coffee,Morning,Weekday,2016,08
1704,828,Medialuna,Morning,Weekday,2016,08
1705,829,Coke,Morning,Weekday,2016,08
1706,830,Coffee,Morning,Weekday,2016,08
1707,830,Coffee,Morning,Weekday,2016,08
1708,830,Alfajores,Morning,Weekday,2016,08
1709,831,Muffin,Morning,Weekday,2016,08
1710,832,Farm House,Morning,Weekday,2016,08
1711,832,Brownie,Morning,Weekday,2016,08
1712,832,Fudge,Morning,Weekday,2016,08
1713,833,Coffee,Morning,Weekday,2016,08
1714,833,Coffee,Morning,Weekday,2016,08
1715,834,Tea,Morning,Weekday,2016,08
1716,834,Muffin,Morning,Weekday,2016,08
1717,834,Farm House,Morning,Weekday,2016,08
1718,835,Coffee,Morning,Weekday,2016,08
1719,835,Pastry,Morning,Weekday,2016,08
1720,836,Pastry,Morning,Weekday,2016,08
1721,836,Brownie,Morning,Weekday,2016,08
1722,837,Medialuna,Morning,Weekday,2016,08
1723,838,Coffee,Morning,Weekday,2016,08
1724,839,Pastry,Morning,Weekday,2016,08
1725,839,Coffee,Morning,Weekday,2016,08
1726,839,Juice,Morning,Weekday,2016,08
1727,840,Coffee,Morning,Weekday,2016,08
1728,840,Bread,Morning,Weekday,2016,08
1729,841,Tea,Morning,Weekday,2016,08
1730,841,Coffee,Morning,Weekday,2016,08
1731,842,Tea,Morning,Weekday,2016,08
1732,842,Alfajores,Morning,Weekday,2016,08
1733,843,Alfajores,Morning,Weekday,2016,08
1734,843,Coffee,Morning,Weekday,2016,08
1735,844,Scandinavian,Morning,Weekday,2016,08
1736,845,Pastry,Afternoon,Weekday,2016,08
1737,845,Medialuna,Afternoon,Weekday,2016,08
1738,846,Brownie,Afternoon,Weekday,2016,08
1739,847,Farm House,Afternoon,Weekday,2016,08
1740,848,Coffee,Afternoon,Weekday,2016,08
1741,848,Cookies,Afternoon,Weekday,2016,08
1742,849,Soup,Afternoon,Weekday,2016,08
1743,850,Art Tray,Afternoon,Weekday,2016,08
1744,850,Coffee,Afternoon,Weekday,2016,08
1745,850,Coffee,Afternoon,Weekday,2016,08
1746,850,Brownie,Afternoon,Weekday,2016,08
1747,851,Coffee,Afternoon,Weekday,2016,08
1748,852,Farm House,Afternoon,Weekday,2016,08
1749,853,Soup,Afternoon,Weekday,2016,08
1750,853,Art Tray,Afternoon,Weekday,2016,08
1751,853,Alfajores,Afternoon,Weekday,2016,08
1752,853,Frittata,Afternoon,Weekday,2016,08
1753,854,Sandwich,Afternoon,Weekday,2016,08
1754,854,Coffee,Afternoon,Weekday,2016,08
1755,855,Tea,Afternoon,Weekday,2016,08
1756,856,Farm House,Afternoon,Weekday,2016,08
1757,857,Scandinavian,Afternoon,Weekday,2016,08
1758,857,Muffin,Afternoon,Weekday,2016,08
1759,858,Farm House,Afternoon,Weekday,2016,08
1760,859,Scandinavian,Afternoon,Weekday,2016,08
1761,860,Soup,Afternoon,Weekday,2016,08
1762,861,Hearty & Seasonal,Afternoon,Weekday,2016,08
1763,861,Tea,Afternoon,Weekday,2016,08
1764,861,Bread,Afternoon,Weekday,2016,08
1765,862,Hot chocolate,Afternoon,Weekday,2016,08
1766,863,Coffee,Afternoon,Weekday,2016,08
1767,863,Sandwich,Afternoon,Weekday,2016,08
1768,863,Hearty & Seasonal,Afternoon,Weekday,2016,08
1769,864,Brownie,Afternoon,Weekday,2016,08
1770,864,Hearty & Seasonal,Afternoon,Weekday,2016,08
1771,864,Sandwich,Afternoon,Weekday,2016,08
1772,864,Coffee,Afternoon,Weekday,2016,08
1773,865,Medialuna,Afternoon,Weekday,2016,08
1774,865,Coffee,Afternoon,Weekday,2016,08
1775,866,Coffee,Afternoon,Weekday,2016,08
1776,866,Brownie,Afternoon,Weekday,2016,08
1777,866,Soup,Afternoon,Weekday,2016,08
1778,867,Sandwich,Afternoon,Weekday,2016,08
1779,867,Sandwich,Afternoon,Weekday,2016,08
1780,867,Alfajores,Afternoon,Weekday,2016,08
1781,867,Alfajores,Afternoon,Weekday,2016,08
1782,867,Focaccia,Afternoon,Weekday,2016,08
1783,868,Farm House,Afternoon,Weekday,2016,08
1784,868,Tartine,Afternoon,Weekday,2016,08
1785,869,Bread,Afternoon,Weekday,2016,08
1786,870,Coffee,Afternoon,Weekday,2016,08
1787,871,Hot chocolate,Afternoon,Weekday,2016,08
1788,871,Tea,Afternoon,Weekday,2016,08
1789,871,Muffin,Afternoon,Weekday,2016,08
1790,872,Pastry,Afternoon,Weekday,2016,08
1791,873,Coffee,Afternoon,Weekday,2016,08
1792,873,Brownie,Afternoon,Weekday,2016,08
1793,873,Hearty & Seasonal,Afternoon,Weekday,2016,08
1794,873,Soup,Afternoon,Weekday,2016,08
1795,873,Bowl Nic Pitt,Afternoon,Weekday,2016,08
1796,874,Coffee,Afternoon,Weekday,2016,08
1797,875,Alfajores,Afternoon,Weekday,2016,08
1798,875,Medialuna,Afternoon,Weekday,2016,08
1799,875,Scandinavian,Afternoon,Weekday,2016,08
1800,875,Farm House,Afternoon,Weekday,2016,08
1801,876,Soup,Afternoon,Weekday,2016,08
1802,876,Coffee,Afternoon,Weekday,2016,08
1803,877,Tea,Afternoon,Weekday,2016,08
1804,877,Tea,Afternoon,Weekday,2016,08
1805,878,Coffee,Afternoon,Weekday,2016,08
1806,878,Tea,Afternoon,Weekday,2016,08
1807,878,Cookies,Afternoon,Weekday,2016,08
1808,879,Tea,Afternoon,Weekday,2016,08
1809,879,Muffin,Afternoon,Weekday,2016,08
1810,880,Coffee,Afternoon,Weekday,2016,08
1811,880,Coffee,Afternoon,Weekday,2016,08
1812,880,Brownie,Afternoon,Weekday,2016,08
1813,881,Coffee,Afternoon,Weekday,2016,08
1814,882,Coffee,Afternoon,Weekday,2016,08
1815,883,Coffee,Afternoon,Weekday,2016,08
1816,884,Farm House,Afternoon,Weekday,2016,08
1817,885,Coffee,Afternoon,Weekday,2016,08
1818,885,Bread Pudding,Afternoon,Weekday,2016,08
1819,886,Coffee,Evening,Weekday,2016,08
1820,886,Medialuna,Evening,Weekday,2016,08
1821,887,Hot chocolate,Evening,Weekday,2016,08
1822,888,Coffee,Evening,Weekday,2016,08
1823,888,Hot chocolate,Evening,Weekday,2016,08
1824,888,Farm House,Evening,Weekday,2016,08
1825,889,Pastry,Morning,Weekday,2016,09
1826,889,Coffee,Morning,Weekday,2016,09
1827,890,Bread,Morning,Weekday,2016,09
1828,891,Pastry,Morning,Weekday,2016,09
1829,891,Coffee,Morning,Weekday,2016,09
1830,892,Coffee,Morning,Weekday,2016,09
1831,892,Coffee,Morning,Weekday,2016,09
1832,893,Coffee,Morning,Weekday,2016,09
1833,893,Pastry,Morning,Weekday,2016,09
1834,894,Farm House,Morning,Weekday,2016,09
1835,895,Bread,Morning,Weekday,2016,09
1836,896,Coffee,Morning,Weekday,2016,09
1837,896,Hot chocolate,Morning,Weekday,2016,09
1838,897,Bread,Morning,Weekday,2016,09
1839,898,Coffee,Morning,Weekday,2016,09
1840,898,Focaccia,Morning,Weekday,2016,09
1841,898,Coffee,Morning,Weekday,2016,09
1842,898,Medialuna,Morning,Weekday,2016,09
1843,898,Bread,Morning,Weekday,2016,09
1844,899,Coffee,Morning,Weekday,2016,09
1845,900,Bread,Morning,Weekday,2016,09
1846,900,Keeping It Local,Morning,Weekday,2016,09
1847,901,Bread,Morning,Weekday,2016,09
1848,901,Coffee,Morning,Weekday,2016,09
1849,902,Bread,Morning,Weekday,2016,09
1850,903,Bread,Morning,Weekday,2016,09
1851,903,Medialuna,Morning,Weekday,2016,09
1852,904,Coffee,Morning,Weekday,2016,09
1853,905,Coffee,Morning,Weekday,2016,09
1854,905,Coffee,Morning,Weekday,2016,09
1855,905,Medialuna,Morning,Weekday,2016,09
1856,906,Coffee,Morning,Weekday,2016,09
1857,906,Cookies,Morning,Weekday,2016,09
1858,906,Tartine,Morning,Weekday,2016,09
1859,907,Tea,Morning,Weekday,2016,09
1860,907,Bread,Morning,Weekday,2016,09
1861,908,Bread,Morning,Weekday,2016,09
1862,908,Keeping It Local,Morning,Weekday,2016,09
1863,908,Coffee,Morning,Weekday,2016,09
1864,909,Coffee,Afternoon,Weekday,2016,09
1865,909,Medialuna,Afternoon,Weekday,2016,09
1866,910,Coffee,Afternoon,Weekday,2016,09
1867,910,Medialuna,Afternoon,Weekday,2016,09
1868,911,Tea,Afternoon,Weekday,2016,09
1869,912,Juice,Afternoon,Weekday,2016,09
1870,912,Coke,Afternoon,Weekday,2016,09
1871,912,Soup,Afternoon,Weekday,2016,09
1872,913,Bread,Afternoon,Weekday,2016,09
1873,914,Brownie,Afternoon,Weekday,2016,09
1874,915,Brownie,Afternoon,Weekday,2016,09
1875,915,Bread,Afternoon,Weekday,2016,09
1876,915,Coffee,Afternoon,Weekday,2016,09
1877,916,Coffee,Afternoon,Weekday,2016,09
1878,916,Pastry,Afternoon,Weekday,2016,09
1879,916,Bread,Afternoon,Weekday,2016,09
1880,916,Hearty & Seasonal,Afternoon,Weekday,2016,09
1881,917,Bread,Afternoon,Weekday,2016,09
1882,917,Coffee,Afternoon,Weekday,2016,09
1883,917,Brownie,Afternoon,Weekday,2016,09
1884,918,Coffee,Afternoon,Weekday,2016,09
1885,919,Bread,Afternoon,Weekday,2016,09
1886,919,Cookies,Afternoon,Weekday,2016,09
1887,920,Fudge,Afternoon,Weekday,2016,09
1888,920,Eggs,Afternoon,Weekday,2016,09
1889,921,Bread,Afternoon,Weekday,2016,09
1890,922,Bread,Afternoon,Weekday,2016,09
1891,922,Muffin,Afternoon,Weekday,2016,09
1892,923,Soup,Afternoon,Weekday,2016,09
1893,924,Coffee,Afternoon,Weekday,2016,09
1894,924,Bread Pudding,Afternoon,Weekday,2016,09
1895,925,Bread,Afternoon,Weekday,2016,09
1896,925,Tartine,Afternoon,Weekday,2016,09
1897,926,Sandwich,Afternoon,Weekday,2016,09
1898,926,Coffee,Afternoon,Weekday,2016,09
1899,926,Fudge,Afternoon,Weekday,2016,09
1900,926,Jam,Afternoon,Weekday,2016,09
1901,926,Bread Pudding,Afternoon,Weekday,2016,09
1902,927,Bread Pudding,Afternoon,Weekday,2016,09
1903,927,Soup,Afternoon,Weekday,2016,09
1904,927,Coffee,Afternoon,Weekday,2016,09
1905,928,Hearty & Seasonal,Afternoon,Weekday,2016,09
1906,928,Bread,Afternoon,Weekday,2016,09
1907,929,Coffee,Afternoon,Weekday,2016,09
1908,929,Coffee,Afternoon,Weekday,2016,09
1909,929,Cookies,Afternoon,Weekday,2016,09
1910,930,Coffee,Afternoon,Weekday,2016,09
1911,931,Bread,Afternoon,Weekday,2016,09
1912,932,Coffee,Afternoon,Weekday,2016,09
1913,932,Bread,Afternoon,Weekday,2016,09
1914,932,Soup,Afternoon,Weekday,2016,09
1915,933,Soup,Afternoon,Weekday,2016,09
1916,933,Tea,Afternoon,Weekday,2016,09
1917,933,Focaccia,Afternoon,Weekday,2016,09
1918,934,Coffee,Afternoon,Weekday,2016,09
1919,934,My-5 Fruit Shoot,Afternoon,Weekday,2016,09
1920,934,Cookies,Afternoon,Weekday,2016,09
1921,935,Coffee,Afternoon,Weekday,2016,09
1922,935,Coffee,Afternoon,Weekday,2016,09
1923,936,Coffee,Evening,Weekday,2016,09
1924,936,Sandwich,Evening,Weekday,2016,09
1925,936,Tea,Evening,Weekday,2016,09
1926,937,Scandinavian,Evening,Weekday,2016,09
1927,938,Adjustment,Evening,Weekday,2016,09
1928,939,Coffee,Morning,Weekday,2016,10
1929,940,Medialuna,Morning,Weekday,2016,10
1930,940,Coffee,Morning,Weekday,2016,10
1931,941,Bread,Morning,Weekday,2016,10
1932,942,Bread,Morning,Weekday,2016,10
1933,943,Coffee,Morning,Weekday,2016,10
1934,943,Pastry,Morning,Weekday,2016,10
1935,944,Farm House,Morning,Weekday,2016,10
1936,945,Medialuna,Morning,Weekday,2016,10
1937,945,Brownie,Morning,Weekday,2016,10
1938,946,Bread,Morning,Weekday,2016,10
1939,946,Pastry,Morning,Weekday,2016,10
1940,946,Brownie,Morning,Weekday,2016,10
1941,947,Pastry,Morning,Weekday,2016,10
1942,947,Bread,Morning,Weekday,2016,10
1943,947,Cookies,Morning,Weekday,2016,10
1944,948,Bread,Morning,Weekday,2016,10
1945,948,Bread,Morning,Weekday,2016,10
1946,949,Cookies,Morning,Weekday,2016,10
1947,949,Pastry,Morning,Weekday,2016,10
1948,949,Coffee,Morning,Weekday,2016,10
1949,949,Juice,Morning,Weekday,2016,10
1950,950,Pastry,Morning,Weekday,2016,10
1951,950,Cookies,Morning,Weekday,2016,10
1952,950,Coffee,Morning,Weekday,2016,10
1953,951,Coffee,Morning,Weekday,2016,10
1954,951,Medialuna,Morning,Weekday,2016,10
1955,952,Bread,Morning,Weekday,2016,10
1956,953,Tartine,Morning,Weekday,2016,10
1957,953,Coffee,Morning,Weekday,2016,10
1958,954,Coffee,Morning,Weekday,2016,10
1959,954,Medialuna,Morning,Weekday,2016,10
1960,955,Bread,Morning,Weekday,2016,10
1961,956,Bread,Morning,Weekday,2016,10
1962,956,Coffee,Morning,Weekday,2016,10
1963,956,Alfajores,Morning,Weekday,2016,10
1964,956,Cookies,Morning,Weekday,2016,10
1965,957,Bread,Morning,Weekday,2016,10
1966,957,Coffee,Morning,Weekday,2016,10
1967,957,Coffee,Morning,Weekday,2016,10
1968,958,Bread,Morning,Weekday,2016,10
1969,959,Bread,Morning,Weekday,2016,10
1970,959,Coffee,Morning,Weekday,2016,10
1971,959,Tea,Morning,Weekday,2016,10
1972,959,Keeping It Local,Morning,Weekday,2016,10
1973,959,Jam,Morning,Weekday,2016,10
1974,959,Cookies,Morning,Weekday,2016,10
1975,960,Pastry,Morning,Weekday,2016,10
1976,960,Coffee,Morning,Weekday,2016,10
1977,960,Juice,Morning,Weekday,2016,10
1978,961,Medialuna,Morning,Weekday,2016,10
1979,961,Bread,Morning,Weekday,2016,10
1980,961,Focaccia,Morning,Weekday,2016,10
1981,962,Pastry,Morning,Weekday,2016,10
1982,962,Medialuna,Morning,Weekday,2016,10
1983,962,Coffee,Morning,Weekday,2016,10
1984,963,Coffee,Morning,Weekday,2016,10
1985,964,Coffee,Morning,Weekday,2016,10
1986,965,Coffee,Morning,Weekday,2016,10
1987,965,Cookies,Morning,Weekday,2016,10
1988,965,Truffles,Morning,Weekday,2016,10
1989,965,Brownie,Morning,Weekday,2016,10
1990,965,Bread,Morning,Weekday,2016,10
1991,966,Art Tray,Morning,Weekday,2016,10
1992,966,Tea,Morning,Weekday,2016,10
1993,967,Bread,Morning,Weekday,2016,10
1994,968,Coffee,Morning,Weekday,2016,10
1995,969,Coffee,Morning,Weekday,2016,10
1996,969,Cookies,Morning,Weekday,2016,10
1997,970,Brownie,Afternoon,Weekday,2016,10
1998,971,Bread,Afternoon,Weekday,2016,10
1999,971,Tea,Afternoon,Weekday,2016,10
2000,971,Empanadas,Afternoon,Weekday,2016,10
2001,972,Bread,Afternoon,Weekday,2016,10
2002,972,Hot chocolate,Afternoon,Weekday,2016,10
2003,973,Coffee,Afternoon,Weekday,2016,10
2004,973,Cookies,Afternoon,Weekday,2016,10
2005,974,Bread,Afternoon,Weekday,2016,10
2006,975,Tartine,Afternoon,Weekday,2016,10
2007,975,Sandwich,Afternoon,Weekday,2016,10
2008,975,Tea,Afternoon,Weekday,2016,10
2009,975,Bread,Afternoon,Weekday,2016,10
2010,976,Soup,Afternoon,Weekday,2016,10
2011,976,Sandwich,Afternoon,Weekday,2016,10
2012,976,Bread,Afternoon,Weekday,2016,10
2013,977,Soup,Afternoon,Weekday,2016,10
2014,977,Bread,Afternoon,Weekday,2016,10
2015,978,Fudge,Afternoon,Weekday,2016,10
2016,979,Coffee,Afternoon,Weekday,2016,10
2017,980,Coffee,Afternoon,Weekday,2016,10
2018,980,Empanadas,Afternoon,Weekday,2016,10
2019,980,Soup,Afternoon,Weekday,2016,10
2020,981,Bread,Afternoon,Weekday,2016,10
2021,981,Coffee,Afternoon,Weekday,2016,10
2022,981,Brownie,Afternoon,Weekday,2016,10
2023,982,Coffee,Afternoon,Weekday,2016,10
2024,982,Smoothies,Afternoon,Weekday,2016,10
2025,982,Juice,Afternoon,Weekday,2016,10
2026,982,Soup,Afternoon,Weekday,2016,10
2027,982,Hearty & Seasonal,Afternoon,Weekday,2016,10
2028,983,Alfajores,Afternoon,Weekday,2016,10
2029,983,Sandwich,Afternoon,Weekday,2016,10
2030,983,Hot chocolate,Afternoon,Weekday,2016,10
2031,983,Coffee,Afternoon,Weekday,2016,10
2032,983,Scandinavian,Afternoon,Weekday,2016,10
2033,983,Cookies,Afternoon,Weekday,2016,10
2034,984,Tea,Afternoon,Weekday,2016,10
2035,984,Coffee,Afternoon,Weekday,2016,10
2036,985,Bread,Afternoon,Weekday,2016,10
2037,985,Cookies,Afternoon,Weekday,2016,10
2038,986,Alfajores,Afternoon,Weekday,2016,10
2039,986,Cookies,Afternoon,Weekday,2016,10
2040,986,Bread,Afternoon,Weekday,2016,10
2041,986,Bread,Afternoon,Weekday,2016,10
2042,987,Tea,Afternoon,Weekday,2016,10
2043,987,Brownie,Afternoon,Weekday,2016,10
2044,988,Tea,Afternoon,Weekday,2016,10
2045,988,Bread,Afternoon,Weekday,2016,10
2046,989,Coffee,Afternoon,Weekday,2016,10
2047,989,Alfajores,Afternoon,Weekday,2016,10
2048,990,Bread,Afternoon,Weekday,2016,10
2049,991,Empanadas,Afternoon,Weekday,2016,10
2050,991,Coffee,Afternoon,Weekday,2016,10
2051,992,Bread,Afternoon,Weekday,2016,10
2052,993,Coffee,Afternoon,Weekday,2016,10
2053,993,Hot chocolate,Afternoon,Weekday,2016,10
2054,994,Coffee,Afternoon,Weekday,2016,10
2055,995,Coffee,Afternoon,Weekday,2016,10
2056,995,Brownie,Afternoon,Weekday,2016,10
2057,996,Tea,Afternoon,Weekday,2016,10
2058,996,Hot chocolate,Afternoon,Weekday,2016,10
2059,996,Brownie,Afternoon,Weekday,2016,10
2060,996,Truffles,Afternoon,Weekday,2016,10
2061,997,Coffee,Afternoon,Weekday,2016,10
2062,997,Keeping It Local,Afternoon,Weekday,2016,10
2063,998,Coffee,Afternoon,Weekday,2016,10
2064,999,Alfajores,Afternoon,Weekday,2016,10
2065,1000,Scandinavian,Afternoon,Weekday,2016,10
2066,1000,Chimichurri Oil,Afternoon,Weekday,2016,10
2067,1001,Bread,Afternoon,Weekday,2016,10
2068,1001,Truffles,Afternoon,Weekday,2016,10
2069,1002,Brownie,Afternoon,Weekday,2016,10
2070,1002,Focaccia,Afternoon,Weekday,2016,10
2071,1003,Coffee,Afternoon,Weekday,2016,10
2072,1003,Bread,Afternoon,Weekday,2016,10
2073,1004,Coffee,Afternoon,Weekday,2016,10
2074,1004,Tea,Afternoon,Weekday,2016,10
2075,1004,Art Tray,Afternoon,Weekday,2016,10
2076,1004,Cookies,Afternoon,Weekday,2016,10
2077,1005,Coffee,Afternoon,Weekday,2016,10
2078,1006,Bread,Afternoon,Weekday,2016,10
2079,1007,Coffee,Evening,Weekday,2016,10
2080,1007,Alfajores,Evening,Weekday,2016,10
2081,1007,Alfajores,Evening,Weekday,2016,10
2082,1007,Coke,Evening,Weekday,2016,10
2083,1008,Bread,Morning,Weekday,2016,11
2084,1009,Bread,Morning,Weekday,2016,11
2085,1010,Bread,Morning,Weekday,2016,11
2086,1010,Pastry,Morning,Weekday,2016,11
2087,1010,Medialuna,Morning,Weekday,2016,11
2088,1010,Coffee,Morning,Weekday,2016,11
2089,1011,Coffee,Morning,Weekday,2016,11
2090,1012,Bread,Morning,Weekday,2016,11
2091,1012,Keeping It Local,Morning,Weekday,2016,11
2092,1013,Bread,Morning,Weekday,2016,11
2093,1014,Coffee,Morning,Weekday,2016,11
2094,1014,Scandinavian,Morning,Weekday,2016,11
2095,1015,Bread,Morning,Weekday,2016,11
2096,1015,Farm House,Morning,Weekday,2016,11
2097,1015,Pastry,Morning,Weekday,2016,11
2098,1015,Medialuna,Morning,Weekday,2016,11
2099,1016,Medialuna,Morning,Weekday,2016,11
2100,1017,Coffee,Morning,Weekday,2016,11
2101,1018,Bread,Morning,Weekday,2016,11
2102,1018,Farm House,Morning,Weekday,2016,11
2103,1019,Bread,Morning,Weekday,2016,11
2104,1020,Keeping It Local,Morning,Weekday,2016,11
2105,1020,Bread,Morning,Weekday,2016,11
2106,1021,Bread,Morning,Weekday,2016,11
2107,1021,Medialuna,Morning,Weekday,2016,11
2108,1022,Tea,Morning,Weekday,2016,11
2109,1023,Coffee,Morning,Weekday,2016,11
2110,1023,Coffee,Morning,Weekday,2016,11
2111,1023,Pastry,Morning,Weekday,2016,11
2112,1023,Keeping It Local,Morning,Weekday,2016,11
2113,1024,Coffee,Morning,Weekday,2016,11
2114,1025,Tea,Morning,Weekday,2016,11
2115,1026,Hot chocolate,Morning,Weekday,2016,11
2116,1027,Tea,Morning,Weekday,2016,11
2117,1027,Sandwich,Morning,Weekday,2016,11
2118,1028,Bread,Morning,Weekday,2016,11
2119,1029,Medialuna,Morning,Weekday,2016,11
2120,1029,Muffin,Morning,Weekday,2016,11
2121,1029,Brownie,Morning,Weekday,2016,11
2122,1030,Coffee,Morning,Weekday,2016,11
2123,1030,Muffin,Morning,Weekday,2016,11
2124,1031,Bread,Morning,Weekday,2016,11
2125,1032,Coffee,Morning,Weekday,2016,11
2126,1032,Medialuna,Morning,Weekday,2016,11
2127,1033,Coffee,Morning,Weekday,2016,11
2128,1034,Coffee,Morning,Weekday,2016,11
2129,1034,Medialuna,Morning,Weekday,2016,11
2130,1035,Coffee,Morning,Weekday,2016,11
2131,1036,Coffee,Morning,Weekday,2016,11
2132,1036,Hot chocolate,Morning,Weekday,2016,11
2133,1036,Brownie,Morning,Weekday,2016,11
2134,1036,Bread,Morning,Weekday,2016,11
2135,1037,Bread,Morning,Weekday,2016,11
2136,1037,Bread,Morning,Weekday,2016,11
2137,1038,Bread,Morning,Weekday,2016,11
2138,1039,Coffee,Morning,Weekday,2016,11
2139,1039,Brownie,Morning,Weekday,2016,11
2140,1040,Ella's Kitchen Pouches,Morning,Weekday,2016,11
2141,1040,Coffee,Morning,Weekday,2016,11
2142,1040,Coffee,Morning,Weekday,2016,11
2143,1040,Medialuna,Morning,Weekday,2016,11
2144,1040,Pastry,Morning,Weekday,2016,11
2145,1041,Jam,Morning,Weekday,2016,11
2146,1042,Bread,Morning,Weekday,2016,11
2147,1043,Ella's Kitchen Pouches,Morning,Weekday,2016,11
2148,1044,Coffee,Morning,Weekday,2016,11
2149,1044,Coffee,Morning,Weekday,2016,11
2150,1044,Muffin,Morning,Weekday,2016,11
2151,1046,Tea,Morning,Weekday,2016,11
2152,1046,Coffee,Morning,Weekday,2016,11
2153,1046,Truffles,Morning,Weekday,2016,11
2154,1047,Coffee,Morning,Weekday,2016,11
2155,1048,Pastry,Morning,Weekday,2016,11
2156,1048,Brownie,Morning,Weekday,2016,11
2157,1049,Brownie,Morning,Weekday,2016,11
2158,1049,Bread,Morning,Weekday,2016,11
2159,1050,Bread,Morning,Weekday,2016,11
2160,1050,Coffee,Morning,Weekday,2016,11
2161,1051,Bread,Morning,Weekday,2016,11
2162,1051,Pastry,Morning,Weekday,2016,11
2163,1052,Alfajores,Morning,Weekday,2016,11
2164,1052,Bread,Morning,Weekday,2016,11
2165,1053,Brownie,Morning,Weekday,2016,11
2166,1053,Muffin,Morning,Weekday,2016,11
2167,1053,Scandinavian,Morning,Weekday,2016,11
2168,1054,Coffee,Morning,Weekday,2016,11
2169,1055,Fudge,Morning,Weekday,2016,11
2170,1056,Tea,Morning,Weekday,2016,11
2171,1056,Brownie,Morning,Weekday,2016,11
2172,1057,Bread,Morning,Weekday,2016,11
2173,1058,Bread,Morning,Weekday,2016,11
2174,1058,Muffin,Morning,Weekday,2016,11
2175,1059,Scandinavian,Morning,Weekday,2016,11
2176,1060,Bread,Morning,Weekday,2016,11
2177,1061,Coffee,Morning,Weekday,2016,11
2178,1062,Bread,Afternoon,Weekday,2016,11
2179,1063,Coffee,Afternoon,Weekday,2016,11
2180,1063,Soup,Afternoon,Weekday,2016,11
2181,1064,Soup,Afternoon,Weekday,2016,11
2182,1065,Coffee,Afternoon,Weekday,2016,11
2183,1065,Bread,Afternoon,Weekday,2016,11
2184,1065,Coffee,Afternoon,Weekday,2016,11
2185,1065,Alfajores,Afternoon,Weekday,2016,11
2186,1065,Alfajores,Afternoon,Weekday,2016,11
2187,1066,Farm House,Afternoon,Weekday,2016,11
2188,1068,Farm House,Afternoon,Weekday,2016,11
2189,1068,Chimichurri Oil,Afternoon,Weekday,2016,11
2190,1069,Farm House,Afternoon,Weekday,2016,11
2191,1070,Sandwich,Afternoon,Weekday,2016,11
2192,1071,Soup,Afternoon,Weekday,2016,11
2193,1071,Bread,Afternoon,Weekday,2016,11
2194,1072,Coffee,Afternoon,Weekday,2016,11
2195,1072,Art Tray,Afternoon,Weekday,2016,11
2196,1072,Frittata,Afternoon,Weekday,2016,11
2197,1072,Sandwich,Afternoon,Weekday,2016,11
2198,1073,Scandinavian,Afternoon,Weekday,2016,11
2199,1073,Fairy Doors,Afternoon,Weekday,2016,11
2200,1074,Mineral water,Afternoon,Weekday,2016,11
2201,1074,Cookies,Afternoon,Weekday,2016,11
2202,1075,Brownie,Afternoon,Weekday,2016,11
2203,1075,Coffee,Afternoon,Weekday,2016,11
2204,1075,Coffee,Afternoon,Weekday,2016,11
2205,1076,Bread,Afternoon,Weekday,2016,11
2206,1076,Hearty & Seasonal,Afternoon,Weekday,2016,11
2207,1077,Hearty & Seasonal,Afternoon,Weekday,2016,11
2208,1077,Bread,Afternoon,Weekday,2016,11
2209,1078,Scandinavian,Afternoon,Weekday,2016,11
2210,1078,Focaccia,Afternoon,Weekday,2016,11
2211,1080,Fudge,Afternoon,Weekday,2016,11
2212,1081,Coffee,Afternoon,Weekday,2016,11
2213,1081,Tea,Afternoon,Weekday,2016,11
2214,1081,Cake,Afternoon,Weekday,2016,11
2215,1082,Coffee,Afternoon,Weekday,2016,11
2216,1083,Truffles,Afternoon,Weekday,2016,11
2217,1084,Coffee,Afternoon,Weekday,2016,11
2218,1084,Coffee,Afternoon,Weekday,2016,11
2219,1084,Brownie,Afternoon,Weekday,2016,11
2220,1085,Scandinavian,Afternoon,Weekday,2016,11
2221,1086,Muffin,Afternoon,Weekday,2016,11
2222,1086,Coffee,Afternoon,Weekday,2016,11
2223,1087,Soup,Afternoon,Weekday,2016,11
2224,1087,Coke,Afternoon,Weekday,2016,11
2225,1087,Hot chocolate,Afternoon,Weekday,2016,11
2226,1087,Fudge,Afternoon,Weekday,2016,11
2227,1088,Sandwich,Afternoon,Weekday,2016,11
2228,1088,Juice,Afternoon,Weekday,2016,11
2229,1088,Alfajores,Afternoon,Weekday,2016,11
2230,1089,Coffee,Afternoon,Weekday,2016,11
2231,1089,Alfajores,Afternoon,Weekday,2016,11
2232,1090,Brownie,Afternoon,Weekday,2016,11
2233,1090,Coffee,Afternoon,Weekday,2016,11
2234,1090,Hot chocolate,Afternoon,Weekday,2016,11
2235,1090,Coffee,Afternoon,Weekday,2016,11
2236,1090,Juice,Afternoon,Weekday,2016,11
2237,1091,Scandinavian,Afternoon,Weekday,2016,11
2238,1092,Coffee,Afternoon,Weekday,2016,11
2239,1093,Hot chocolate,Afternoon,Weekday,2016,11
2240,1093,My-5 Fruit Shoot,Afternoon,Weekday,2016,11
2241,1093,Cake,Afternoon,Weekday,2016,11
2242,1094,Soup,Afternoon,Weekday,2016,11
2243,1094,Sandwich,Afternoon,Weekday,2016,11
2244,1094,Tea,Afternoon,Weekday,2016,11
2245,1094,Alfajores,Afternoon,Weekday,2016,11
2246,1094,Alfajores,Afternoon,Weekday,2016,11
2247,1095,Mineral water,Afternoon,Weekday,2016,11
2248,1096,Bread,Afternoon,Weekday,2016,11
2249,1097,Scandinavian,Evening,Weekday,2016,11
2250,1098,Tea,Evening,Weekday,2016,11
2251,1099,Tea,Evening,Weekday,2016,11
2252,1100,Fudge,Evening,Weekday,2016,11
2253,1101,Scandinavian,Evening,Weekday,2016,11
2254,1102,Coffee,Evening,Weekday,2016,11
2255,1103,Coffee,Evening,Weekday,2016,11
2256,1104,Medialuna,Morning,Weekend,2016,12
2257,1104,Coffee,Morning,Weekend,2016,12
2258,1105,Bread,Morning,Weekend,2016,12
2259,1106,Bread,Morning,Weekend,2016,12
2260,1106,Pastry,Morning,Weekend,2016,12
2261,1106,Medialuna,Morning,Weekend,2016,12
2262,1106,Coffee,Morning,Weekend,2016,12
2263,1107,Pastry,Morning,Weekend,2016,12
2264,1107,Bread,Morning,Weekend,2016,12
2265,1108,Coffee,Morning,Weekend,2016,12
2266,1108,Coffee,Morning,Weekend,2016,12
2267,1108,Hot chocolate,Morning,Weekend,2016,12
2268,1108,Bread,Morning,Weekend,2016,12
2269,1108,Pastry,Morning,Weekend,2016,12
2270,1108,Medialuna,Morning,Weekend,2016,12
2271,1109,Coffee,Morning,Weekend,2016,12
2272,1110,Jam,Morning,Weekend,2016,12
2273,1110,Bread,Morning,Weekend,2016,12
2274,1111,Medialuna,Morning,Weekend,2016,12
2275,1112,Medialuna,Morning,Weekend,2016,12
2276,1112,Medialuna,Morning,Weekend,2016,12
2277,1112,Bread,Morning,Weekend,2016,12
2278,1114,Coffee,Morning,Weekend,2016,12
2279,1115,Coffee,Morning,Weekend,2016,12
2280,1116,Bread,Morning,Weekend,2016,12
2281,1117,Coffee,Morning,Weekend,2016,12
2282,1117,Muffin,Morning,Weekend,2016,12
2283,1118,Medialuna,Morning,Weekend,2016,12
2284,1118,Bread,Morning,Weekend,2016,12
2285,1119,Bread,Morning,Weekend,2016,12
2286,1120,Bread,Morning,Weekend,2016,12
2287,1120,Medialuna,Morning,Weekend,2016,12
2288,1121,Coffee,Morning,Weekend,2016,12
2289,1121,Pastry,Morning,Weekend,2016,12
2290,1121,Brownie,Morning,Weekend,2016,12
2291,1122,Medialuna,Morning,Weekend,2016,12
2292,1122,Scandinavian,Morning,Weekend,2016,12
2293,1123,Bread,Morning,Weekend,2016,12
2294,1124,Coffee,Morning,Weekend,2016,12
2295,1124,Muffin,Morning,Weekend,2016,12
2296,1125,Bread,Morning,Weekend,2016,12
2297,1126,Coffee,Morning,Weekend,2016,12
2298,1127,Medialuna,Morning,Weekend,2016,12
2299,1127,Muffin,Morning,Weekend,2016,12
2300,1128,Bread,Morning,Weekend,2016,12
2301,1129,Coffee,Morning,Weekend,2016,12
2302,1130,Alfajores,Morning,Weekend,2016,12
2303,1130,Bread,Morning,Weekend,2016,12
2304,1130,Scandinavian,Morning,Weekend,2016,12
2305,1131,Coffee,Morning,Weekend,2016,12
2306,1132,Bread,Morning,Weekend,2016,12
2307,1133,Medialuna,Morning,Weekend,2016,12
2308,1134,Coffee,Morning,Weekend,2016,12
2309,1134,Scandinavian,Morning,Weekend,2016,12
2310,1135,Coffee,Morning,Weekend,2016,12
2311,1135,Tea,Morning,Weekend,2016,12
2312,1135,Brownie,Morning,Weekend,2016,12
2313,1135,Truffles,Morning,Weekend,2016,12
2314,1135,Muffin,Morning,Weekend,2016,12
2315,1136,Tartine,Morning,Weekend,2016,12
2316,1136,Coffee,Morning,Weekend,2016,12
2317,1137,Coffee,Morning,Weekend,2016,12
2318,1137,Coffee,Morning,Weekend,2016,12
2319,1138,Alfajores,Morning,Weekend,2016,12
2320,1138,Scandinavian,Morning,Weekend,2016,12
2321,1139,Coffee,Morning,Weekend,2016,12
2322,1139,Medialuna,Morning,Weekend,2016,12
2323,1139,Hot chocolate,Morning,Weekend,2016,12
2324,1140,Coffee,Morning,Weekend,2016,12
2325,1140,Muffin,Morning,Weekend,2016,12
2326,1140,Alfajores,Morning,Weekend,2016,12
2327,1141,Farm House,Morning,Weekend,2016,12
2328,1141,Coffee,Morning,Weekend,2016,12
2329,1141,Coffee,Morning,Weekend,2016,12
2330,1141,Muffin,Morning,Weekend,2016,12
2331,1141,Brownie,Morning,Weekend,2016,12
2332,1142,Bread,Morning,Weekend,2016,12
2333,1142,Coffee,Morning,Weekend,2016,12
2334,1142,Medialuna,Morning,Weekend,2016,12
2335,1142,Farm House,Morning,Weekend,2016,12
2336,1143,Farm House,Morning,Weekend,2016,12
2337,1143,Scandinavian,Morning,Weekend,2016,12
2338,1144,Truffles,Morning,Weekend,2016,12
2339,1144,Bread,Morning,Weekend,2016,12
2340,1144,Coffee,Morning,Weekend,2016,12
2341,1145,Frittata,Afternoon,Weekend,2016,12
2342,1145,Soup,Afternoon,Weekend,2016,12
2343,1145,Coffee,Afternoon,Weekend,2016,12
2344,1145,Coffee,Afternoon,Weekend,2016,12
2345,1146,Scandinavian,Afternoon,Weekend,2016,12
2346,1146,Eggs,Afternoon,Weekend,2016,12
2347,1147,Brownie,Afternoon,Weekend,2016,12
2348,1147,Truffles,Afternoon,Weekend,2016,12
2349,1147,Coffee,Afternoon,Weekend,2016,12
2350,1147,Coffee,Afternoon,Weekend,2016,12
2351,1148,Scandinavian,Afternoon,Weekend,2016,12
2352,1149,Coke,Afternoon,Weekend,2016,12
2353,1150,Sandwich,Afternoon,Weekend,2016,12
2354,1150,Soup,Afternoon,Weekend,2016,12
2355,1150,Coffee,Afternoon,Weekend,2016,12
2356,1150,Alfajores,Afternoon,Weekend,2016,12
2357,1151,Tea,Afternoon,Weekend,2016,12
2358,1151,Juice,Afternoon,Weekend,2016,12
2359,1151,Hearty & Seasonal,Afternoon,Weekend,2016,12
2360,1151,Hearty & Seasonal,Afternoon,Weekend,2016,12
2361,1152,Truffles,Afternoon,Weekend,2016,12
2362,1153,Coffee,Afternoon,Weekend,2016,12
2363,1153,Coffee,Afternoon,Weekend,2016,12
2364,1153,Muffin,Afternoon,Weekend,2016,12
2365,1153,Brownie,Afternoon,Weekend,2016,12
2366,1154,Bread,Afternoon,Weekend,2016,12
2367,1155,Bowl Nic Pitt,Afternoon,Weekend,2016,12
2368,1155,Frittata,Afternoon,Weekend,2016,12
2369,1155,Muffin,Afternoon,Weekend,2016,12
2370,1155,Coffee,Afternoon,Weekend,2016,12
2371,1156,Soup,Afternoon,Weekend,2016,12
2372,1156,Frittata,Afternoon,Weekend,2016,12
2373,1156,Brownie,Afternoon,Weekend,2016,12
2374,1156,Coffee,Afternoon,Weekend,2016,12
2375,1156,Tea,Afternoon,Weekend,2016,12
2376,1157,Hot chocolate,Afternoon,Weekend,2016,12
2377,1157,Coffee,Afternoon,Weekend,2016,12
2378,1157,Muffin,Afternoon,Weekend,2016,12
2379,1157,Alfajores,Afternoon,Weekend,2016,12
2380,1158,Scandinavian,Afternoon,Weekend,2016,12
2381,1158,Keeping It Local,Afternoon,Weekend,2016,12
2382,1158,Tea,Afternoon,Weekend,2016,12
2383,1158,Coffee,Afternoon,Weekend,2016,12
2384,1158,Alfajores,Afternoon,Weekend,2016,12
2385,1159,Bread,Afternoon,Weekend,2016,12
2386,1160,Fudge,Afternoon,Weekend,2016,12
2387,1161,Farm House,Afternoon,Weekend,2016,12
2388,1162,Farm House,Afternoon,Weekend,2016,12
2389,1163,Coffee,Afternoon,Weekend,2016,12
2390,1163,Coffee,Afternoon,Weekend,2016,12
2391,1163,Brownie,Afternoon,Weekend,2016,12
2392,1163,Muffin,Afternoon,Weekend,2016,12
2393,1164,Soup,Afternoon,Weekend,2016,12
2394,1164,Coffee,Afternoon,Weekend,2016,12
2395,1164,Bread,Afternoon,Weekend,2016,12
2396,1165,Frittata,Afternoon,Weekend,2016,12
2397,1165,Bread,Afternoon,Weekend,2016,12
2398,1165,Muffin,Afternoon,Weekend,2016,12
2399,1166,Farm House,Afternoon,Weekend,2016,12
2400,1166,Bread,Afternoon,Weekend,2016,12
2401,1166,Muffin,Afternoon,Weekend,2016,12
2402,1167,Bread,Afternoon,Weekend,2016,12
2403,1168,Bread,Afternoon,Weekend,2016,12
2404,1168,Coffee,Afternoon,Weekend,2016,12
2405,1168,Bread,Afternoon,Weekend,2016,12
2406,1169,Farm House,Afternoon,Weekend,2016,12
2407,1170,Bread,Afternoon,Weekend,2016,12
2408,1170,Coffee,Afternoon,Weekend,2016,12
2409,1170,Muffin,Afternoon,Weekend,2016,12
2410,1170,Cookies,Afternoon,Weekend,2016,12
2411,1171,Hot chocolate,Afternoon,Weekend,2016,12
2412,1171,Coffee,Afternoon,Weekend,2016,12
2413,1172,Muffin,Afternoon,Weekend,2016,12
2414,1172,Jam,Afternoon,Weekend,2016,12
2415,1173,Coffee,Afternoon,Weekend,2016,12
2416,1173,Hot chocolate,Afternoon,Weekend,2016,12
2417,1173,Tea,Afternoon,Weekend,2016,12
2418,1174,Coffee,Afternoon,Weekend,2016,12
2419,1174,Coffee,Afternoon,Weekend,2016,12
2420,1174,Alfajores,Afternoon,Weekend,2016,12
2421,1175,Tea,Afternoon,Weekend,2016,12
2422,1175,Hearty & Seasonal,Afternoon,Weekend,2016,12
2423,1175,Farm House,Afternoon,Weekend,2016,12
2424,1176,Bread,Afternoon,Weekend,2016,12
2425,1176,Coffee,Afternoon,Weekend,2016,12
2426,1176,Alfajores,Afternoon,Weekend,2016,12
2427,1176,Cookies,Afternoon,Weekend,2016,12
2428,1177,Hearty & Seasonal,Afternoon,Weekend,2016,12
2429,1177,Sandwich,Afternoon,Weekend,2016,12
2430,1177,Bread,Afternoon,Weekend,2016,12
2431,1177,Muffin,Afternoon,Weekend,2016,12
2432,1177,Brownie,Afternoon,Weekend,2016,12
2433,1178,Coffee,Afternoon,Weekend,2016,12
2434,1178,Truffles,Afternoon,Weekend,2016,12
2435,1178,Brownie,Afternoon,Weekend,2016,12
2436,1178,Alfajores,Afternoon,Weekend,2016,12
2437,1179,Coffee,Afternoon,Weekend,2016,12
2438,1179,Tea,Afternoon,Weekend,2016,12
2439,1179,Bread,Afternoon,Weekend,2016,12
2440,1180,Tea,Afternoon,Weekend,2016,12
2441,1180,Coffee,Afternoon,Weekend,2016,12
2442,1180,Muffin,Afternoon,Weekend,2016,12
2443,1180,Keeping It Local,Afternoon,Weekend,2016,12
2444,1181,Coffee,Afternoon,Weekend,2016,12
2445,1181,Alfajores,Afternoon,Weekend,2016,12
2446,1182,Bread,Afternoon,Weekend,2016,12
2447,1183,Tea,Afternoon,Weekend,2016,12
2448,1183,Hot chocolate,Afternoon,Weekend,2016,12
2449,1183,Alfajores,Afternoon,Weekend,2016,12
2450,1184,Bread,Afternoon,Weekend,2016,12
2451,1185,Alfajores,Afternoon,Weekend,2016,12
2452,1185,Truffles,Afternoon,Weekend,2016,12
2453,1186,Bread,Afternoon,Weekend,2016,12
2454,1187,Bread,Afternoon,Weekend,2016,12
2455,1187,Brownie,Afternoon,Weekend,2016,12
2456,1187,Muffin,Afternoon,Weekend,2016,12
2457,1188,Coffee,Afternoon,Weekend,2016,12
2458,1188,Brownie,Afternoon,Weekend,2016,12
2459,1188,Coffee,Afternoon,Weekend,2016,12
2460,1189,Bread,Afternoon,Weekend,2016,12
2461,1189,Bread,Afternoon,Weekend,2016,12
2462,1190,Bread,Afternoon,Weekend,2016,12
2463,1190,Alfajores,Afternoon,Weekend,2016,12
2464,1190,Muffin,Afternoon,Weekend,2016,12
2465,1191,Truffles,Afternoon,Weekend,2016,12
2466,1191,Frittata,Afternoon,Weekend,2016,12
2467,1192,Coffee,Afternoon,Weekend,2016,12
2468,1193,Bread,Afternoon,Weekend,2016,12
2469,1194,Coffee,Afternoon,Weekend,2016,12
2470,1194,Muffin,Afternoon,Weekend,2016,12
2471,1195,Muffin,Afternoon,Weekend,2016,12
2472,1196,Juice,Afternoon,Weekend,2016,12
2473,1197,Coffee,Afternoon,Weekend,2016,12
2474,1198,Muffin,Afternoon,Weekend,2016,12
2475,1199,Bread,Afternoon,Weekend,2016,12
2476,1200,Coffee,Afternoon,Weekend,2016,12
2477,1201,Tartine,Morning,Weekend,2016,11
2478,1201,Coffee,Morning,Weekend,2016,11
2479,1201,Tea,Morning,Weekend,2016,11
2480,1202,Coffee,Morning,Weekend,2016,11
2481,1203,Coffee,Morning,Weekend,2016,11
2482,1203,Tea,Morning,Weekend,2016,11
2483,1204,Medialuna,Morning,Weekend,2016,11
2484,1204,Coffee,Morning,Weekend,2016,11
2485,1205,Medialuna,Morning,Weekend,2016,11
2486,1205,Bread,Morning,Weekend,2016,11
2487,1205,Coffee,Morning,Weekend,2016,11
2488,1205,Pastry,Morning,Weekend,2016,11
2489,1205,Farm House,Morning,Weekend,2016,11
2490,1206,Bread,Morning,Weekend,2016,11
2491,1206,Pastry,Morning,Weekend,2016,11
2492,1206,Bread,Morning,Weekend,2016,11
2493,1207,Medialuna,Morning,Weekend,2016,11
2494,1207,Coffee,Morning,Weekend,2016,11
2495,1207,Bread,Morning,Weekend,2016,11
2496,1208,Pastry,Morning,Weekend,2016,11
2497,1209,Bread,Morning,Weekend,2016,11
2498,1210,Medialuna,Morning,Weekend,2016,11
2499,1210,Pastry,Morning,Weekend,2016,11
2500,1210,Bread,Morning,Weekend,2016,11
2501,1211,Coffee,Morning,Weekend,2016,11
2502,1211,Keeping It Local,Morning,Weekend,2016,11
2503,1212,Bread,Morning,Weekend,2016,11
2504,1212,Farm House,Morning,Weekend,2016,11
2505,1212,Jam,Morning,Weekend,2016,11
2506,1212,Pastry,Morning,Weekend,2016,11
2507,1213,Bread,Morning,Weekend,2016,11
2508,1214,Coffee,Morning,Weekend,2016,11
2509,1214,Medialuna,Morning,Weekend,2016,11
2510,1215,Coffee,Morning,Weekend,2016,11
2511,1216,Tea,Morning,Weekend,2016,11
2512,1216,Bread,Morning,Weekend,2016,11
2513,1217,Bread,Morning,Weekend,2016,11
2514,1217,Pastry,Morning,Weekend,2016,11
2515,1218,Hearty & Seasonal,Morning,Weekend,2016,11
2516,1219,Scandinavian,Morning,Weekend,2016,11
2517,1220,Coffee,Morning,Weekend,2016,11
2518,1220,Hot chocolate,Morning,Weekend,2016,11
2519,1220,Pastry,Morning,Weekend,2016,11
2520,1221,Bread,Morning,Weekend,2016,11
2521,1221,Muffin,Morning,Weekend,2016,11
2522,1222,Coffee,Morning,Weekend,2016,11
2523,1222,Keeping It Local,Morning,Weekend,2016,11
2524,1223,Bread,Morning,Weekend,2016,11
2525,1223,Coffee,Morning,Weekend,2016,11
2526,1223,Medialuna,Morning,Weekend,2016,11
2527,1224,Coffee,Morning,Weekend,2016,11
2528,1224,Pastry,Morning,Weekend,2016,11
2529,1224,Bread,Morning,Weekend,2016,11
2530,1225,Medialuna,Morning,Weekend,2016,11
2531,1226,Brownie,Morning,Weekend,2016,11
2532,1227,Muffin,Morning,Weekend,2016,11
2533,1228,Hearty & Seasonal,Morning,Weekend,2016,11
2534,1229,Coffee,Morning,Weekend,2016,11
2535,1229,Bread,Morning,Weekend,2016,11
2536,1230,Coffee,Morning,Weekend,2016,11
2537,1230,Alfajores,Morning,Weekend,2016,11
2538,1231,Coffee,Morning,Weekend,2016,11
2539,1231,Coffee,Morning,Weekend,2016,11
2540,1231,Keeping It Local,Morning,Weekend,2016,11
2541,1231,Bread,Morning,Weekend,2016,11
2542,1232,Bread,Morning,Weekend,2016,11
2543,1233,Coffee,Morning,Weekend,2016,11
2544,1234,Coffee,Morning,Weekend,2016,11
2545,1234,Coffee,Morning,Weekend,2016,11
2546,1234,Hot chocolate,Morning,Weekend,2016,11
2547,1234,Medialuna,Morning,Weekend,2016,11
2548,1235,Brownie,Morning,Weekend,2016,11
2549,1235,Bread,Morning,Weekend,2016,11
2550,1236,Bread,Morning,Weekend,2016,11
2551,1237,Sandwich,Morning,Weekend,2016,11
2552,1237,Coffee,Morning,Weekend,2016,11
2553,1237,Coffee,Morning,Weekend,2016,11
2554,1238,Bread,Morning,Weekend,2016,11
2555,1238,Bread,Morning,Weekend,2016,11
2556,1238,Brownie,Morning,Weekend,2016,11
2557,1239,Brownie,Afternoon,Weekend,2016,11
2558,1239,Coffee,Afternoon,Weekend,2016,11
2559,1239,Bread,Afternoon,Weekend,2016,11
2560,1240,Sandwich,Afternoon,Weekend,2016,11
2561,1240,Brownie,Afternoon,Weekend,2016,11
2562,1240,Hot chocolate,Afternoon,Weekend,2016,11
2563,1240,Coffee,Afternoon,Weekend,2016,11
2564,1241,Coffee,Afternoon,Weekend,2016,11
2565,1242,Bread,Afternoon,Weekend,2016,11
2566,1242,Mineral water,Afternoon,Weekend,2016,11
2567,1243,Coffee,Afternoon,Weekend,2016,11
2568,1243,Coffee,Afternoon,Weekend,2016,11
2569,1244,Bread,Afternoon,Weekend,2016,11
2570,1245,Bread,Afternoon,Weekend,2016,11
2571,1246,Coffee,Afternoon,Weekend,2016,11
2572,1247,Bread,Afternoon,Weekend,2016,11
2573,1248,Bacon,Afternoon,Weekend,2016,11
2574,1248,Art Tray,Afternoon,Weekend,2016,11
2575,1248,Coffee,Afternoon,Weekend,2016,11
2576,1248,Coffee,Afternoon,Weekend,2016,11
2577,1248,Juice,Afternoon,Weekend,2016,11
2578,1249,Bread,Afternoon,Weekend,2016,11
2579,1250,Coffee,Afternoon,Weekend,2016,11
2580,1251,Hearty & Seasonal,Afternoon,Weekend,2016,11
2581,1251,Coffee,Afternoon,Weekend,2016,11
2582,1251,Tea,Afternoon,Weekend,2016,11
2583,1252,Brownie,Afternoon,Weekend,2016,11
2584,1252,Medialuna,Afternoon,Weekend,2016,11
2585,1252,Muffin,Afternoon,Weekend,2016,11
2586,1253,Bread,Afternoon,Weekend,2016,11
2587,1254,Bread,Afternoon,Weekend,2016,11
2588,1254,Brownie,Afternoon,Weekend,2016,11
2589,1254,Muffin,Afternoon,Weekend,2016,11
2590,1254,Bread,Afternoon,Weekend,2016,11
2591,1254,My-5 Fruit Shoot,Afternoon,Weekend,2016,11
2592,1255,Brownie,Afternoon,Weekend,2016,11
2593,1255,Alfajores,Afternoon,Weekend,2016,11
2594,1255,Coffee,Afternoon,Weekend,2016,11
2595,1255,Bread,Afternoon,Weekend,2016,11
2596,1256,Bread,Afternoon,Weekend,2016,11
2597,1256,Jam,Afternoon,Weekend,2016,11
2598,1256,Spread,Afternoon,Weekend,2016,11
2599,1257,Brownie,Afternoon,Weekend,2016,11
2600,1258,Coffee,Afternoon,Weekend,2016,11
2601,1258,Hearty & Seasonal,Afternoon,Weekend,2016,11
2602,1259,Bread,Afternoon,Weekend,2016,11
2603,1259,Bread,Afternoon,Weekend,2016,11
2604,1259,Keeping It Local,Afternoon,Weekend,2016,11
2605,1259,Hearty & Seasonal,Afternoon,Weekend,2016,11
2606,1259,Tea,Afternoon,Weekend,2016,11
2607,1260,Coffee,Afternoon,Weekend,2016,11
2608,1260,Coke,Afternoon,Weekend,2016,11
2609,1260,Mineral water,Afternoon,Weekend,2016,11
2610,1260,Bread,Afternoon,Weekend,2016,11
2611,1260,Brownie,Afternoon,Weekend,2016,11
2612,1261,Muffin,Afternoon,Weekend,2016,11
2613,1261,Coffee,Afternoon,Weekend,2016,11
2614,1261,Tea,Afternoon,Weekend,2016,11
2615,1262,Bread,Afternoon,Weekend,2016,11
2616,1263,Bread,Afternoon,Weekend,2016,11
2617,1264,Coffee,Afternoon,Weekend,2016,11
2618,1264,Coffee,Afternoon,Weekend,2016,11
2619,1264,Tea,Afternoon,Weekend,2016,11
2620,1264,Frittata,Afternoon,Weekend,2016,11
2621,1264,Keeping It Local,Afternoon,Weekend,2016,11
2622,1264,Bread,Afternoon,Weekend,2016,11
2623,1265,Cookies,Afternoon,Weekend,2016,11
2624,1266,Bread,Afternoon,Weekend,2016,11
2625,1266,Cake,Afternoon,Weekend,2016,11
2626,1267,Coffee,Afternoon,Weekend,2016,11
2627,1267,Coffee,Afternoon,Weekend,2016,11
2628,1267,Fudge,Afternoon,Weekend,2016,11
2629,1267,Bread,Afternoon,Weekend,2016,11
2630,1268,Muffin,Afternoon,Weekend,2016,11
2631,1269,Coffee,Afternoon,Weekend,2016,11
2632,1269,Kids biscuit,Afternoon,Weekend,2016,11
2633,1270,Juice,Afternoon,Weekend,2016,11
2634,1270,Muffin,Afternoon,Weekend,2016,11
2635,1270,Brownie,Afternoon,Weekend,2016,11
2636,1271,Kids biscuit,Afternoon,Weekend,2016,11
2637,1272,Kids biscuit,Afternoon,Weekend,2016,11
2638,1273,Art Tray,Evening,Weekend,2016,11
2639,1273,Tartine,Evening,Weekend,2016,11
2640,1274,Fudge,Evening,Weekend,2016,11
2641,1274,My-5 Fruit Shoot,Evening,Weekend,2016,11
2642,1274,Kids biscuit,Evening,Weekend,2016,11
2643,1274,Muffin,Evening,Weekend,2016,11
2644,1275,Coffee,Morning,Weekday,2016,11
2645,1276,Coffee,Morning,Weekday,2016,11
2646,1277,Tea,Morning,Weekday,2016,11
2647,1277,Medialuna,Morning,Weekday,2016,11
2648,1278,Medialuna,Morning,Weekday,2016,11
2649,1278,Coffee,Morning,Weekday,2016,11
2650,1279,Coffee,Morning,Weekday,2016,11
2651,1280,Coffee,Morning,Weekday,2016,11
2652,1280,Medialuna,Morning,Weekday,2016,11
2653,1281,Pastry,Morning,Weekday,2016,11
2654,1281,Coffee,Morning,Weekday,2016,11
2655,1282,Keeping It Local,Morning,Weekday,2016,11
2656,1282,Tea,Morning,Weekday,2016,11
2657,1282,Coffee,Morning,Weekday,2016,11
2658,1282,Coffee,Morning,Weekday,2016,11
2659,1283,Farm House,Morning,Weekday,2016,11
2660,1284,Tea,Morning,Weekday,2016,11
2661,1284,Truffles,Morning,Weekday,2016,11
2662,1285,Farm House,Morning,Weekday,2016,11
2663,1286,Coffee,Morning,Weekday,2016,11
2664,1286,Keeping It Local,Morning,Weekday,2016,11
2665,1287,Medialuna,Morning,Weekday,2016,11
2666,1287,Truffles,Morning,Weekday,2016,11
2667,1287,Tea,Morning,Weekday,2016,11
2668,1288,Tea,Morning,Weekday,2016,11
2669,1288,Keeping It Local,Morning,Weekday,2016,11
2670,1289,Medialuna,Morning,Weekday,2016,11
2671,1289,Pastry,Morning,Weekday,2016,11
2672,1289,Truffles,Morning,Weekday,2016,11
2673,1290,Pastry,Morning,Weekday,2016,11
2674,1291,Focaccia,Morning,Weekday,2016,11
2675,1291,Farm House,Morning,Weekday,2016,11
2676,1292,Coffee,Morning,Weekday,2016,11
2677,1292,Bread,Morning,Weekday,2016,11
2678,1293,Coffee,Morning,Weekday,2016,11
2679,1293,Truffles,Morning,Weekday,2016,11
2680,1294,Coffee,Morning,Weekday,2016,11
2681,1294,Coffee,Morning,Weekday,2016,11
2682,1294,Kids biscuit,Morning,Weekday,2016,11
2683,1295,Coffee,Morning,Weekday,2016,11
2684,1295,Tea,Morning,Weekday,2016,11
2685,1296,Coffee,Morning,Weekday,2016,11
2686,1296,Coffee,Morning,Weekday,2016,11
2687,1297,Bread,Morning,Weekday,2016,11
2688,1297,Bread,Morning,Weekday,2016,11
2689,1298,Bread,Morning,Weekday,2016,11
2690,1299,Medialuna,Morning,Weekday,2016,11
2691,1300,Bread,Morning,Weekday,2016,11
2692,1301,Tea,Morning,Weekday,2016,11
2693,1301,Bread,Morning,Weekday,2016,11
2694,1303,Mineral water,Afternoon,Weekday,2016,11
2695,1303,Coffee,Afternoon,Weekday,2016,11
2696,1303,Kids biscuit,Afternoon,Weekday,2016,11
2697,1303,Muffin,Afternoon,Weekday,2016,11
2698,1304,Pastry,Afternoon,Weekday,2016,11
2699,1305,Coffee,Afternoon,Weekday,2016,11
2700,1305,Keeping It Local,Afternoon,Weekday,2016,11
2701,1306,Bread,Afternoon,Weekday,2016,11
2702,1306,Sandwich,Afternoon,Weekday,2016,11
2703,1306,Tea,Afternoon,Weekday,2016,11
2704,1307,Fudge,Afternoon,Weekday,2016,11
2705,1307,Fudge,Afternoon,Weekday,2016,11
2706,1307,Bread,Afternoon,Weekday,2016,11
2707,1307,Truffles,Afternoon,Weekday,2016,11
2708,1308,Sandwich,Afternoon,Weekday,2016,11
2709,1308,Coffee,Afternoon,Weekday,2016,11
2710,1309,Coffee,Afternoon,Weekday,2016,11
2711,1309,Tea,Afternoon,Weekday,2016,11
2712,1309,Truffles,Afternoon,Weekday,2016,11
2713,1310,Bread,Afternoon,Weekday,2016,11
2714,1311,Sandwich,Afternoon,Weekday,2016,11
2715,1311,Coffee,Afternoon,Weekday,2016,11
2716,1311,Tea,Afternoon,Weekday,2016,11
2717,1313,Coffee,Afternoon,Weekday,2016,11
2718,1314,Sandwich,Afternoon,Weekday,2016,11
2719,1314,Bread,Afternoon,Weekday,2016,11
2720,1315,Hearty & Seasonal,Afternoon,Weekday,2016,11
2721,1315,Hearty & Seasonal,Afternoon,Weekday,2016,11
2722,1315,Alfajores,Afternoon,Weekday,2016,11
2723,1315,Truffles,Afternoon,Weekday,2016,11
2724,1316,Frittata,Afternoon,Weekday,2016,11
2725,1316,Muffin,Afternoon,Weekday,2016,11
2726,1316,Coffee,Afternoon,Weekday,2016,11
2727,1316,Coffee,Afternoon,Weekday,2016,11
2728,1317,Sandwich,Afternoon,Weekday,2016,11
2729,1317,Hot chocolate,Afternoon,Weekday,2016,11
2730,1317,Coffee,Afternoon,Weekday,2016,11
2731,1317,Hearty & Seasonal,Afternoon,Weekday,2016,11
2732,1317,Cookies,Afternoon,Weekday,2016,11
2733,1318,Bread,Afternoon,Weekday,2016,11
2734,1318,Bread,Afternoon,Weekday,2016,11
2735,1318,Sandwich,Afternoon,Weekday,2016,11
2736,1319,Farm House,Afternoon,Weekday,2016,11
2737,1320,Coffee,Afternoon,Weekday,2016,11
2738,1320,Muffin,Afternoon,Weekday,2016,11
2739,1321,Scandinavian,Afternoon,Weekday,2016,11
2740,1321,Bread,Afternoon,Weekday,2016,11
2741,1322,Sandwich,Afternoon,Weekday,2016,11
2742,1322,Soup,Afternoon,Weekday,2016,11
2743,1322,Coffee,Afternoon,Weekday,2016,11
2744,1322,Tea,Afternoon,Weekday,2016,11
2745,1323,Farm House,Afternoon,Weekday,2016,11
2746,1324,Coffee,Afternoon,Weekday,2016,11
2747,1324,Tea,Afternoon,Weekday,2016,11
2748,1325,Soup,Afternoon,Weekday,2016,11
2749,1325,Jam,Afternoon,Weekday,2016,11
2750,1325,Muffin,Afternoon,Weekday,2016,11
2751,1325,Coffee,Afternoon,Weekday,2016,11
2752,1326,Bread,Afternoon,Weekday,2016,11
2753,1327,Coffee,Afternoon,Weekday,2016,11
2754,1327,Soup,Afternoon,Weekday,2016,11
2755,1328,Coffee,Afternoon,Weekday,2016,11
2756,1328,Coffee,Afternoon,Weekday,2016,11
2757,1328,Muffin,Afternoon,Weekday,2016,11
2758,1329,Bread,Afternoon,Weekday,2016,11
2759,1329,Muffin,Afternoon,Weekday,2016,11
2760,1329,Kids biscuit,Afternoon,Weekday,2016,11
2761,1330,Coffee,Afternoon,Weekday,2016,11
2762,1330,Bread,Afternoon,Weekday,2016,11
2763,1331,Coffee,Afternoon,Weekday,2016,11
2764,1332,Muffin,Afternoon,Weekday,2016,11
2765,1333,Ella's Kitchen Pouches,Afternoon,Weekday,2016,11
2766,1333,Bread,Afternoon,Weekday,2016,11
2767,1333,Muffin,Afternoon,Weekday,2016,11
2768,1334,Soup,Afternoon,Weekday,2016,11
2769,1334,Sandwich,Afternoon,Weekday,2016,11
2770,1334,Frittata,Afternoon,Weekday,2016,11
2771,1335,Bread,Afternoon,Weekday,2016,11
2772,1335,Sandwich,Afternoon,Weekday,2016,11
2773,1336,Coffee,Afternoon,Weekday,2016,11
2774,1336,Bread,Afternoon,Weekday,2016,11
2775,1336,Coffee,Afternoon,Weekday,2016,11
2776,1336,Bread,Afternoon,Weekday,2016,11
2777,1336,Cookies,Afternoon,Weekday,2016,11
2778,1337,Bread,Afternoon,Weekday,2016,11
2779,1337,Art Tray,Afternoon,Weekday,2016,11
2780,1337,Tea,Afternoon,Weekday,2016,11
2781,1337,Hot chocolate,Afternoon,Weekday,2016,11
2782,1338,Art Tray,Afternoon,Weekday,2016,11
2783,1338,Coffee,Afternoon,Weekday,2016,11
2784,1338,Hot chocolate,Afternoon,Weekday,2016,11
2785,1338,Juice,Afternoon,Weekday,2016,11
2786,1338,Muffin,Afternoon,Weekday,2016,11
2787,1339,Hot chocolate,Afternoon,Weekday,2016,11
2788,1339,Coffee,Afternoon,Weekday,2016,11
2789,1340,Farm House,Evening,Weekday,2016,11
2790,1341,Farm House,Evening,Weekday,2016,11
2791,1341,Muffin,Evening,Weekday,2016,11
2792,1342,Coffee,Morning,Weekday,2016,11
2793,1342,Medialuna,Morning,Weekday,2016,11
2794,1343,Bread,Morning,Weekday,2016,11
2795,1343,Keeping It Local,Morning,Weekday,2016,11
2796,1344,Coffee,Morning,Weekday,2016,11
2797,1345,Bread,Morning,Weekday,2016,11
2798,1346,Medialuna,Morning,Weekday,2016,11
2799,1346,Tea,Morning,Weekday,2016,11
2800,1346,Coffee,Morning,Weekday,2016,11
2801,1347,Hot chocolate,Morning,Weekday,2016,11
2802,1348,Coffee,Morning,Weekday,2016,11
2803,1349,Coke,Morning,Weekday,2016,11
2804,1350,Coffee,Morning,Weekday,2016,11
2805,1351,Farm House,Morning,Weekday,2016,11
2806,1352,Coffee,Morning,Weekday,2016,11
2807,1352,Coffee,Morning,Weekday,2016,11
2808,1352,Keeping It Local,Morning,Weekday,2016,11
2809,1352,Bread,Morning,Weekday,2016,11
2810,1353,Coffee,Morning,Weekday,2016,11
2811,1353,Truffles,Morning,Weekday,2016,11
2812,1354,Coffee,Morning,Weekday,2016,11
2813,1355,Coffee,Morning,Weekday,2016,11
2814,1355,Tea,Morning,Weekday,2016,11
2815,1355,Keeping It Local,Morning,Weekday,2016,11
2816,1356,Coffee,Morning,Weekday,2016,11
2817,1356,Keeping It Local,Morning,Weekday,2016,11
2818,1357,Coffee,Morning,Weekday,2016,11
2819,1357,Tea,Morning,Weekday,2016,11
2820,1358,Coffee,Morning,Weekday,2016,11
2821,1359,Coffee,Morning,Weekday,2016,11
2822,1360,Coffee,Morning,Weekday,2016,11
2823,1360,Bread,Morning,Weekday,2016,11
2824,1361,Coffee,Morning,Weekday,2016,11
2825,1362,Bread,Morning,Weekday,2016,11
2826,1363,Farm House,Morning,Weekday,2016,11
2827,1364,Coffee,Morning,Weekday,2016,11
2828,1364,Kids biscuit,Morning,Weekday,2016,11
2829,1365,Tea,Morning,Weekday,2016,11
2830,1365,Muffin,Morning,Weekday,2016,11
2831,1366,Bread,Morning,Weekday,2016,11
2832,1367,Coffee,Morning,Weekday,2016,11
2833,1367,Pastry,Morning,Weekday,2016,11
2834,1368,Scandinavian,Morning,Weekday,2016,11
2835,1368,Coffee,Morning,Weekday,2016,11
2836,1368,Soup,Morning,Weekday,2016,11
2837,1369,Scandinavian,Morning,Weekday,2016,11
2838,1369,Pastry,Morning,Weekday,2016,11
2839,1369,Muffin,Morning,Weekday,2016,11
2840,1370,Coffee,Afternoon,Weekday,2016,11
2841,1370,Pastry,Afternoon,Weekday,2016,11
2842,1371,Soup,Afternoon,Weekday,2016,11
2843,1371,Hearty & Seasonal,Afternoon,Weekday,2016,11
2844,1371,Tea,Afternoon,Weekday,2016,11
2845,1372,Bread,Afternoon,Weekday,2016,11
2846,1372,Scandinavian,Afternoon,Weekday,2016,11
2847,1373,Scandinavian,Afternoon,Weekday,2016,11
2848,1373,Bread,Afternoon,Weekday,2016,11
2849,1373,Truffles,Afternoon,Weekday,2016,11
2850,1374,Coffee,Afternoon,Weekday,2016,11
2851,1374,Coffee,Afternoon,Weekday,2016,11
2852,1374,Soup,Afternoon,Weekday,2016,11
2853,1375,Medialuna,Afternoon,Weekday,2016,11
2854,1375,Medialuna,Afternoon,Weekday,2016,11
2855,1376,Coffee,Afternoon,Weekday,2016,11
2856,1376,Coffee,Afternoon,Weekday,2016,11
2857,1376,Medialuna,Afternoon,Weekday,2016,11
2858,1376,Medialuna,Afternoon,Weekday,2016,11
2859,1376,Bread,Afternoon,Weekday,2016,11
2860,1377,Bread,Afternoon,Weekday,2016,11
2861,1378,Coffee,Afternoon,Weekday,2016,11
2862,1378,Bread,Afternoon,Weekday,2016,11
2863,1379,Soup,Afternoon,Weekday,2016,11
2864,1379,Sandwich,Afternoon,Weekday,2016,11
2865,1380,Sandwich,Afternoon,Weekday,2016,11
2866,1380,Hearty & Seasonal,Afternoon,Weekday,2016,11
2867,1380,Coffee,Afternoon,Weekday,2016,11
2868,1381,Soup,Afternoon,Weekday,2016,11
2869,1382,Bread,Afternoon,Weekday,2016,11
2870,1383,Soup,Afternoon,Weekday,2016,11
2871,1383,Coffee,Afternoon,Weekday,2016,11
2872,1383,Pastry,Afternoon,Weekday,2016,11
2873,1384,Pastry,Afternoon,Weekday,2016,11
2874,1384,Coffee,Afternoon,Weekday,2016,11
2875,1384,Coffee,Afternoon,Weekday,2016,11
2876,1386,Coffee,Afternoon,Weekday,2016,11
2877,1386,Coffee,Afternoon,Weekday,2016,11
2878,1386,Soup,Afternoon,Weekday,2016,11
2879,1386,Bread,Afternoon,Weekday,2016,11
2880,1387,Bread,Afternoon,Weekday,2016,11
2881,1388,Coffee,Afternoon,Weekday,2016,11
2882,1388,Coffee,Afternoon,Weekday,2016,11
2883,1388,Sandwich,Afternoon,Weekday,2016,11
2884,1388,Hearty & Seasonal,Afternoon,Weekday,2016,11
2885,1389,Coffee,Afternoon,Weekday,2016,11
2886,1389,Coffee,Afternoon,Weekday,2016,11
2887,1389,Soup,Afternoon,Weekday,2016,11
2888,1390,Bread,Afternoon,Weekday,2016,11
2889,1391,Bread,Afternoon,Weekday,2016,11
2890,1392,Bread,Afternoon,Weekday,2016,11
2891,1393,Coffee,Afternoon,Weekday,2016,11
2892,1394,Bread,Afternoon,Weekday,2016,11
2893,1394,Soup,Afternoon,Weekday,2016,11
2894,1395,Coffee,Afternoon,Weekday,2016,11
2895,1395,Coffee,Afternoon,Weekday,2016,11
2896,1395,Hearty & Seasonal,Afternoon,Weekday,2016,11
2897,1395,Soup,Afternoon,Weekday,2016,11
2898,1396,Scandinavian,Afternoon,Weekday,2016,11
2899,1397,Coffee,Afternoon,Weekday,2016,11
2900,1397,Medialuna,Afternoon,Weekday,2016,11
2901,1398,Bread,Afternoon,Weekday,2016,11
2902,1399,Bread,Afternoon,Weekday,2016,11
2903,1399,Brownie,Afternoon,Weekday,2016,11
2904,1400,Fudge,Afternoon,Weekday,2016,11
2905,1401,Coke,Afternoon,Weekday,2016,11
2906,1402,Coke,Afternoon,Weekday,2016,11
2907,1403,Brownie,Afternoon,Weekday,2016,11
2908,1403,Muffin,Afternoon,Weekday,2016,11
2909,1404,Tea,Evening,Weekday,2016,11
2910,1404,Bread,Evening,Weekday,2016,11
2911,1404,Truffles,Evening,Weekday,2016,11
2912,1404,Pastry,Evening,Weekday,2016,11
2913,1405,Tea,Evening,Weekday,2016,11
2914,1406,Bread,Evening,Weekday,2016,11
2915,1406,Truffles,Evening,Weekday,2016,11
2916,1407,Medialuna,Evening,Weekday,2016,11
2917,1408,Coffee,Morning,Weekday,2016,11
2918,1408,Medialuna,Morning,Weekday,2016,11
2919,1409,Bread,Morning,Weekday,2016,11
2920,1410,Pastry,Morning,Weekday,2016,11
2921,1410,Coffee,Morning,Weekday,2016,11
2922,1411,Coffee,Morning,Weekday,2016,11
2923,1411,Bread,Morning,Weekday,2016,11
2924,1411,Jam,Morning,Weekday,2016,11
2925,1412,Bread,Morning,Weekday,2016,11
2926,1412,Coffee,Morning,Weekday,2016,11
2927,1413,Coke,Morning,Weekday,2016,11
2928,1414,Bread,Morning,Weekday,2016,11
2929,1415,Coffee,Morning,Weekday,2016,11
2930,1415,Coffee,Morning,Weekday,2016,11
2931,1416,Coffee,Morning,Weekday,2016,11
2932,1417,Pastry,Morning,Weekday,2016,11
2933,1418,Scandinavian,Morning,Weekday,2016,11
2934,1418,Pastry,Morning,Weekday,2016,11
2935,1419,Bread,Morning,Weekday,2016,11
2936,1419,Granola,Morning,Weekday,2016,11
2937,1420,Tea,Morning,Weekday,2016,11
2938,1420,Coffee,Morning,Weekday,2016,11
2939,1420,Pastry,Morning,Weekday,2016,11
2940,1421,Bread,Morning,Weekday,2016,11
2941,1421,Mineral water,Morning,Weekday,2016,11
2942,1422,Tea,Morning,Weekday,2016,11
2943,1422,Medialuna,Morning,Weekday,2016,11
2944,1423,Brownie,Morning,Weekday,2016,11
2945,1424,Tea,Morning,Weekday,2016,11
2946,1424,Coffee,Morning,Weekday,2016,11
2947,1424,Pastry,Morning,Weekday,2016,11
2948,1425,Hot chocolate,Morning,Weekday,2016,11
2949,1425,Coffee,Morning,Weekday,2016,11
2950,1425,Cake,Morning,Weekday,2016,11
2951,1426,Bread,Morning,Weekday,2016,11
2952,1427,Bread,Morning,Weekday,2016,11
2953,1427,Jam,Morning,Weekday,2016,11
2954,1428,Scandinavian,Morning,Weekday,2016,11
2955,1429,Bread,Morning,Weekday,2016,11
2956,1429,Coffee,Morning,Weekday,2016,11
2957,1429,Pastry,Morning,Weekday,2016,11
2958,1429,Cake,Morning,Weekday,2016,11
2959,1430,Bread,Morning,Weekday,2016,11
2960,1431,Coffee,Morning,Weekday,2016,11
2961,1432,Bread,Morning,Weekday,2016,11
2962,1433,Coffee,Morning,Weekday,2016,11
2963,1433,Cake,Morning,Weekday,2016,11
2964,1434,Coffee,Morning,Weekday,2016,11
2965,1435,Coffee,Afternoon,Weekday,2016,11
2966,1436,Coffee,Afternoon,Weekday,2016,11
2967,1436,Soup,Afternoon,Weekday,2016,11
2968,1437,Scandinavian,Afternoon,Weekday,2016,11
2969,1437,Bread,Afternoon,Weekday,2016,11
2970,1438,Sandwich,Afternoon,Weekday,2016,11
2971,1438,Soup,Afternoon,Weekday,2016,11
2972,1438,Bread,Afternoon,Weekday,2016,11
2973,1438,Cake,Afternoon,Weekday,2016,11
2974,1439,Coffee,Afternoon,Weekday,2016,11
2975,1439,Bread,Afternoon,Weekday,2016,11
2976,1439,Tartine,Afternoon,Weekday,2016,11
2977,1440,Soup,Afternoon,Weekday,2016,11
2978,1441,Bread,Afternoon,Weekday,2016,11
2979,1442,Soup,Afternoon,Weekday,2016,11
2980,1442,Juice,Afternoon,Weekday,2016,11
2981,1442,Brownie,Afternoon,Weekday,2016,11
2982,1443,Coffee,Afternoon,Weekday,2016,11
2983,1444,Hearty & Seasonal,Afternoon,Weekday,2016,11
2984,1445,Coffee,Afternoon,Weekday,2016,11
2985,1445,Soup,Afternoon,Weekday,2016,11
2986,1445,Sandwich,Afternoon,Weekday,2016,11
2987,1445,Tea,Afternoon,Weekday,2016,11
2988,1445,Cake,Afternoon,Weekday,2016,11
2989,1446,Tea,Afternoon,Weekday,2016,11
2990,1446,Soup,Afternoon,Weekday,2016,11
2991,1447,Coffee,Afternoon,Weekday,2016,11
2992,1447,Bread,Afternoon,Weekday,2016,11
2993,1447,Sandwich,Afternoon,Weekday,2016,11
2994,1448,Soup,Afternoon,Weekday,2016,11
2995,1448,Coffee,Afternoon,Weekday,2016,11
2996,1449,Soup,Afternoon,Weekday,2016,11
2997,1449,Coffee,Afternoon,Weekday,2016,11
2998,1450,Tea,Afternoon,Weekday,2016,11
2999,1450,Soup,Afternoon,Weekday,2016,11
3000,1451,Cake,Afternoon,Weekday,2016,11
3001,1452,Coffee,Afternoon,Weekday,2016,11
3002,1452,Tea,Afternoon,Weekday,2016,11
3003,1452,Cake,Afternoon,Weekday,2016,11
3004,1452,Muffin,Afternoon,Weekday,2016,11
3005,1453,Bread,Afternoon,Weekday,2016,11
3006,1454,Coffee,Afternoon,Weekday,2016,11
3007,1454,Bread,Afternoon,Weekday,2016,11
3008,1455,Coffee,Afternoon,Weekday,2016,11
3009,1455,Tea,Afternoon,Weekday,2016,11
3010,1456,Tea,Afternoon,Weekday,2016,11
3011,1456,Soup,Afternoon,Weekday,2016,11
3012,1457,Coffee,Afternoon,Weekday,2016,11
3013,1457,Tea,Afternoon,Weekday,2016,11
3014,1457,Cake,Afternoon,Weekday,2016,11
3015,1458,Bread,Afternoon,Weekday,2016,11
3016,1458,Bread,Afternoon,Weekday,2016,11
3017,1459,Hearty & Seasonal,Afternoon,Weekday,2016,11
3018,1460,Bread,Afternoon,Weekday,2016,11
3019,1460,Mineral water,Afternoon,Weekday,2016,11
3020,1460,Brownie,Afternoon,Weekday,2016,11
3021,1461,Fudge,Afternoon,Weekday,2016,11
3022,1462,Muffin,Afternoon,Weekday,2016,11
3023,1462,Hot chocolate,Afternoon,Weekday,2016,11
3024,1462,Coffee,Afternoon,Weekday,2016,11
3025,1463,Tea,Afternoon,Weekday,2016,11
3026,1463,Muffin,Afternoon,Weekday,2016,11
3027,1464,Cake,Afternoon,Weekday,2016,11
3028,1464,Coffee,Afternoon,Weekday,2016,11
3029,1465,Victorian Sponge,Afternoon,Weekday,2016,11
3030,1466,Soup,Afternoon,Weekday,2016,11
3031,1466,Sandwich,Afternoon,Weekday,2016,11
3032,1466,Tea,Afternoon,Weekday,2016,11
3033,1467,Scandinavian,Afternoon,Weekday,2016,11
3034,1468,Coffee,Afternoon,Weekday,2016,11
3035,1469,Bread,Afternoon,Weekday,2016,11
3036,1470,Tartine,Afternoon,Weekday,2016,11
3037,1470,Bread,Afternoon,Weekday,2016,11
3038,1470,Coffee,Afternoon,Weekday,2016,11
3039,1471,Medialuna,Afternoon,Weekday,2016,11
3040,1471,Medialuna,Afternoon,Weekday,2016,11
3041,1472,Bread,Evening,Weekday,2016,11
3042,1473,Bread,Evening,Weekday,2016,11
3043,1473,Scandinavian,Evening,Weekday,2016,11
3044,1474,Bread,Evening,Weekday,2016,11
3045,1475,Coffee,Morning,Weekday,2016,11
3046,1475,Medialuna,Morning,Weekday,2016,11
3047,1476,Siblings,Morning,Weekday,2016,11
3048,1477,Siblings,Morning,Weekday,2016,11
3049,1478,Bread,Morning,Weekday,2016,11
3050,1478,Medialuna,Morning,Weekday,2016,11
3051,1479,Medialuna,Morning,Weekday,2016,11
3052,1479,Pastry,Morning,Weekday,2016,11
3053,1480,Keeping It Local,Morning,Weekday,2016,11
3054,1480,Tea,Morning,Weekday,2016,11
3055,1482,Farm House,Morning,Weekday,2016,11
3056,1483,Pastry,Morning,Weekday,2016,11
3057,1484,Farm House,Morning,Weekday,2016,11
3058,1485,Tea,Morning,Weekday,2016,11
3059,1486,Tea,Morning,Weekday,2016,11
3060,1486,Scandinavian,Morning,Weekday,2016,11
3061,1487,Coffee,Morning,Weekday,2016,11
3062,1487,Muffin,Morning,Weekday,2016,11
3063,1488,Coffee,Morning,Weekday,2016,11
3064,1490,Bread,Morning,Weekday,2016,11
3065,1491,Farm House,Morning,Weekday,2016,11
3066,1491,Scandinavian,Morning,Weekday,2016,11
3067,1491,Coffee,Morning,Weekday,2016,11
3068,1491,Pastry,Morning,Weekday,2016,11
3069,1492,Coffee,Morning,Weekday,2016,11
3070,1493,Coffee,Morning,Weekday,2016,11
3071,1493,Keeping It Local,Morning,Weekday,2016,11
3072,1494,Bread,Morning,Weekday,2016,11
3073,1495,Jam,Morning,Weekday,2016,11
3074,1496,Alfajores,Morning,Weekday,2016,11
3075,1496,Medialuna,Morning,Weekday,2016,11
3076,1496,Coffee,Morning,Weekday,2016,11
3077,1496,Bread,Morning,Weekday,2016,11
3078,1497,Coffee,Morning,Weekday,2016,11
3079,1497,Keeping It Local,Morning,Weekday,2016,11
3080,1498,Coffee,Morning,Weekday,2016,11
3081,1499,Bread,Morning,Weekday,2016,11
3082,1500,Tea,Morning,Weekday,2016,11
3083,1500,Muffin,Morning,Weekday,2016,11
3084,1501,Coffee,Morning,Weekday,2016,11
3085,1501,Hot chocolate,Morning,Weekday,2016,11
3086,1501,Alfajores,Morning,Weekday,2016,11
3087,1502,Bread,Afternoon,Weekday,2016,11
3088,1502,Pastry,Afternoon,Weekday,2016,11
3089,1502,Bread,Afternoon,Weekday,2016,11
3090,1503,Coffee,Afternoon,Weekday,2016,11
3091,1504,Bread,Afternoon,Weekday,2016,11
3092,1505,Tea,Afternoon,Weekday,2016,11
3093,1506,Coffee,Afternoon,Weekday,2016,11
3094,1506,Sandwich,Afternoon,Weekday,2016,11
3095,1507,Bread,Afternoon,Weekday,2016,11
3096,1508,Soup,Afternoon,Weekday,2016,11
3097,1509,Coffee,Afternoon,Weekday,2016,11
3098,1510,Tea,Afternoon,Weekday,2016,11
3099,1511,Coffee,Afternoon,Weekday,2016,11
3100,1511,Soup,Afternoon,Weekday,2016,11
3101,1511,Art Tray,Afternoon,Weekday,2016,11
3102,1511,Pastry,Afternoon,Weekday,2016,11
3103,1512,Hearty & Seasonal,Afternoon,Weekday,2016,11
3104,1512,Mineral water,Afternoon,Weekday,2016,11
3105,1512,Alfajores,Afternoon,Weekday,2016,11
3106,1513,Bread,Afternoon,Weekday,2016,11
3107,1514,Coffee,Afternoon,Weekday,2016,11
3108,1514,Hearty & Seasonal,Afternoon,Weekday,2016,11
3109,1514,Hearty & Seasonal,Afternoon,Weekday,2016,11
3110,1514,Alfajores,Afternoon,Weekday,2016,11
3111,1514,Alfajores,Afternoon,Weekday,2016,11
3112,1514,Cake,Afternoon,Weekday,2016,11
3113,1514,Bread,Afternoon,Weekday,2016,11
3114,1515,Coffee,Afternoon,Weekday,2016,11
3115,1516,Bread,Afternoon,Weekday,2016,11
3116,1517,Cake,Afternoon,Weekday,2016,11
3117,1518,Bread,Afternoon,Weekday,2016,11
3118,1519,Fudge,Afternoon,Weekday,2016,11
3119,1520,Muffin,Afternoon,Weekday,2016,11
3120,1521,Bread,Afternoon,Weekday,2016,11
3121,1521,Coffee,Afternoon,Weekday,2016,11
3122,1522,Coffee,Afternoon,Weekday,2016,11
3123,1522,Hearty & Seasonal,Afternoon,Weekday,2016,11
3124,1522,Sandwich,Afternoon,Weekday,2016,11
3125,1522,Bread,Afternoon,Weekday,2016,11
3126,1523,Soup,Afternoon,Weekday,2016,11
3127,1523,Coffee,Afternoon,Weekday,2016,11
3128,1524,Coffee,Afternoon,Weekday,2016,11
3129,1524,Hearty & Seasonal,Afternoon,Weekday,2016,11
3130,1524,Keeping It Local,Afternoon,Weekday,2016,11
3131,1525,Bread,Afternoon,Weekday,2016,11
3132,1526,Coffee,Afternoon,Weekday,2016,11
3133,1526,Coffee,Afternoon,Weekday,2016,11
3134,1527,Scandinavian,Afternoon,Weekday,2016,11
3135,1528,Coffee,Afternoon,Weekday,2016,11
3136,1528,Alfajores,Afternoon,Weekday,2016,11
3137,1529,Coffee,Afternoon,Weekday,2016,11
3138,1530,Soup,Afternoon,Weekday,2016,11
3139,1530,Brownie,Afternoon,Weekday,2016,11
3140,1531,Coffee,Afternoon,Weekday,2016,11
3141,1531,Coffee,Afternoon,Weekday,2016,11
3142,1532,Bread,Afternoon,Weekday,2016,11
3143,1533,Bread,Afternoon,Weekday,2016,11
3144,1534,Bread,Afternoon,Weekday,2016,11
3145,1534,Scandinavian,Afternoon,Weekday,2016,11
3146,1534,Coffee,Afternoon,Weekday,2016,11
3147,1535,Coffee,Afternoon,Weekday,2016,11
3148,1535,Coffee,Afternoon,Weekday,2016,11
3149,1536,Coffee,Afternoon,Weekday,2016,11
3150,1537,Soup,Afternoon,Weekday,2016,11
3151,1538,Coffee,Afternoon,Weekday,2016,11
3152,1538,Muffin,Afternoon,Weekday,2016,11
3153,1539,Cake,Afternoon,Weekday,2016,11
3154,1539,Bread,Afternoon,Weekday,2016,11
3155,1539,Hot chocolate,Afternoon,Weekday,2016,11
3156,1540,Coffee,Afternoon,Weekday,2016,11
3157,1540,Cake,Afternoon,Weekday,2016,11
3158,1541,Cake,Afternoon,Weekday,2016,11
3159,1541,Alfajores,Afternoon,Weekday,2016,11
3160,1541,Coffee,Afternoon,Weekday,2016,11
3161,1541,Tea,Afternoon,Weekday,2016,11
3162,1542,Bread,Afternoon,Weekday,2016,11
3163,1543,Coffee,Afternoon,Weekday,2016,11
3164,1544,Coffee,Afternoon,Weekday,2016,11
3165,1544,Tea,Afternoon,Weekday,2016,11
3166,1544,Hot chocolate,Afternoon,Weekday,2016,11
3167,1544,Brownie,Afternoon,Weekday,2016,11
3168,1544,Alfajores,Afternoon,Weekday,2016,11
3169,1544,Bread,Afternoon,Weekday,2016,11
3170,1545,Hot chocolate,Afternoon,Weekday,2016,11
3171,1545,Tea,Afternoon,Weekday,2016,11
3172,1545,Brownie,Afternoon,Weekday,2016,11
3173,1545,Alfajores,Afternoon,Weekday,2016,11
3174,1546,Coffee,Afternoon,Weekday,2016,11
3175,1547,Scandinavian,Evening,Weekday,2016,11
3176,1548,Coffee,Evening,Weekday,2016,11
3177,1548,Cookies,Evening,Weekday,2016,11
3178,1549,Bread,Evening,Weekday,2016,11
3179,1549,Coffee,Evening,Weekday,2016,11
3180,1550,Coffee,Morning,Weekday,2016,11
3181,1550,Bread,Morning,Weekday,2016,11
3182,1551,Coffee,Morning,Weekday,2016,11
3183,1551,Medialuna,Morning,Weekday,2016,11
3184,1552,Coffee,Morning,Weekday,2016,11
3185,1552,Coffee,Morning,Weekday,2016,11
3186,1553,Coffee,Morning,Weekday,2016,11
3187,1554,Medialuna,Morning,Weekday,2016,11
3188,1554,Pastry,Morning,Weekday,2016,11
3189,1555,Coffee,Morning,Weekday,2016,11
3190,1555,Tea,Morning,Weekday,2016,11
3191,1555,Pastry,Morning,Weekday,2016,11
3192,1555,Muffin,Morning,Weekday,2016,11
3193,1556,Coffee,Morning,Weekday,2016,11
3194,1556,Pastry,Morning,Weekday,2016,11
3195,1557,Bread,Morning,Weekday,2016,11
3196,1557,Coffee,Morning,Weekday,2016,11
3197,1557,Keeping It Local,Morning,Weekday,2016,11
3198,1558,Bread,Morning,Weekday,2016,11
3199,1558,Bread,Morning,Weekday,2016,11
3200,1558,Pastry,Morning,Weekday,2016,11
3201,1559,Coffee,Morning,Weekday,2016,11
3202,1559,Medialuna,Morning,Weekday,2016,11
3203,1560,Bread,Morning,Weekday,2016,11
3204,1561,Coffee,Morning,Weekday,2016,11
3205,1562,Coffee,Morning,Weekday,2016,11
3206,1562,Coffee,Morning,Weekday,2016,11
3207,1563,Bread,Morning,Weekday,2016,11
3208,1564,Bread,Morning,Weekday,2016,11
3209,1564,Tea,Morning,Weekday,2016,11
3210,1564,Pastry,Morning,Weekday,2016,11
3211,1565,Coffee,Morning,Weekday,2016,11
3212,1565,Cookies,Morning,Weekday,2016,11
3213,1566,Bread,Morning,Weekday,2016,11
3214,1566,Bread,Morning,Weekday,2016,11
3215,1567,Coffee,Morning,Weekday,2016,11
3216,1568,Coffee,Morning,Weekday,2016,11
3217,1569,Tea,Morning,Weekday,2016,11
3218,1569,Bread,Morning,Weekday,2016,11
3219,1570,Coffee,Morning,Weekday,2016,11
3220,1570,Coffee,Morning,Weekday,2016,11
3221,1570,Medialuna,Morning,Weekday,2016,11
3222,1570,Bread,Morning,Weekday,2016,11
3223,1571,Bread,Morning,Weekday,2016,11
3224,1572,Pastry,Morning,Weekday,2016,11
3225,1572,Coffee,Morning,Weekday,2016,11
3226,1573,Coffee,Morning,Weekday,2016,11
3227,1573,Pastry,Morning,Weekday,2016,11
3228,1574,Coffee,Morning,Weekday,2016,11
3229,1574,Bread,Morning,Weekday,2016,11
3230,1574,Alfajores,Morning,Weekday,2016,11
3231,1575,Coffee,Morning,Weekday,2016,11
3232,1576,Bread,Morning,Weekday,2016,11
3233,1577,Bread,Morning,Weekday,2016,11
3234,1578,Farm House,Morning,Weekday,2016,11
3235,1579,Bread,Morning,Weekday,2016,11
3236,1580,Coffee,Morning,Weekday,2016,11
3237,1580,Tea,Morning,Weekday,2016,11
3238,1581,Coffee,Morning,Weekday,2016,11
3239,1582,Coffee,Morning,Weekday,2016,11
3240,1583,Coffee,Morning,Weekday,2016,11
3241,1583,Soup,Morning,Weekday,2016,11
3242,1584,Soup,Morning,Weekday,2016,11
3243,1585,Farm House,Morning,Weekday,2016,11
3244,1585,Pastry,Morning,Weekday,2016,11
3245,1586,Soup,Morning,Weekday,2016,11
3246,1587,Coffee,Morning,Weekday,2016,11
3247,1588,Coffee,Afternoon,Weekday,2016,11
3248,1588,Coffee,Afternoon,Weekday,2016,11
3249,1588,Brownie,Afternoon,Weekday,2016,11
3250,1589,Coffee,Afternoon,Weekday,2016,11
3251,1589,Bread,Afternoon,Weekday,2016,11
3252,1589,Sandwich,Afternoon,Weekday,2016,11
3253,1590,Coffee,Afternoon,Weekday,2016,11
3254,1591,Sandwich,Afternoon,Weekday,2016,11
3255,1591,Soup,Afternoon,Weekday,2016,11
3256,1591,Bread,Afternoon,Weekday,2016,11
3257,1591,Tea,Afternoon,Weekday,2016,11
3258,1592,Soup,Afternoon,Weekday,2016,11
3259,1592,Art Tray,Afternoon,Weekday,2016,11
3260,1592,My-5 Fruit Shoot,Afternoon,Weekday,2016,11
3261,1592,Bread,Afternoon,Weekday,2016,11
3262,1592,Muffin,Afternoon,Weekday,2016,11
3263,1593,Tea,Afternoon,Weekday,2016,11
3264,1593,Sandwich,Afternoon,Weekday,2016,11
3265,1594,Bread,Afternoon,Weekday,2016,11
3266,1594,Soup,Afternoon,Weekday,2016,11
3267,1595,Soup,Afternoon,Weekday,2016,11
3268,1595,Tea,Afternoon,Weekday,2016,11
3269,1597,Farm House,Afternoon,Weekday,2016,11
3270,1598,Mineral water,Afternoon,Weekday,2016,11
3271,1598,Mineral water,Afternoon,Weekday,2016,11
3272,1598,Coffee,Afternoon,Weekday,2016,11
3273,1598,Soup,Afternoon,Weekday,2016,11
3274,1598,Sandwich,Afternoon,Weekday,2016,11
3275,1599,Bread,Afternoon,Weekday,2016,11
3276,1599,Coffee,Afternoon,Weekday,2016,11
3277,1599,Keeping It Local,Afternoon,Weekday,2016,11
3278,1600,Soup,Afternoon,Weekday,2016,11
3279,1600,Bread,Afternoon,Weekday,2016,11
3280,1601,Art Tray,Afternoon,Weekday,2016,11
3281,1601,Coffee,Afternoon,Weekday,2016,11
3282,1601,Bread,Afternoon,Weekday,2016,11
3283,1601,Hearty & Seasonal,Afternoon,Weekday,2016,11
3284,1601,Hearty & Seasonal,Afternoon,Weekday,2016,11
3285,1602,Bread,Afternoon,Weekday,2016,11
3286,1603,Farm House,Afternoon,Weekday,2016,11
3287,1604,Brownie,Afternoon,Weekday,2016,11
3288,1605,Farm House,Afternoon,Weekday,2016,11
3289,1606,Bread,Afternoon,Weekday,2016,11
3290,1606,Soup,Afternoon,Weekday,2016,11
3291,1606,Alfajores,Afternoon,Weekday,2016,11
3292,1607,Coke,Afternoon,Weekday,2016,11
3293,1607,Coffee,Afternoon,Weekday,2016,11
3294,1607,Medialuna,Afternoon,Weekday,2016,11
3295,1607,Cake,Afternoon,Weekday,2016,11
3296,1608,Scandinavian,Afternoon,Weekday,2016,11
3297,1608,Alfajores,Afternoon,Weekday,2016,11
3298,1608,Alfajores,Afternoon,Weekday,2016,11
3299,1609,Scandinavian,Afternoon,Weekday,2016,11
3300,1610,Hot chocolate,Afternoon,Weekday,2016,11
3301,1610,Pastry,Afternoon,Weekday,2016,11
3302,1611,Coke,Afternoon,Weekday,2016,11
3303,1611,Coffee,Afternoon,Weekday,2016,11
3304,1611,Brownie,Afternoon,Weekday,2016,11
3305,1612,Farm House,Afternoon,Weekday,2016,11
3306,1613,Coffee,Afternoon,Weekday,2016,11
3307,1613,Pastry,Afternoon,Weekday,2016,11
3308,1614,Farm House,Afternoon,Weekday,2016,11
3309,1615,Farm House,Afternoon,Weekday,2016,11
3310,1616,Cookies,Afternoon,Weekday,2016,11
3311,1616,Brownie,Afternoon,Weekday,2016,11
3312,1616,Coffee,Afternoon,Weekday,2016,11
3313,1616,Tea,Afternoon,Weekday,2016,11
3314,1617,Tea,Afternoon,Weekday,2016,11
3315,1617,Coffee,Afternoon,Weekday,2016,11
3316,1617,Medialuna,Afternoon,Weekday,2016,11
3317,1617,Cookies,Afternoon,Weekday,2016,11
3318,1617,Farm House,Afternoon,Weekday,2016,11
3319,1618,Bread,Afternoon,Weekday,2016,11
3320,1618,Coffee,Afternoon,Weekday,2016,11
3321,1619,Coffee,Afternoon,Weekday,2016,11
3322,1620,Tea,Afternoon,Weekday,2016,11
3323,1620,Coffee,Afternoon,Weekday,2016,11
3324,1620,Alfajores,Afternoon,Weekday,2016,11
3325,1621,Bread,Afternoon,Weekday,2016,11
3326,1621,Hot chocolate,Afternoon,Weekday,2016,11
3327,1621,Coffee,Afternoon,Weekday,2016,11
3328,1622,Medialuna,Evening,Weekday,2016,11
3329,1622,Tea,Evening,Weekday,2016,11
3330,1623,Coke,Evening,Weekday,2016,11
3331,1624,Medialuna,Evening,Weekday,2016,11
3332,1625,Fudge,Evening,Weekday,2016,11
3333,1625,Fudge,Evening,Weekday,2016,11
3334,1626,Tea,Evening,Weekday,2016,11
3335,1626,Muffin,Evening,Weekday,2016,11
3336,1627,Alfajores,Evening,Weekday,2016,11
3337,1627,Coffee,Evening,Weekday,2016,11
3338,1629,Pastry,Morning,Weekend,2016,11
3339,1629,Bread,Morning,Weekend,2016,11
3340,1630,Pastry,Morning,Weekend,2016,11
3341,1630,Coffee,Morning,Weekend,2016,11
3342,1631,Coffee,Morning,Weekend,2016,11
3343,1632,Bread,Morning,Weekend,2016,11
3344,1633,Bread,Morning,Weekend,2016,11
3345,1634,Coffee,Morning,Weekend,2016,11
3346,1634,Keeping It Local,Morning,Weekend,2016,11
3347,1634,Tea,Morning,Weekend,2016,11
3348,1635,Bread,Morning,Weekend,2016,11
3349,1635,Pastry,Morning,Weekend,2016,11
3350,1635,Medialuna,Morning,Weekend,2016,11
3351,1636,Farm House,Morning,Weekend,2016,11
3352,1636,Medialuna,Morning,Weekend,2016,11
3353,1636,Coffee,Morning,Weekend,2016,11
3354,1637,Coffee,Morning,Weekend,2016,11
3355,1637,Pastry,Morning,Weekend,2016,11
3356,1638,Coffee,Morning,Weekend,2016,11
3357,1639,Coffee,Morning,Weekend,2016,11
3358,1640,Coffee,Morning,Weekend,2016,11
3359,1640,Keeping It Local,Morning,Weekend,2016,11
3360,1640,Medialuna,Morning,Weekend,2016,11
3361,1641,Pastry,Morning,Weekend,2016,11
3362,1641,Bread,Morning,Weekend,2016,11
3363,1641,Coffee,Morning,Weekend,2016,11
3364,1642,Farm House,Morning,Weekend,2016,11
3365,1643,Bread,Morning,Weekend,2016,11
3366,1643,Bread,Morning,Weekend,2016,11
3367,1644,Bread,Morning,Weekend,2016,11
3368,1644,Bread,Morning,Weekend,2016,11
3369,1644,Tea,Morning,Weekend,2016,11
3370,1644,Keeping It Local,Morning,Weekend,2016,11
3371,1645,Bread,Morning,Weekend,2016,11
3372,1645,Medialuna,Morning,Weekend,2016,11
3373,1645,Keeping It Local,Morning,Weekend,2016,11
3374,1645,Coffee,Morning,Weekend,2016,11
3375,1646,Bread,Morning,Weekend,2016,11
3376,1646,Coffee,Morning,Weekend,2016,11
3377,1646,Medialuna,Morning,Weekend,2016,11
3378,1646,Bread,Morning,Weekend,2016,11
3379,1647,Coffee,Morning,Weekend,2016,11
3380,1648,Bread,Morning,Weekend,2016,11
3381,1649,Medialuna,Morning,Weekend,2016,11
3382,1649,Pastry,Morning,Weekend,2016,11
3383,1649,Bread,Morning,Weekend,2016,11
3384,1650,Bread,Morning,Weekend,2016,11
3385,1650,Pastry,Morning,Weekend,2016,11
3386,1651,Medialuna,Morning,Weekend,2016,11
3387,1651,Coffee,Morning,Weekend,2016,11
3388,1652,Bread,Morning,Weekend,2016,11
3389,1653,Bread,Morning,Weekend,2016,11
3390,1654,Coffee,Morning,Weekend,2016,11
3391,1654,Coffee,Morning,Weekend,2016,11
3392,1655,Focaccia,Morning,Weekend,2016,11
3393,1656,Coffee,Morning,Weekend,2016,11
3394,1657,Hot chocolate,Morning,Weekend,2016,11
3395,1657,Pastry,Morning,Weekend,2016,11
3396,1658,Coffee,Morning,Weekend,2016,11
3397,1658,Hot chocolate,Morning,Weekend,2016,11
3398,1659,Bread,Morning,Weekend,2016,11
3399,1660,Bread,Morning,Weekend,2016,11
3400,1660,Coffee,Morning,Weekend,2016,11
3401,1661,Pastry,Morning,Weekend,2016,11
3402,1661,Scandinavian,Morning,Weekend,2016,11
3403,1661,Muffin,Morning,Weekend,2016,11
3404,1662,Focaccia,Morning,Weekend,2016,11
3405,1662,Bread,Morning,Weekend,2016,11
3406,1663,Bread,Morning,Weekend,2016,11
3407,1664,Muffin,Morning,Weekend,2016,11
3408,1665,Caramel bites,Morning,Weekend,2016,11
3409,1665,Coffee,Morning,Weekend,2016,11
3410,1665,Medialuna,Morning,Weekend,2016,11
3411,1666,Tartine,Morning,Weekend,2016,11
3412,1666,Tea,Morning,Weekend,2016,11
3413,1666,Muffin,Morning,Weekend,2016,11
3414,1667,Bread,Morning,Weekend,2016,11
3415,1668,Bread,Morning,Weekend,2016,11
3416,1668,Focaccia,Morning,Weekend,2016,11
3417,1668,Tea,Morning,Weekend,2016,11
3418,1668,Coffee,Morning,Weekend,2016,11
3419,1669,Jam,Morning,Weekend,2016,11
3420,1670,Focaccia,Morning,Weekend,2016,11
3421,1671,Coffee,Morning,Weekend,2016,11
3422,1671,Medialuna,Morning,Weekend,2016,11
3423,1671,Muffin,Morning,Weekend,2016,11
3424,1672,Bread,Morning,Weekend,2016,11
3425,1672,Coffee,Morning,Weekend,2016,11
3426,1673,Coffee,Morning,Weekend,2016,11
3427,1673,Muffin,Morning,Weekend,2016,11
3428,1674,Coffee,Morning,Weekend,2016,11
3429,1675,Coffee,Morning,Weekend,2016,11
3430,1676,Bread,Morning,Weekend,2016,11
3431,1677,Coffee,Morning,Weekend,2016,11
3432,1677,Coffee,Morning,Weekend,2016,11
3433,1678,Coffee,Morning,Weekend,2016,11
3434,1678,Coffee,Morning,Weekend,2016,11
3435,1679,Coffee,Morning,Weekend,2016,11
3436,1679,Coffee,Morning,Weekend,2016,11
3437,1680,Coffee,Morning,Weekend,2016,11
3438,1681,Tea,Morning,Weekend,2016,11
3439,1682,Fudge,Morning,Weekend,2016,11
3440,1683,Medialuna,Morning,Weekend,2016,11
3441,1683,Bread,Morning,Weekend,2016,11
3442,1683,Tea,Morning,Weekend,2016,11
3443,1683,Coffee,Morning,Weekend,2016,11
3444,1683,Coffee,Morning,Weekend,2016,11
3445,1683,Ella's Kitchen Pouches,Morning,Weekend,2016,11
3446,1684,Jammie Dodgers,Afternoon,Weekend,2016,11
3447,1685,Bread,Afternoon,Weekend,2016,11
3448,1686,Tea,Afternoon,Weekend,2016,11
3449,1686,Coffee,Afternoon,Weekend,2016,11
3450,1686,Soup,Afternoon,Weekend,2016,11
3451,1686,Keeping It Local,Afternoon,Weekend,2016,11
3452,1687,Coffee,Afternoon,Weekend,2016,11
3453,1688,Coffee,Afternoon,Weekend,2016,11
3454,1689,Coffee,Afternoon,Weekend,2016,11
3455,1689,Muffin,Afternoon,Weekend,2016,11
3456,1690,Coffee,Afternoon,Weekend,2016,11
3457,1690,Bread,Afternoon,Weekend,2016,11
3458,1690,Soup,Afternoon,Weekend,2016,11
3459,1691,Coffee,Afternoon,Weekend,2016,11
3460,1691,Tea,Afternoon,Weekend,2016,11
3461,1691,Medialuna,Afternoon,Weekend,2016,11
3462,1692,Alfajores,Afternoon,Weekend,2016,11
3463,1693,Bread,Afternoon,Weekend,2016,11
3464,1694,Coffee,Afternoon,Weekend,2016,11
3465,1694,Coffee,Afternoon,Weekend,2016,11
3466,1694,Tartine,Afternoon,Weekend,2016,11
3467,1694,Medialuna,Afternoon,Weekend,2016,11
3468,1694,Pastry,Afternoon,Weekend,2016,11
3469,1695,Tea,Afternoon,Weekend,2016,11
3470,1695,Tartine,Afternoon,Weekend,2016,11
3471,1696,Bread,Afternoon,Weekend,2016,11
3472,1696,Coffee,Afternoon,Weekend,2016,11
3473,1697,Medialuna,Afternoon,Weekend,2016,11
3474,1697,Coffee,Afternoon,Weekend,2016,11
3475,1697,Bread,Afternoon,Weekend,2016,11
3476,1698,Bread,Afternoon,Weekend,2016,11
3477,1698,Medialuna,Afternoon,Weekend,2016,11
3478,1699,Focaccia,Afternoon,Weekend,2016,11
3479,1700,Scandinavian,Afternoon,Weekend,2016,11
3480,1701,Hearty & Seasonal,Afternoon,Weekend,2016,11
3481,1701,Sandwich,Afternoon,Weekend,2016,11
3482,1701,Coffee,Afternoon,Weekend,2016,11
3483,1701,Mineral water,Afternoon,Weekend,2016,11
3484,1702,Coffee,Afternoon,Weekend,2016,11
3485,1702,Sandwich,Afternoon,Weekend,2016,11
3486,1702,Sandwich,Afternoon,Weekend,2016,11
3487,1703,Tea,Afternoon,Weekend,2016,11
3488,1703,Scandinavian,Afternoon,Weekend,2016,11
3489,1704,Coffee,Afternoon,Weekend,2016,11
3490,1705,Coffee,Afternoon,Weekend,2016,11
3491,1705,Coffee,Afternoon,Weekend,2016,11
3492,1706,Soup,Afternoon,Weekend,2016,11
3493,1706,Kids biscuit,Afternoon,Weekend,2016,11
3494,1707,Coffee,Afternoon,Weekend,2016,11
3495,1708,Bread,Afternoon,Weekend,2016,11
3496,1709,Coffee,Afternoon,Weekend,2016,11
3497,1710,Coffee,Afternoon,Weekend,2016,11
3498,1711,Coffee,Afternoon,Weekend,2016,11
3499,1711,Bread,Afternoon,Weekend,2016,11
3500,1712,Cake,Afternoon,Weekend,2016,11
3501,1712,Tea,Afternoon,Weekend,2016,11
3502,1712,Muffin,Afternoon,Weekend,2016,11
3503,1712,Coffee,Afternoon,Weekend,2016,11
3504,1713,Hot chocolate,Afternoon,Weekend,2016,11
3505,1714,Coffee,Afternoon,Weekend,2016,11
3506,1714,Tea,Afternoon,Weekend,2016,11
3507,1714,Cake,Afternoon,Weekend,2016,11
3508,1715,Tea,Afternoon,Weekend,2016,11
3509,1715,Coffee,Afternoon,Weekend,2016,11
3510,1715,Muffin,Afternoon,Weekend,2016,11
3511,1716,Jammie Dodgers,Afternoon,Weekend,2016,11
3512,1716,Hot chocolate,Afternoon,Weekend,2016,11
3513,1716,Hot chocolate,Afternoon,Weekend,2016,11
3514,1716,Coffee,Afternoon,Weekend,2016,11
3515,1716,Cookies,Afternoon,Weekend,2016,11
3516,1717,Caramel bites,Afternoon,Weekend,2016,11
3517,1717,Jammie Dodgers,Afternoon,Weekend,2016,11
3518,1717,My-5 Fruit Shoot,Afternoon,Weekend,2016,11
3519,1717,Bread,Afternoon,Weekend,2016,11
3520,1718,Coffee,Afternoon,Weekend,2016,11
3521,1719,Coffee,Afternoon,Weekend,2016,11
3522,1719,Tea,Afternoon,Weekend,2016,11
3523,1719,Caramel bites,Afternoon,Weekend,2016,11
3524,1719,Kids biscuit,Afternoon,Weekend,2016,11
3525,1720,Bread,Afternoon,Weekend,2016,11
3526,1720,Coffee,Afternoon,Weekend,2016,11
3527,1721,Bread,Afternoon,Weekend,2016,11
3528,1721,Coffee,Afternoon,Weekend,2016,11
3529,1721,Alfajores,Afternoon,Weekend,2016,11
3530,1721,Bread,Afternoon,Weekend,2016,11
3531,1722,Farm House,Afternoon,Weekend,2016,11
3532,1723,Bread,Afternoon,Weekend,2016,11
3533,1723,Jammie Dodgers,Afternoon,Weekend,2016,11
3534,1723,Scandinavian,Afternoon,Weekend,2016,11
3535,1724,Tea,Afternoon,Weekend,2016,11
3536,1725,Alfajores,Afternoon,Weekend,2016,11
3537,1725,Bread,Afternoon,Weekend,2016,11
3538,1725,Tea,Afternoon,Weekend,2016,11
3539,1725,Coffee,Afternoon,Weekend,2016,11
3540,1726,Coffee,Afternoon,Weekend,2016,11
3541,1726,Mineral water,Afternoon,Weekend,2016,11
3542,1726,Tea,Afternoon,Weekend,2016,11
3543,1727,Coffee,Afternoon,Weekend,2016,11
3544,1727,Kids biscuit,Afternoon,Weekend,2016,11
3545,1728,Kids biscuit,Afternoon,Weekend,2016,11
3546,1728,Bread,Afternoon,Weekend,2016,11
3547,1729,Coffee,Morning,Weekend,2016,11
3548,1729,Coffee,Morning,Weekend,2016,11
3549,1730,Bread,Morning,Weekend,2016,11
3550,1731,Hot chocolate,Morning,Weekend,2016,11
3551,1731,Coffee,Morning,Weekend,2016,11
3552,1731,Cake,Morning,Weekend,2016,11
3553,1732,Coffee,Morning,Weekend,2016,11
3554,1732,Bread,Morning,Weekend,2016,11
3555,1733,Scandinavian,Morning,Weekend,2016,11
3556,1733,Pastry,Morning,Weekend,2016,11
3557,1733,Juice,Morning,Weekend,2016,11
3558,1734,Bread,Morning,Weekend,2016,11
3559,1734,Coffee,Morning,Weekend,2016,11
3560,1735,Bread,Morning,Weekend,2016,11
3561,1736,Farm House,Morning,Weekend,2016,11
3562,1736,Pastry,Morning,Weekend,2016,11
3563,1736,Pastry,Morning,Weekend,2016,11
3564,1736,Medialuna,Morning,Weekend,2016,11
3565,1737,Alfajores,Morning,Weekend,2016,11
3566,1737,Alfajores,Morning,Weekend,2016,11
3567,1737,Coffee,Morning,Weekend,2016,11
3568,1737,Coffee,Morning,Weekend,2016,11
3569,1738,Bread,Morning,Weekend,2016,11
3570,1739,Keeping It Local,Morning,Weekend,2016,11
3571,1739,Coffee,Morning,Weekend,2016,11
3572,1739,Coffee,Morning,Weekend,2016,11
3573,1740,Scandinavian,Morning,Weekend,2016,11
3574,1740,Pastry,Morning,Weekend,2016,11
3575,1740,Hot chocolate,Morning,Weekend,2016,11
3576,1740,Coffee,Morning,Weekend,2016,11
3577,1740,Bread,Morning,Weekend,2016,11
3578,1741,Bread,Morning,Weekend,2016,11
3579,1742,Bread,Morning,Weekend,2016,11
3580,1742,Coffee,Morning,Weekend,2016,11
3581,1743,Pastry,Morning,Weekend,2016,11
3582,1743,Coffee,Morning,Weekend,2016,11
3583,1744,Smoothies,Morning,Weekend,2016,11
3584,1744,Keeping It Local,Morning,Weekend,2016,11
3585,1744,Coffee,Morning,Weekend,2016,11
3586,1745,Coffee,Morning,Weekend,2016,11
3587,1745,Coffee,Morning,Weekend,2016,11
3588,1746,Pastry,Morning,Weekend,2016,11
3589,1746,Medialuna,Morning,Weekend,2016,11
3590,1747,Tea,Morning,Weekend,2016,11
3591,1747,Cake,Morning,Weekend,2016,11
3592,1748,Cake,Morning,Weekend,2016,11
3593,1748,Mineral water,Morning,Weekend,2016,11
3594,1749,Farm House,Morning,Weekend,2016,11
3595,1749,Cake,Morning,Weekend,2016,11
3596,1749,Medialuna,Morning,Weekend,2016,11
3597,1749,Tea,Morning,Weekend,2016,11
3598,1749,Coffee,Morning,Weekend,2016,11
3599,1750,Hot chocolate,Morning,Weekend,2016,11
3600,1750,Coffee,Morning,Weekend,2016,11
3601,1750,Bread,Morning,Weekend,2016,11
3602,1751,Bread,Morning,Weekend,2016,11
3603,1752,Alfajores,Morning,Weekend,2016,11
3604,1752,Cake,Morning,Weekend,2016,11
3605,1752,Coffee,Morning,Weekend,2016,11
3606,1752,Sandwich,Morning,Weekend,2016,11
3607,1752,Sandwich,Morning,Weekend,2016,11
3608,1752,My-5 Fruit Shoot,Morning,Weekend,2016,11
3609,1753,Farm House,Morning,Weekend,2016,11
3610,1754,Jam,Morning,Weekend,2016,11
3611,1755,Bread,Afternoon,Weekend,2016,11
3612,1755,Coffee,Afternoon,Weekend,2016,11
3613,1755,Cake,Afternoon,Weekend,2016,11
3614,1756,Bread,Afternoon,Weekend,2016,11
3615,1756,Coffee,Afternoon,Weekend,2016,11
3616,1757,Tartine,Afternoon,Weekend,2016,11
3617,1758,Bread,Afternoon,Weekend,2016,11
3618,1758,Medialuna,Afternoon,Weekend,2016,11
3619,1758,Farm House,Afternoon,Weekend,2016,11
3620,1759,Bread,Afternoon,Weekend,2016,11
3621,1759,Brownie,Afternoon,Weekend,2016,11
3622,1759,Cake,Afternoon,Weekend,2016,11
3623,1760,Cake,Afternoon,Weekend,2016,11
3624,1760,Mineral water,Afternoon,Weekend,2016,11
3625,1760,Alfajores,Afternoon,Weekend,2016,11
3626,1760,Coffee,Afternoon,Weekend,2016,11
3627,1760,Coffee,Afternoon,Weekend,2016,11
3628,1761,Bread,Afternoon,Weekend,2016,11
3629,1762,Coffee,Afternoon,Weekend,2016,11
3630,1762,Coffee,Afternoon,Weekend,2016,11
3631,1763,Bread,Afternoon,Weekend,2016,11
3632,1763,Jam,Afternoon,Weekend,2016,11
3633,1764,Brownie,Afternoon,Weekend,2016,11
3634,1765,Coffee,Afternoon,Weekend,2016,11
3635,1765,Sandwich,Afternoon,Weekend,2016,11
3636,1765,Mineral water,Afternoon,Weekend,2016,11
3637,1767,Coffee,Afternoon,Weekend,2016,11
3638,1767,Coffee,Afternoon,Weekend,2016,11
3639,1768,Bread,Afternoon,Weekend,2016,11
3640,1769,Bread,Afternoon,Weekend,2016,11
3641,1769,Mineral water,Afternoon,Weekend,2016,11
3642,1770,Farm House,Afternoon,Weekend,2016,11
3643,1771,Medialuna,Afternoon,Weekend,2016,11
3644,1771,Coffee,Afternoon,Weekend,2016,11
3645,1772,Juice,Afternoon,Weekend,2016,11
3646,1772,Cookies,Afternoon,Weekend,2016,11
3647,1772,Alfajores,Afternoon,Weekend,2016,11
3648,1772,Coffee,Afternoon,Weekend,2016,11
3649,1772,Focaccia,Afternoon,Weekend,2016,11
3650,1773,Bread,Afternoon,Weekend,2016,11
3651,1774,Sandwich,Afternoon,Weekend,2016,11
3652,1774,Sandwich,Afternoon,Weekend,2016,11
3653,1774,Brownie,Afternoon,Weekend,2016,11
3654,1775,Alfajores,Afternoon,Weekend,2016,11
3655,1775,Bread,Afternoon,Weekend,2016,11
3656,1775,My-5 Fruit Shoot,Afternoon,Weekend,2016,11
3657,1775,Juice,Afternoon,Weekend,2016,11
3658,1776,Bread,Afternoon,Weekend,2016,11
3659,1777,Fudge,Afternoon,Weekend,2016,11
3660,1777,Dulce de Leche,Afternoon,Weekend,2016,11
3661,1777,Coffee,Afternoon,Weekend,2016,11
3662,1777,Cake,Afternoon,Weekend,2016,11
3663,1777,Brownie,Afternoon,Weekend,2016,11
3664,1778,Hot chocolate,Afternoon,Weekend,2016,11
3665,1778,Coffee,Afternoon,Weekend,2016,11
3666,1778,Cake,Afternoon,Weekend,2016,11
3667,1779,Coffee,Afternoon,Weekend,2016,11
3668,1779,Medialuna,Afternoon,Weekend,2016,11
3669,1779,Alfajores,Afternoon,Weekend,2016,11
3670,1780,Coffee,Afternoon,Weekend,2016,11
3671,1780,Keeping It Local,Afternoon,Weekend,2016,11
3672,1780,Farm House,Afternoon,Weekend,2016,11
3673,1781,Bread,Afternoon,Weekend,2016,11
3674,1782,Medialuna,Afternoon,Weekend,2016,11
3675,1782,Truffles,Afternoon,Weekend,2016,11
3676,1783,Cake,Afternoon,Weekend,2016,11
3677,1783,Bread,Afternoon,Weekend,2016,11
3678,1783,Tea,Afternoon,Weekend,2016,11
3679,1783,Truffles,Afternoon,Weekend,2016,11
3680,1784,Bread,Afternoon,Weekend,2016,11
3681,1785,Coffee,Afternoon,Weekend,2016,11
3682,1785,Brownie,Afternoon,Weekend,2016,11
3683,1786,Coffee,Afternoon,Weekend,2016,11
3684,1786,Bread,Afternoon,Weekend,2016,11
3685,1787,Medialuna,Afternoon,Weekend,2016,11
3686,1787,Brownie,Afternoon,Weekend,2016,11
3687,1787,Tea,Afternoon,Weekend,2016,11
3688,1788,Bread,Afternoon,Weekend,2016,11
3689,1788,Scandinavian,Afternoon,Weekend,2016,11
3690,1789,Medialuna,Afternoon,Weekend,2016,11
3691,1789,Hot chocolate,Afternoon,Weekend,2016,11
3692,1789,Cake,Afternoon,Weekend,2016,11
3693,1789,Alfajores,Afternoon,Weekend,2016,11
3694,1789,Truffles,Afternoon,Weekend,2016,11
3695,1790,Brownie,Afternoon,Weekend,2016,11
3696,1790,Medialuna,Afternoon,Weekend,2016,11
3697,1790,Coffee,Afternoon,Weekend,2016,11
3698,1791,Coffee,Afternoon,Weekend,2016,11
3699,1791,Medialuna,Afternoon,Weekend,2016,11
3700,1791,Truffles,Afternoon,Weekend,2016,11
3701,1792,Cake,Afternoon,Weekend,2016,11
3702,1792,Tea,Afternoon,Weekend,2016,11
3703,1793,Mineral water,Afternoon,Weekend,2016,11
3704,1793,Hot chocolate,Afternoon,Weekend,2016,11
3705,1793,Cookies,Afternoon,Weekend,2016,11
3706,1793,Cake,Afternoon,Weekend,2016,11
3707,1794,Cookies,Afternoon,Weekend,2016,11
3708,1795,Bread,Afternoon,Weekend,2016,11
3709,1796,Hot chocolate,Afternoon,Weekend,2016,11
3710,1796,Cake,Afternoon,Weekend,2016,11
3711,1797,Truffles,Afternoon,Weekend,2016,11
3712,1797,Farm House,Afternoon,Weekend,2016,11
3713,1797,Bread,Afternoon,Weekend,2016,11
3714,1798,Tea,Afternoon,Weekend,2016,11
3715,1799,Farm House,Evening,Weekend,2016,11
3716,1800,Coffee,Morning,Weekday,2016,11
3717,1801,Coffee,Morning,Weekday,2016,11
3718,1802,Bread,Morning,Weekday,2016,11
3719,1803,Coffee,Morning,Weekday,2016,11
3720,1804,Coffee,Morning,Weekday,2016,11
3721,1805,Bread,Morning,Weekday,2016,11
3722,1805,Pastry,Morning,Weekday,2016,11
3723,1806,Coffee,Morning,Weekday,2016,11
3724,1807,Coffee,Morning,Weekday,2016,11
3725,1807,Farm House,Morning,Weekday,2016,11
3726,1808,Keeping It Local,Morning,Weekday,2016,11
3727,1808,Coffee,Morning,Weekday,2016,11
3728,1808,Coffee,Morning,Weekday,2016,11
3729,1809,Coffee,Morning,Weekday,2016,11
3730,1809,Medialuna,Morning,Weekday,2016,11
3731,1810,Coffee,Morning,Weekday,2016,11
3732,1811,Coffee,Morning,Weekday,2016,11
3733,1811,Pastry,Morning,Weekday,2016,11
3734,1812,Tea,Morning,Weekday,2016,11
3735,1813,Coffee,Morning,Weekday,2016,11
3736,1813,Keeping It Local,Morning,Weekday,2016,11
3737,1814,Pastry,Morning,Weekday,2016,11
3738,1814,Coffee,Morning,Weekday,2016,11
3739,1814,Smoothies,Morning,Weekday,2016,11
3740,1815,Coffee,Morning,Weekday,2016,11
3741,1815,Muffin,Morning,Weekday,2016,11
3742,1815,Medialuna,Morning,Weekday,2016,11
3743,1816,Coffee,Morning,Weekday,2016,11
3744,1817,Coffee,Morning,Weekday,2016,11
3745,1818,Coffee,Morning,Weekday,2016,11
3746,1819,Coffee,Morning,Weekday,2016,11
3747,1819,Tea,Morning,Weekday,2016,11
3748,1819,Farm House,Morning,Weekday,2016,11
3749,1819,Brownie,Morning,Weekday,2016,11
3750,1820,Coffee,Morning,Weekday,2016,11
3751,1821,Coffee,Afternoon,Weekday,2016,11
3752,1821,Bread,Afternoon,Weekday,2016,11
3753,1821,Coffee,Afternoon,Weekday,2016,11
3754,1821,Keeping It Local,Afternoon,Weekday,2016,11
3755,1822,Tea,Afternoon,Weekday,2016,11
3756,1823,Coffee,Afternoon,Weekday,2016,11
3757,1823,Bread,Afternoon,Weekday,2016,11
3758,1824,Farm House,Afternoon,Weekday,2016,11
3759,1825,Coffee,Afternoon,Weekday,2016,11
3760,1826,Sandwich,Afternoon,Weekday,2016,11
3761,1827,Farm House,Afternoon,Weekday,2016,11
3762,1827,Scandinavian,Afternoon,Weekday,2016,11
3763,1828,Coffee,Afternoon,Weekday,2016,11
3764,1829,Coffee,Afternoon,Weekday,2016,11
3765,1829,Cake,Afternoon,Weekday,2016,11
3766,1830,Bread,Afternoon,Weekday,2016,11
3767,1830,Tea,Afternoon,Weekday,2016,11
3768,1831,Truffles,Afternoon,Weekday,2016,11
3769,1832,Bread,Afternoon,Weekday,2016,11
3770,1832,Fudge,Afternoon,Weekday,2016,11
3771,1832,Medialuna,Afternoon,Weekday,2016,11
3772,1832,Pastry,Afternoon,Weekday,2016,11
3773,1833,Bread,Afternoon,Weekday,2016,11
3774,1834,Tea,Afternoon,Weekday,2016,11
3775,1834,Brownie,Afternoon,Weekday,2016,11
3776,1834,Cake,Afternoon,Weekday,2016,11
3777,1835,Juice,Afternoon,Weekday,2016,11
3778,1835,Medialuna,Afternoon,Weekday,2016,11
3779,1836,Tea,Afternoon,Weekday,2016,11
3780,1836,Cake,Afternoon,Weekday,2016,11
3781,1837,Coffee,Afternoon,Weekday,2016,11
3782,1837,Tea,Afternoon,Weekday,2016,11
3783,1837,Sandwich,Afternoon,Weekday,2016,11
3784,1837,Medialuna,Afternoon,Weekday,2016,11
3785,1837,Bread,Afternoon,Weekday,2016,11
3786,1838,Alfajores,Afternoon,Weekday,2016,11
3787,1839,Coffee,Afternoon,Weekday,2016,11
3788,1839,Coffee,Afternoon,Weekday,2016,11
3789,1840,Cookies,Afternoon,Weekday,2016,11
3790,1840,My-5 Fruit Shoot,Afternoon,Weekday,2016,11
3791,1840,Coffee,Afternoon,Weekday,2016,11
3792,1840,Keeping It Local,Afternoon,Weekday,2016,11
3793,1841,Hot chocolate,Afternoon,Weekday,2016,11
3794,1841,Hot chocolate,Afternoon,Weekday,2016,11
3795,1841,Bread,Afternoon,Weekday,2016,11
3796,1841,Alfajores,Afternoon,Weekday,2016,11
3797,1842,Bread,Afternoon,Weekday,2016,11
3798,1843,Farm House,Afternoon,Weekday,2016,11
3799,1844,Coffee,Afternoon,Weekday,2016,11
3800,1844,Juice,Afternoon,Weekday,2016,11
3801,1844,Pastry,Afternoon,Weekday,2016,11
3802,1845,Cookies,Afternoon,Weekday,2016,11
3803,1846,Brownie,Afternoon,Weekday,2016,11
3804,1847,Coffee,Morning,Weekday,2016,11
3805,1847,Medialuna,Morning,Weekday,2016,11
3806,1848,Keeping It Local,Morning,Weekday,2016,11
3807,1848,Coffee,Morning,Weekday,2016,11
3808,1849,Tea,Morning,Weekday,2016,11
3809,1850,Tea,Morning,Weekday,2016,11
3810,1850,Medialuna,Morning,Weekday,2016,11
3811,1851,Scandinavian,Morning,Weekday,2016,11
3812,1851,Bread,Morning,Weekday,2016,11
3813,1852,Scandinavian,Morning,Weekday,2016,11
3814,1852,Bread,Morning,Weekday,2016,11
3815,1853,Pastry,Morning,Weekday,2016,11
3816,1853,Keeping It Local,Morning,Weekday,2016,11
3817,1853,Coffee,Morning,Weekday,2016,11
3818,1853,Hot chocolate,Morning,Weekday,2016,11
3819,1854,Bread,Morning,Weekday,2016,11
3820,1855,Coffee,Morning,Weekday,2016,11
3821,1856,Bread,Morning,Weekday,2016,11
3822,1857,Coffee,Morning,Weekday,2016,11
3823,1857,Cookies,Morning,Weekday,2016,11
3824,1858,Coffee,Morning,Weekday,2016,11
3825,1858,Coffee,Morning,Weekday,2016,11
3826,1858,Pastry,Morning,Weekday,2016,11
3827,1859,Tea,Morning,Weekday,2016,11
3828,1860,Coffee,Morning,Weekday,2016,11
3829,1860,Brownie,Morning,Weekday,2016,11
3830,1860,Bread,Morning,Weekday,2016,11
3831,1861,Sandwich,Afternoon,Weekday,2016,11
3832,1861,Coke,Afternoon,Weekday,2016,11
3833,1862,Cake,Afternoon,Weekday,2016,11
3834,1862,Bread,Afternoon,Weekday,2016,11
3835,1862,Tea,Afternoon,Weekday,2016,11
3836,1862,Medialuna,Afternoon,Weekday,2016,11
3837,1863,Bread,Afternoon,Weekday,2016,11
3838,1864,Coffee,Afternoon,Weekday,2016,11
3839,1864,Medialuna,Afternoon,Weekday,2016,11
3840,1864,Brownie,Afternoon,Weekday,2016,11
3841,1865,Bread,Afternoon,Weekday,2016,11
3842,1866,Coffee,Afternoon,Weekday,2016,11
3843,1867,Medialuna,Afternoon,Weekday,2016,11
3844,1868,Coffee,Afternoon,Weekday,2016,11
3845,1868,Scandinavian,Afternoon,Weekday,2016,11
3846,1868,Medialuna,Afternoon,Weekday,2016,11
3847,1869,Tea,Afternoon,Weekday,2016,11
3848,1869,Brownie,Afternoon,Weekday,2016,11
3849,1870,Coffee,Afternoon,Weekday,2016,11
3850,1870,Pastry,Afternoon,Weekday,2016,11
3851,1871,Coffee,Afternoon,Weekday,2016,11
3852,1872,Fudge,Afternoon,Weekday,2016,11
3853,1872,Cake,Afternoon,Weekday,2016,11
3854,1872,Coffee,Afternoon,Weekday,2016,11
3855,1872,Tea,Afternoon,Weekday,2016,11
3856,1873,Bread,Afternoon,Weekday,2016,11
3857,1874,Coffee,Afternoon,Weekday,2016,11
3858,1874,Cake,Afternoon,Weekday,2016,11
3859,1875,Sandwich,Afternoon,Weekday,2016,11
3860,1875,Coffee,Afternoon,Weekday,2016,11
3861,1875,Coffee,Afternoon,Weekday,2016,11
3862,1875,Tea,Afternoon,Weekday,2016,11
3863,1875,Brownie,Afternoon,Weekday,2016,11
3864,1875,Cake,Afternoon,Weekday,2016,11
3865,1876,Coffee,Afternoon,Weekday,2016,11
3866,1876,Alfajores,Afternoon,Weekday,2016,11
3867,1876,Coffee,Afternoon,Weekday,2016,11
3868,1876,Cake,Afternoon,Weekday,2016,11
3869,1877,Coffee,Afternoon,Weekday,2016,11
3870,1877,Coffee,Afternoon,Weekday,2016,11
3871,1878,Mineral water,Afternoon,Weekday,2016,11
3872,1879,Coffee,Afternoon,Weekday,2016,11
3873,1879,Cookies,Afternoon,Weekday,2016,11
3874,1880,Bread,Afternoon,Weekday,2016,11
3875,1880,Cake,Afternoon,Weekday,2016,11
3876,1881,Bread,Afternoon,Weekday,2016,11
3877,1882,Coffee,Afternoon,Weekday,2016,11
3878,1885,Tea,Afternoon,Weekday,2016,11
3879,1885,Brownie,Afternoon,Weekday,2016,11
3880,1885,Cake,Afternoon,Weekday,2016,11
3881,1886,Hot chocolate,Afternoon,Weekday,2016,11
3882,1886,Hot chocolate,Afternoon,Weekday,2016,11
3883,1886,Medialuna,Afternoon,Weekday,2016,11
3884,1887,Hot chocolate,Afternoon,Weekday,2016,11
3885,1888,Coffee,Evening,Weekday,2016,11
3886,1888,Bread,Evening,Weekday,2016,11
3887,1889,Cake,Evening,Weekday,2016,11
3888,1889,Coffee,Evening,Weekday,2016,11
3889,1890,Coffee,Morning,Weekday,2016,11
3890,1890,Cake,Morning,Weekday,2016,11
3891,1891,Hot chocolate,Morning,Weekday,2016,11
3892,1891,Medialuna,Morning,Weekday,2016,11
3893,1891,Coffee,Morning,Weekday,2016,11
3894,1892,Hot chocolate,Morning,Weekday,2016,11
3895,1892,Medialuna,Morning,Weekday,2016,11
3896,1892,Coffee,Morning,Weekday,2016,11
3897,1893,Coffee,Morning,Weekday,2016,11
3898,1893,Hot chocolate,Morning,Weekday,2016,11
3899,1893,Medialuna,Morning,Weekday,2016,11
3900,1894,Coffee,Morning,Weekday,2016,11
3901,1894,Keeping It Local,Morning,Weekday,2016,11
3902,1894,Bread,Morning,Weekday,2016,11
3903,1895,Coffee,Morning,Weekday,2016,11
3904,1896,Coffee,Morning,Weekday,2016,11
3905,1897,Coffee,Morning,Weekday,2016,11
3906,1898,Coffee,Morning,Weekday,2016,11
3907,1898,Bread,Morning,Weekday,2016,11
3908,1899,Coffee,Morning,Weekday,2016,11
3909,1899,Sandwich,Morning,Weekday,2016,11
3910,1900,Bread,Morning,Weekday,2016,11
3911,1900,Keeping It Local,Morning,Weekday,2016,11
3912,1900,Cake,Morning,Weekday,2016,11
3913,1901,Coffee,Morning,Weekday,2016,11
3914,1902,Brownie,Morning,Weekday,2016,11
3915,1902,Cookies,Morning,Weekday,2016,11
3916,1903,Bread,Morning,Weekday,2016,11
3917,1904,Juice,Morning,Weekday,2016,11
3918,1904,Bread,Morning,Weekday,2016,11
3919,1905,Coffee,Morning,Weekday,2016,11
3920,1905,Cookies,Morning,Weekday,2016,11
3921,1906,Coffee,Morning,Weekday,2016,11
3922,1907,Coffee,Afternoon,Weekday,2016,11
3923,1907,Medialuna,Afternoon,Weekday,2016,11
3924,1907,Cookies,Afternoon,Weekday,2016,11
3925,1907,Tea,Afternoon,Weekday,2016,11
3926,1908,Tea,Afternoon,Weekday,2016,11
3927,1908,Cookies,Afternoon,Weekday,2016,11
3928,1909,Mineral water,Afternoon,Weekday,2016,11
3929,1910,Coffee,Afternoon,Weekday,2016,11
3930,1910,Bread,Afternoon,Weekday,2016,11
3931,1910,Tea,Afternoon,Weekday,2016,11
3932,1910,Pastry,Afternoon,Weekday,2016,11
3933,1910,Tiffin,Afternoon,Weekday,2016,11
3934,1910,Cake,Afternoon,Weekday,2016,11
3935,1911,Coffee,Afternoon,Weekday,2016,11
3936,1912,Cookies,Afternoon,Weekday,2016,11
3937,1913,Sandwich,Afternoon,Weekday,2016,11
3938,1914,Coffee,Afternoon,Weekday,2016,11
3939,1915,Tea,Afternoon,Weekday,2016,11
3940,1915,Sandwich,Afternoon,Weekday,2016,11
3941,1916,Jam,Afternoon,Weekday,2016,11
3942,1917,Brownie,Afternoon,Weekday,2016,11
3943,1917,Tea,Afternoon,Weekday,2016,11
3944,1919,Bread,Afternoon,Weekday,2016,11
3945,1920,Bread,Afternoon,Weekday,2016,11
3946,1920,Olum & polenta,Afternoon,Weekday,2016,11
3947,1921,Bread,Afternoon,Weekday,2016,11
3948,1922,Polenta,Afternoon,Weekday,2016,11
3949,1922,Tea,Afternoon,Weekday,2016,11
3950,1923,Coffee,Afternoon,Weekday,2016,11
3951,1923,Sandwich,Afternoon,Weekday,2016,11
3952,1924,Coffee,Afternoon,Weekday,2016,11
3953,1925,Coffee,Afternoon,Weekday,2016,11
3954,1925,Cake,Afternoon,Weekday,2016,11
3955,1926,Tea,Afternoon,Weekday,2016,11
3956,1926,Coffee,Afternoon,Weekday,2016,11
3957,1926,Alfajores,Afternoon,Weekday,2016,11
3958,1927,Coke,Afternoon,Weekday,2016,11
3959,1928,Coffee,Afternoon,Weekday,2016,11
3960,1929,Coffee,Afternoon,Weekday,2016,11
3961,1930,Coffee,Afternoon,Weekday,2016,11
3962,1930,Medialuna,Afternoon,Weekday,2016,11
3963,1931,Cookies,Afternoon,Weekday,2016,11
3964,1931,Bread,Afternoon,Weekday,2016,11
3965,1932,Coffee,Afternoon,Weekday,2016,11
3966,1933,Coffee,Evening,Weekday,2016,11
3967,1934,Bread,Evening,Weekday,2016,11
3968,1935,Bread,Morning,Weekday,2016,11
3969,1936,Coffee,Morning,Weekday,2016,11
3970,1937,Coffee,Morning,Weekday,2016,11
3971,1938,Hot chocolate,Morning,Weekday,2016,11
3972,1939,Pastry,Morning,Weekday,2016,11
3973,1940,Coffee,Morning,Weekday,2016,11
3974,1940,Keeping It Local,Morning,Weekday,2016,11
3975,1941,Pastry,Morning,Weekday,2016,11
3976,1941,Bread,Morning,Weekday,2016,11
3977,1942,Bread,Morning,Weekday,2016,11
3978,1942,Keeping It Local,Morning,Weekday,2016,11
3979,1943,Pastry,Morning,Weekday,2016,11
3980,1944,Hot chocolate,Morning,Weekday,2016,11
3981,1945,Coffee,Morning,Weekday,2016,11
3982,1945,Pastry,Morning,Weekday,2016,11
3983,1946,Bread,Morning,Weekday,2016,11
3984,1946,Medialuna,Morning,Weekday,2016,11
3985,1947,Medialuna,Morning,Weekday,2016,11
3986,1947,Medialuna,Morning,Weekday,2016,11
3987,1947,Pastry,Morning,Weekday,2016,11
3988,1947,Alfajores,Morning,Weekday,2016,11
3989,1948,Coffee,Morning,Weekday,2016,11
3990,1949,Coffee,Morning,Weekday,2016,11
3991,1950,Tea,Morning,Weekday,2016,11
3992,1950,Cake,Morning,Weekday,2016,11
3993,1951,Coffee,Morning,Weekday,2016,11
3994,1951,Bread,Morning,Weekday,2016,11
3995,1952,Coffee,Morning,Weekday,2016,11
3996,1953,Bread,Morning,Weekday,2016,11
3997,1953,Tea,Morning,Weekday,2016,11
3998,1953,Cake,Morning,Weekday,2016,11
3999,1954,Bread,Morning,Weekday,2016,11
4000,1954,Bread,Morning,Weekday,2016,11
4001,1954,Coffee,Morning,Weekday,2016,11
4002,1955,Coffee,Morning,Weekday,2016,11
4003,1955,Alfajores,Morning,Weekday,2016,11
4004,1956,Coffee,Morning,Weekday,2016,11
4005,1957,Bread,Morning,Weekday,2016,11
4006,1957,Cookies,Morning,Weekday,2016,11
4007,1958,Bread,Morning,Weekday,2016,11
4008,1958,Sandwich,Morning,Weekday,2016,11
4009,1958,Tea,Morning,Weekday,2016,11
4010,1959,Bread,Morning,Weekday,2016,11
4011,1960,Tea,Morning,Weekday,2016,11
4012,1960,Coffee,Morning,Weekday,2016,11
4013,1960,Cake,Morning,Weekday,2016,11
4014,1961,Bread,Morning,Weekday,2016,11
4015,1962,Hot chocolate,Morning,Weekday,2016,11
4016,1962,Brownie,Morning,Weekday,2016,11
4017,1963,Bread,Morning,Weekday,2016,11
4018,1964,Tea,Morning,Weekday,2016,11
4019,1964,Coffee,Morning,Weekday,2016,11
4020,1965,Coffee,Morning,Weekday,2016,11
4021,1965,Cake,Morning,Weekday,2016,11
4022,1966,The Nomad,Morning,Weekday,2016,11
4023,1966,Bread,Morning,Weekday,2016,11
4024,1966,Tea,Morning,Weekday,2016,11
4025,1967,Coffee,Afternoon,Weekday,2016,11
4026,1967,Smoothies,Afternoon,Weekday,2016,11
4027,1968,Bread,Afternoon,Weekday,2016,11
4028,1969,Bread,Afternoon,Weekday,2016,11
4029,1970,Coffee,Afternoon,Weekday,2016,11
4030,1970,Bread,Afternoon,Weekday,2016,11
4031,1971,Coffee,Afternoon,Weekday,2016,11
4032,1971,Cake,Afternoon,Weekday,2016,11
4033,1972,Fudge,Afternoon,Weekday,2016,11
4034,1972,Coffee,Afternoon,Weekday,2016,11
4035,1972,Coffee,Afternoon,Weekday,2016,11
4036,1972,Sandwich,Afternoon,Weekday,2016,11
4037,1973,Brownie,Afternoon,Weekday,2016,11
4038,1974,Bread,Afternoon,Weekday,2016,11
4039,1974,Sandwich,Afternoon,Weekday,2016,11
4040,1975,Coffee,Afternoon,Weekday,2016,11
4041,1976,Bread,Afternoon,Weekday,2016,11
4042,1976,Brownie,Afternoon,Weekday,2016,11
4043,1977,Sandwich,Afternoon,Weekday,2016,11
4044,1978,Coffee,Afternoon,Weekday,2016,11
4045,1978,Sandwich,Afternoon,Weekday,2016,11
4046,1978,Hearty & Seasonal,Afternoon,Weekday,2016,11
4047,1979,Coffee,Afternoon,Weekday,2016,11
4048,1980,Tea,Afternoon,Weekday,2016,11
4049,1980,Cake,Afternoon,Weekday,2016,11
4050,1981,Coffee,Afternoon,Weekday,2016,11
4051,1981,Bread,Afternoon,Weekday,2016,11
4052,1982,Coffee,Afternoon,Weekday,2016,11
4053,1982,Sandwich,Afternoon,Weekday,2016,11
4054,1983,Coffee,Afternoon,Weekday,2016,11
4055,1984,Cake,Afternoon,Weekday,2016,11
4056,1985,Coffee,Afternoon,Weekday,2016,11
4057,1985,Alfajores,Afternoon,Weekday,2016,11
4058,1986,Coffee,Afternoon,Weekday,2016,11
4059,1986,Cake,Afternoon,Weekday,2016,11
4060,1987,Tea,Afternoon,Weekday,2016,11
4061,1987,Tea,Afternoon,Weekday,2016,11
4062,1988,Bread,Afternoon,Weekday,2016,11
4063,1989,Tea,Afternoon,Weekday,2016,11
4064,1989,Cake,Afternoon,Weekday,2016,11
4065,1990,Brownie,Afternoon,Weekday,2016,11
4066,1990,Alfajores,Afternoon,Weekday,2016,11
4067,1991,Hack the stack,Afternoon,Weekday,2016,11
4068,1991,Art Tray,Afternoon,Weekday,2016,11
4069,1991,Coffee,Afternoon,Weekday,2016,11
4070,1992,Tea,Afternoon,Weekday,2016,11
4071,1993,Coffee,Afternoon,Weekday,2016,11
4072,1993,Cake,Afternoon,Weekday,2016,11
4073,1994,Coffee,Afternoon,Weekday,2016,11
4074,1994,Coke,Afternoon,Weekday,2016,11
4075,1995,Hack the stack,Evening,Weekday,2016,11
4076,1995,My-5 Fruit Shoot,Evening,Weekday,2016,11
4077,1995,Tea,Evening,Weekday,2016,11
4078,1995,Art Tray,Evening,Weekday,2016,11
4079,1996,Ella's Kitchen Pouches,Evening,Weekday,2016,11
4080,1997,Coffee,Morning,Weekday,2016,11
4081,1997,Medialuna,Morning,Weekday,2016,11
4082,1998,Coffee,Morning,Weekday,2016,11
4083,1999,Coffee,Morning,Weekday,2016,11
4084,1999,Coffee,Morning,Weekday,2016,11
4085,2000,Coffee,Morning,Weekday,2016,11
4086,2000,Bread,Morning,Weekday,2016,11
4087,2001,Coffee,Morning,Weekday,2016,11
4088,2001,Medialuna,Morning,Weekday,2016,11
4089,2002,Coffee,Morning,Weekday,2016,11
4090,2003,Coffee,Morning,Weekday,2016,11
4091,2004,Coffee,Morning,Weekday,2016,11
4092,2004,Pastry,Morning,Weekday,2016,11
4093,2004,Bread,Morning,Weekday,2016,11
4094,2005,Bread,Morning,Weekday,2016,11
4095,2005,Coffee,Morning,Weekday,2016,11
4096,2006,Bread,Morning,Weekday,2016,11
4097,2007,Keeping It Local,Morning,Weekday,2016,11
4098,2007,Coffee,Morning,Weekday,2016,11
4099,2007,Bread,Morning,Weekday,2016,11
4100,2008,Coffee,Morning,Weekday,2016,11
4101,2009,Coffee,Morning,Weekday,2016,11
4102,2009,Coffee,Morning,Weekday,2016,11
4103,2010,Keeping It Local,Morning,Weekday,2016,11
4104,2010,Tea,Morning,Weekday,2016,11
4105,2010,Brownie,Morning,Weekday,2016,11
4106,2010,Bread,Morning,Weekday,2016,11
4107,2011,Coffee,Morning,Weekday,2016,11
4108,2011,Pastry,Morning,Weekday,2016,11
4109,2012,Bread,Morning,Weekday,2016,11
4110,2013,Coffee,Morning,Weekday,2016,11
4111,2013,Cake,Morning,Weekday,2016,11
4112,2014,Coffee,Morning,Weekday,2016,11
4113,2014,Keeping It Local,Morning,Weekday,2016,11
4114,2015,Coffee,Morning,Weekday,2016,11
4115,2016,Bread,Morning,Weekday,2016,11
4116,2016,Medialuna,Morning,Weekday,2016,11
4117,2017,Bread,Morning,Weekday,2016,11
4118,2017,Focaccia,Morning,Weekday,2016,11
4119,2018,Medialuna,Morning,Weekday,2016,11
4120,2018,Coffee,Morning,Weekday,2016,11
4121,2019,Bread,Morning,Weekday,2016,11
4122,2020,Coffee,Morning,Weekday,2016,11
4123,2020,Coffee,Morning,Weekday,2016,11
4124,2021,Coffee,Morning,Weekday,2016,11
4125,2022,Bread,Morning,Weekday,2016,11
4126,2023,Farm House,Morning,Weekday,2016,11
4127,2024,Coffee,Morning,Weekday,2016,11
4128,2024,Pastry,Morning,Weekday,2016,11
4129,2025,Cookies,Morning,Weekday,2016,11
4130,2025,Juice,Morning,Weekday,2016,11
4131,2025,Tea,Morning,Weekday,2016,11
4132,2025,Alfajores,Morning,Weekday,2016,11
4133,2026,Coffee,Morning,Weekday,2016,11
4134,2026,Alfajores,Morning,Weekday,2016,11
4135,2027,Coffee,Morning,Weekday,2016,11
4136,2027,Sandwich,Morning,Weekday,2016,11
4137,2028,Coffee,Afternoon,Weekday,2016,11
4138,2029,Coffee,Afternoon,Weekday,2016,11
4139,2029,Coffee,Afternoon,Weekday,2016,11
4140,2030,Bread,Afternoon,Weekday,2016,11
4141,2031,Coffee,Afternoon,Weekday,2016,11
4142,2031,Bread,Afternoon,Weekday,2016,11
4143,2033,Coffee,Afternoon,Weekday,2016,11
4144,2034,Tea,Afternoon,Weekday,2016,11
4145,2035,Sandwich,Afternoon,Weekday,2016,11
4146,2035,Bread,Afternoon,Weekday,2016,11
4147,2036,Tea,Afternoon,Weekday,2016,11
4148,2036,Art Tray,Afternoon,Weekday,2016,11
4149,2037,Bread,Afternoon,Weekday,2016,11
4150,2038,Coffee,Afternoon,Weekday,2016,11
4151,2038,Cake,Afternoon,Weekday,2016,11
4152,2039,Mineral water,Afternoon,Weekday,2016,11
4153,2039,Coffee,Afternoon,Weekday,2016,11
4154,2040,Mineral water,Afternoon,Weekday,2016,11
4155,2041,Tartine,Afternoon,Weekday,2016,11
4156,2042,Coffee,Afternoon,Weekday,2016,11
4157,2043,Bread,Afternoon,Weekday,2016,11
4158,2043,Coffee,Afternoon,Weekday,2016,11
4159,2044,Bread,Afternoon,Weekday,2016,11
4160,2045,Hot chocolate,Afternoon,Weekday,2016,11
4161,2045,Bread,Afternoon,Weekday,2016,11
4162,2045,Sandwich,Afternoon,Weekday,2016,11
4163,2048,Juice,Afternoon,Weekday,2016,11
4164,2049,Bread,Afternoon,Weekday,2016,11
4165,2050,Mineral water,Afternoon,Weekday,2016,11
4166,2051,Sandwich,Afternoon,Weekday,2016,11
4167,2051,Bread,Afternoon,Weekday,2016,11
4168,2051,Jam,Afternoon,Weekday,2016,11
4169,2052,Coffee,Afternoon,Weekday,2016,11
4170,2052,Sandwich,Afternoon,Weekday,2016,11
4171,2052,Bread,Afternoon,Weekday,2016,11
4172,2053,Tea,Afternoon,Weekday,2016,11
4173,2054,Tea,Afternoon,Weekday,2016,11
4174,2055,Bread,Afternoon,Weekday,2016,11
4175,2055,Pastry,Afternoon,Weekday,2016,11
4176,2057,Coffee,Afternoon,Weekday,2016,11
4177,2057,Tea,Afternoon,Weekday,2016,11
4178,2058,Bread,Afternoon,Weekday,2016,11
4179,2058,Brownie,Afternoon,Weekday,2016,11
4180,2059,Alfajores,Afternoon,Weekday,2016,11
4181,2059,Alfajores,Afternoon,Weekday,2016,11
4182,2059,Bread,Afternoon,Weekday,2016,11
4183,2061,Coffee,Afternoon,Weekday,2016,11
4184,2061,Medialuna,Afternoon,Weekday,2016,11
4185,2062,Medialuna,Afternoon,Weekday,2016,11
4186,2063,Coffee,Afternoon,Weekday,2016,11
4187,2063,Bread,Afternoon,Weekday,2016,11
4188,2063,Pastry,Afternoon,Weekday,2016,11
4189,2063,Medialuna,Afternoon,Weekday,2016,11
4190,2065,Tea,Evening,Weekday,2016,11
4191,2065,Alfajores,Evening,Weekday,2016,11
4192,2065,Cake,Evening,Weekday,2016,11
4193,2066,Tea,Evening,Weekday,2016,11
4194,2066,Brownie,Evening,Weekday,2016,11
4195,2066,Alfajores,Evening,Weekday,2016,11
4196,2066,Pastry,Evening,Weekday,2016,11
4197,2066,Bread,Evening,Weekday,2016,11
4198,2067,Medialuna,Evening,Weekday,2016,11
4199,2067,Pastry,Evening,Weekday,2016,11
4200,2068,Brownie,Evening,Weekday,2016,11
4201,2069,Bread,Morning,Weekend,2016,11
4202,2070,Coffee,Morning,Weekend,2016,11
4203,2071,Bread,Morning,Weekend,2016,11
4204,2071,Coffee,Morning,Weekend,2016,11
4205,2071,Bread,Morning,Weekend,2016,11
4206,2072,Bread,Morning,Weekend,2016,11
4207,2073,Bread,Morning,Weekend,2016,11
4208,2073,Coffee,Morning,Weekend,2016,11
4209,2073,Medialuna,Morning,Weekend,2016,11
4210,2074,Bread,Morning,Weekend,2016,11
4211,2075,Bread,Morning,Weekend,2016,11
4212,2076,Pastry,Morning,Weekend,2016,11
4213,2077,Bread,Morning,Weekend,2016,11
4214,2078,Farm House,Morning,Weekend,2016,11
4215,2079,Medialuna,Morning,Weekend,2016,11
4216,2079,Scandinavian,Morning,Weekend,2016,11
4217,2079,Coffee,Morning,Weekend,2016,11
4218,2080,Coffee,Morning,Weekend,2016,11
4219,2081,Coffee,Morning,Weekend,2016,11
4220,2082,Bread,Morning,Weekend,2016,11
4221,2082,Medialuna,Morning,Weekend,2016,11
4222,2083,Cake,Morning,Weekend,2016,11
4223,2084,Muffin,Morning,Weekend,2016,11
4224,2084,Coffee,Morning,Weekend,2016,11
4225,2085,Bread,Morning,Weekend,2016,11
4226,2086,Scandinavian,Morning,Weekend,2016,11
4227,2087,Muffin,Morning,Weekend,2016,11
4228,2088,Scandinavian,Morning,Weekend,2016,11
4229,2089,Coffee,Morning,Weekend,2016,11
4230,2090,Bread,Morning,Weekend,2016,11
4231,2091,Bread,Morning,Weekend,2016,11
4232,2092,Coffee,Morning,Weekend,2016,11
4233,2092,Medialuna,Morning,Weekend,2016,11
4234,2093,Bread,Morning,Weekend,2016,11
4235,2094,Medialuna,Morning,Weekend,2016,11
4236,2094,Bread,Morning,Weekend,2016,11
4237,2094,Tea,Morning,Weekend,2016,11
4238,2094,Coffee,Morning,Weekend,2016,11
4239,2095,Bread,Morning,Weekend,2016,11
4240,2096,Cake,Morning,Weekend,2016,11
4241,2096,Muffin,Morning,Weekend,2016,11
4242,2096,Muffin,Morning,Weekend,2016,11
4243,2096,Jam,Morning,Weekend,2016,11
4244,2097,Bread,Morning,Weekend,2016,11
4245,2097,Pastry,Morning,Weekend,2016,11
4246,2098,Coffee,Morning,Weekend,2016,11
4247,2099,Coffee,Morning,Weekend,2016,11
4248,2100,Scandinavian,Morning,Weekend,2016,11
4249,2101,Scandinavian,Morning,Weekend,2016,11
4250,2102,Pastry,Morning,Weekend,2016,11
4251,2102,Medialuna,Morning,Weekend,2016,11
4252,2102,Coffee,Morning,Weekend,2016,11
4253,2103,Medialuna,Morning,Weekend,2016,11
4254,2103,Pastry,Morning,Weekend,2016,11
4255,2103,Bread,Morning,Weekend,2016,11
4256,2103,Coffee,Morning,Weekend,2016,11
4257,2104,Medialuna,Morning,Weekend,2016,11
4258,2104,Bread,Morning,Weekend,2016,11
4259,2105,Coffee,Morning,Weekend,2016,11
4260,2105,Tea,Morning,Weekend,2016,11
4261,2105,Pastry,Morning,Weekend,2016,11
4262,2106,Coffee,Morning,Weekend,2016,11
4263,2107,Juice,Morning,Weekend,2016,11
4264,2108,Coffee,Morning,Weekend,2016,11
4265,2108,Coffee,Morning,Weekend,2016,11
4266,2109,Muffin,Morning,Weekend,2016,11
4267,2109,Cake,Morning,Weekend,2016,11
4268,2109,Pastry,Morning,Weekend,2016,11
4269,2109,Tea,Morning,Weekend,2016,11
4270,2109,Coffee,Morning,Weekend,2016,11
4271,2109,Coffee,Morning,Weekend,2016,11
4272,2110,Hot chocolate,Morning,Weekend,2016,11
4273,2111,Muffin,Morning,Weekend,2016,11
4274,2112,Tartine,Morning,Weekend,2016,11
4275,2112,Juice,Morning,Weekend,2016,11
4276,2112,Bread,Morning,Weekend,2016,11
4277,2112,Coffee,Morning,Weekend,2016,11
4278,2113,Coffee,Morning,Weekend,2016,11
4279,2113,Fudge,Morning,Weekend,2016,11
4280,2114,Coffee,Afternoon,Weekend,2016,11
4281,2114,Bread,Afternoon,Weekend,2016,11
4282,2115,Bread,Afternoon,Weekend,2016,11
4283,2116,Coffee,Afternoon,Weekend,2016,11
4284,2116,Tea,Afternoon,Weekend,2016,11
4285,2117,Coffee,Afternoon,Weekend,2016,11
4286,2117,Sandwich,Afternoon,Weekend,2016,11
4287,2118,Coffee,Afternoon,Weekend,2016,11
4288,2118,Coke,Afternoon,Weekend,2016,11
4289,2118,Sandwich,Afternoon,Weekend,2016,11
4290,2119,Scandinavian,Afternoon,Weekend,2016,11
4291,2120,Tea,Afternoon,Weekend,2016,11
4292,2120,Muffin,Afternoon,Weekend,2016,11
4293,2121,Bread,Afternoon,Weekend,2016,11
4294,2121,Scandinavian,Afternoon,Weekend,2016,11
4295,2122,Coffee,Afternoon,Weekend,2016,11
4296,2122,Coffee,Afternoon,Weekend,2016,11
4297,2123,Coffee,Afternoon,Weekend,2016,11
4298,2123,The Nomad,Afternoon,Weekend,2016,11
4299,2123,Tartine,Afternoon,Weekend,2016,11
4300,2124,Coffee,Afternoon,Weekend,2016,11
4301,2124,Coffee,Afternoon,Weekend,2016,11
4302,2124,Sandwich,Afternoon,Weekend,2016,11
4303,2125,Coffee,Afternoon,Weekend,2016,11
4304,2125,Alfajores,Afternoon,Weekend,2016,11
4305,2126,Coffee,Afternoon,Weekend,2016,11
4306,2126,Tea,Afternoon,Weekend,2016,11
4307,2127,Scandinavian,Afternoon,Weekend,2016,11
4308,2128,Bread,Afternoon,Weekend,2016,11
4309,2129,Mineral water,Afternoon,Weekend,2016,11
4310,2130,Alfajores,Afternoon,Weekend,2016,11
4311,2130,Muffin,Afternoon,Weekend,2016,11
4312,2130,Cake,Afternoon,Weekend,2016,11
4313,2131,Tea,Afternoon,Weekend,2016,11
4314,2132,Bread,Afternoon,Weekend,2016,11
4315,2133,Bread,Afternoon,Weekend,2016,11
4316,2134,Scandinavian,Afternoon,Weekend,2016,11
4317,2135,Coffee,Afternoon,Weekend,2016,11
4318,2135,Bread,Afternoon,Weekend,2016,11
4319,2135,Sandwich,Afternoon,Weekend,2016,11
4320,2136,Hot chocolate,Afternoon,Weekend,2016,11
4321,2136,Tea,Afternoon,Weekend,2016,11
4322,2137,Muffin,Afternoon,Weekend,2016,11
4323,2138,Sandwich,Afternoon,Weekend,2016,11
4324,2138,Coffee,Afternoon,Weekend,2016,11
4325,2140,Bread,Afternoon,Weekend,2016,11
4326,2141,Muffin,Afternoon,Weekend,2016,11
4327,2141,Coffee,Afternoon,Weekend,2016,11
4328,2142,Coffee,Afternoon,Weekend,2016,11
4329,2142,Coffee,Afternoon,Weekend,2016,11
4330,2142,Pastry,Afternoon,Weekend,2016,11
4331,2142,Cake,Afternoon,Weekend,2016,11
4332,2143,Tea,Afternoon,Weekend,2016,11
4333,2143,Hot chocolate,Afternoon,Weekend,2016,11
4334,2143,Cookies,Afternoon,Weekend,2016,11
4335,2143,Cake,Afternoon,Weekend,2016,11
4336,2144,Cake,Afternoon,Weekend,2016,11
4337,2145,Sandwich,Afternoon,Weekend,2016,11
4338,2145,Bread,Afternoon,Weekend,2016,11
4339,2146,Bakewell,Afternoon,Weekend,2016,11
4340,2146,Coffee,Afternoon,Weekend,2016,11
4341,2147,Alfajores,Afternoon,Weekend,2016,11
4342,2147,Bread,Afternoon,Weekend,2016,11
4343,2147,Tea,Afternoon,Weekend,2016,11
4344,2148,Sandwich,Afternoon,Weekend,2016,11
4345,2148,Medialuna,Afternoon,Weekend,2016,11
4346,2148,Tea,Afternoon,Weekend,2016,11
4347,2148,Coffee,Afternoon,Weekend,2016,11
4348,2149,Bread,Afternoon,Weekend,2016,11
4349,2149,Tea,Afternoon,Weekend,2016,11
4350,2149,Alfajores,Afternoon,Weekend,2016,11
4351,2149,Medialuna,Afternoon,Weekend,2016,11
4352,2150,Bread,Afternoon,Weekend,2016,11
4353,2150,Muffin,Afternoon,Weekend,2016,11
4354,2150,Coffee,Afternoon,Weekend,2016,11
4355,2151,Hot chocolate,Afternoon,Weekend,2016,11
4356,2151,Bread,Afternoon,Weekend,2016,11
4357,2151,Muffin,Afternoon,Weekend,2016,11
4358,2151,Coffee,Afternoon,Weekend,2016,11
4359,2151,Pastry,Afternoon,Weekend,2016,11
4360,2152,Tea,Afternoon,Weekend,2016,11
4361,2152,Alfajores,Afternoon,Weekend,2016,11
4362,2153,Bakewell,Afternoon,Weekend,2016,11
4363,2153,Cake,Afternoon,Weekend,2016,11
4364,2154,Focaccia,Afternoon,Weekend,2016,11
4365,2155,Tea,Afternoon,Weekend,2016,11
4366,2155,Pastry,Afternoon,Weekend,2016,11
4367,2155,Bakewell,Afternoon,Weekend,2016,11
4368,2156,Alfajores,Afternoon,Weekend,2016,11
4369,2156,Alfajores,Afternoon,Weekend,2016,11
4370,2156,Coffee,Afternoon,Weekend,2016,11
4371,2156,Coffee,Afternoon,Weekend,2016,11
4372,2156,Coffee,Afternoon,Weekend,2016,11
4373,2157,Coffee,Afternoon,Weekend,2016,11
4374,2157,Alfajores,Afternoon,Weekend,2016,11
4375,2158,Coffee,Morning,Weekend,2016,11
4376,2158,The Nomad,Morning,Weekend,2016,11
4377,2158,Bread,Morning,Weekend,2016,11
4378,2159,Coffee,Morning,Weekend,2016,11
4379,2160,Coffee,Morning,Weekend,2016,11
4380,2160,Jammie Dodgers,Morning,Weekend,2016,11
4381,2160,Juice,Morning,Weekend,2016,11
4382,2161,Medialuna,Morning,Weekend,2016,11
4383,2162,Coffee,Morning,Weekend,2016,11
4384,2162,Tea,Morning,Weekend,2016,11
4385,2162,Juice,Morning,Weekend,2016,11
4386,2162,Smoothies,Morning,Weekend,2016,11
4387,2162,Jammie Dodgers,Morning,Weekend,2016,11
4388,2162,Muffin,Morning,Weekend,2016,11
4389,2162,Juice,Morning,Weekend,2016,11
4390,2162,Bakewell,Morning,Weekend,2016,11
4391,2163,Cake,Morning,Weekend,2016,11
4392,2163,Pastry,Morning,Weekend,2016,11
4393,2164,Coffee,Morning,Weekend,2016,11
4394,2164,Brownie,Morning,Weekend,2016,11
4395,2165,Juice,Morning,Weekend,2016,11
4396,2165,Jammie Dodgers,Morning,Weekend,2016,11
4397,2166,Coffee,Morning,Weekend,2016,11
4398,2167,Coffee,Morning,Weekend,2016,11
4399,2167,Bakewell,Morning,Weekend,2016,11
4400,2168,Bread,Morning,Weekend,2016,11
4401,2168,Tea,Morning,Weekend,2016,11
4402,2168,Pastry,Morning,Weekend,2016,11
4403,2169,Bread,Morning,Weekend,2016,11
4404,2169,Coffee,Morning,Weekend,2016,11
4405,2169,Bread,Morning,Weekend,2016,11
4406,2169,Hot chocolate,Morning,Weekend,2016,11
4407,2170,Pastry,Morning,Weekend,2016,11
4408,2170,Coffee,Morning,Weekend,2016,11
4409,2170,Hot chocolate,Morning,Weekend,2016,11
4410,2171,Bread,Morning,Weekend,2016,11
4411,2171,Bread,Morning,Weekend,2016,11
4412,2171,Coffee,Morning,Weekend,2016,11
4413,2172,Alfajores,Morning,Weekend,2016,11
4414,2172,Pastry,Morning,Weekend,2016,11
4415,2173,Bread,Morning,Weekend,2016,11
4416,2174,Coffee,Morning,Weekend,2016,11
4417,2174,Hot chocolate,Morning,Weekend,2016,11
4418,2174,Muffin,Morning,Weekend,2016,11
4419,2175,Bread,Morning,Weekend,2016,11
4420,2175,Coffee,Morning,Weekend,2016,11
4421,2175,Coffee,Morning,Weekend,2016,11
4422,2175,Smoothies,Morning,Weekend,2016,11
4423,2175,Pastry,Morning,Weekend,2016,11
4424,2176,Brownie,Morning,Weekend,2016,11
4425,2176,Hot chocolate,Morning,Weekend,2016,11
4426,2176,Coffee,Morning,Weekend,2016,11
4427,2177,Tartine,Morning,Weekend,2016,11
4428,2177,Hearty & Seasonal,Morning,Weekend,2016,11
4429,2178,Fudge,Morning,Weekend,2016,11
4430,2179,Bread,Morning,Weekend,2016,11
4431,2180,Coffee,Morning,Weekend,2016,11
4432,2181,Coffee,Morning,Weekend,2016,11
4433,2181,Keeping It Local,Morning,Weekend,2016,11
4434,2182,Coffee,Morning,Weekend,2016,11
4435,2182,Tea,Morning,Weekend,2016,11
4436,2182,Medialuna,Morning,Weekend,2016,11
4437,2183,Medialuna,Morning,Weekend,2016,11
4438,2183,Jammie Dodgers,Morning,Weekend,2016,11
4439,2183,Tea,Morning,Weekend,2016,11
4440,2183,Hot chocolate,Morning,Weekend,2016,11
4441,2183,Muffin,Morning,Weekend,2016,11
4442,2184,Coffee,Morning,Weekend,2016,11
4443,2185,Coffee,Morning,Weekend,2016,11
4444,2185,Keeping It Local,Morning,Weekend,2016,11
4445,2186,Coffee,Morning,Weekend,2016,11
4446,2186,Medialuna,Morning,Weekend,2016,11
4447,2186,Coffee,Morning,Weekend,2016,11
4448,2187,Bread,Morning,Weekend,2016,11
4449,2187,Hot chocolate,Morning,Weekend,2016,11
4450,2187,Medialuna,Morning,Weekend,2016,11
4451,2188,Bread,Morning,Weekend,2016,11
4452,2189,Bread,Morning,Weekend,2016,11
4453,2190,Muffin,Morning,Weekend,2016,11
4454,2190,Muffin,Morning,Weekend,2016,11
4455,2190,Brownie,Morning,Weekend,2016,11
4456,2190,Alfajores,Morning,Weekend,2016,11
4457,2190,Hot chocolate,Morning,Weekend,2016,11
4458,2190,Coffee,Morning,Weekend,2016,11
4459,2190,Coffee,Morning,Weekend,2016,11
4460,2191,Pastry,Morning,Weekend,2016,11
4461,2192,Brownie,Morning,Weekend,2016,11
4462,2192,Coffee,Morning,Weekend,2016,11
4463,2193,Jammie Dodgers,Afternoon,Weekend,2016,11
4464,2194,Coffee,Afternoon,Weekend,2016,11
4465,2194,Hearty & Seasonal,Afternoon,Weekend,2016,11
4466,2195,Art Tray,Afternoon,Weekend,2016,11
4467,2195,Hearty & Seasonal,Afternoon,Weekend,2016,11
4468,2195,Hearty & Seasonal,Afternoon,Weekend,2016,11
4469,2195,Tea,Afternoon,Weekend,2016,11
4470,2195,Coffee,Afternoon,Weekend,2016,11
4471,2196,Coffee,Afternoon,Weekend,2016,11
4472,2196,Coffee,Afternoon,Weekend,2016,11
4473,2196,Coffee,Afternoon,Weekend,2016,11
4474,2196,Alfajores,Afternoon,Weekend,2016,11
4475,2196,Brownie,Afternoon,Weekend,2016,11
4476,2197,Coffee,Afternoon,Weekend,2016,11
4477,2197,Coffee,Afternoon,Weekend,2016,11
4478,2197,Medialuna,Afternoon,Weekend,2016,11
4479,2197,Hearty & Seasonal,Afternoon,Weekend,2016,11
4480,2198,Coffee,Afternoon,Weekend,2016,11
4481,2198,Bread,Afternoon,Weekend,2016,11
4482,2198,Farm House,Afternoon,Weekend,2016,11
4483,2199,Farm House,Afternoon,Weekend,2016,11
4484,2200,Coffee,Afternoon,Weekend,2016,11
4485,2200,Tea,Afternoon,Weekend,2016,11
4486,2200,Cake,Afternoon,Weekend,2016,11
4487,2201,Hearty & Seasonal,Afternoon,Weekend,2016,11
4488,2201,Tea,Afternoon,Weekend,2016,11
4489,2202,Hot chocolate,Afternoon,Weekend,2016,11
4490,2202,Coffee,Afternoon,Weekend,2016,11
4491,2202,Coffee,Afternoon,Weekend,2016,11
4492,2203,Bakewell,Afternoon,Weekend,2016,11
4493,2203,Cake,Afternoon,Weekend,2016,11
4494,2204,Coffee,Afternoon,Weekend,2016,11
4495,2204,Hearty & Seasonal,Afternoon,Weekend,2016,11
4496,2205,Coffee,Afternoon,Weekend,2016,11
4497,2205,Muffin,Afternoon,Weekend,2016,11
4498,2206,Cake,Afternoon,Weekend,2016,11
4499,2206,Brownie,Afternoon,Weekend,2016,11
4500,2207,Coffee,Afternoon,Weekend,2016,11
4501,2207,Coffee,Afternoon,Weekend,2016,11
4502,2207,Sandwich,Afternoon,Weekend,2016,11
4503,2207,Bakewell,Afternoon,Weekend,2016,11
4504,2207,Cookies,Afternoon,Weekend,2016,11
4505,2207,Art Tray,Afternoon,Weekend,2016,11
4506,2208,Bakewell,Afternoon,Weekend,2016,11
4507,2209,Coffee,Afternoon,Weekend,2016,11
4508,2210,Coffee,Afternoon,Weekend,2016,11
4509,2210,Coffee,Afternoon,Weekend,2016,11
4510,2210,Medialuna,Afternoon,Weekend,2016,11
4511,2210,Cookies,Afternoon,Weekend,2016,11
4512,2211,Alfajores,Afternoon,Weekend,2016,11
4513,2211,Cake,Afternoon,Weekend,2016,11
4514,2211,Coffee,Afternoon,Weekend,2016,11
4515,2211,Coffee,Afternoon,Weekend,2016,11
4516,2212,Fudge,Afternoon,Weekend,2016,11
4517,2213,Mineral water,Afternoon,Weekend,2016,11
4518,2214,Brownie,Afternoon,Weekend,2016,11
4519,2214,Bakewell,Afternoon,Weekend,2016,11
4520,2214,Bread,Afternoon,Weekend,2016,11
4521,2214,Coffee,Afternoon,Weekend,2016,11
4522,2215,Coffee,Afternoon,Weekend,2016,11
4523,2215,Tea,Afternoon,Weekend,2016,11
4524,2216,Coffee,Afternoon,Weekend,2016,11
4525,2217,Coffee,Morning,Weekday,2016,11
4526,2217,Bread,Morning,Weekday,2016,11
4527,2218,Pastry,Morning,Weekday,2016,11
4528,2219,Bread,Morning,Weekday,2016,11
4529,2220,Medialuna,Morning,Weekday,2016,11
4530,2220,Coffee,Morning,Weekday,2016,11
4531,2221,Coffee,Morning,Weekday,2016,11
4532,2222,Ella's Kitchen Pouches,Morning,Weekday,2016,11
4533,2222,Coffee,Morning,Weekday,2016,11
4534,2223,Coffee,Morning,Weekday,2016,11
4535,2223,Pastry,Morning,Weekday,2016,11
4536,2224,Coffee,Morning,Weekday,2016,11
4537,2225,Coffee,Morning,Weekday,2016,11
4538,2225,Tartine,Morning,Weekday,2016,11
4539,2226,Bread,Morning,Weekday,2016,11
4540,2227,Coffee,Morning,Weekday,2016,11
4541,2228,Tea,Morning,Weekday,2016,11
4542,2228,Coffee,Morning,Weekday,2016,11
4543,2229,Coffee,Morning,Weekday,2016,11
4544,2229,Coffee,Morning,Weekday,2016,11
4545,2229,Medialuna,Morning,Weekday,2016,11
4546,2229,Pastry,Morning,Weekday,2016,11
4547,2230,Pastry,Morning,Weekday,2016,11
4548,2230,Coffee,Morning,Weekday,2016,11
4549,2231,Coffee,Morning,Weekday,2016,11
4550,2231,Medialuna,Morning,Weekday,2016,11
4551,2232,Tea,Morning,Weekday,2016,11
4552,2232,Coffee,Morning,Weekday,2016,11
4553,2232,Keeping It Local,Morning,Weekday,2016,11
4554,2234,Pastry,Morning,Weekday,2016,11
4555,2234,Bread,Morning,Weekday,2016,11
4556,2234,Cookies,Morning,Weekday,2016,11
4557,2234,Coffee,Morning,Weekday,2016,11
4558,2234,Bread,Morning,Weekday,2016,11
4559,2235,Jam,Afternoon,Weekday,2016,11
4560,2235,Sandwich,Afternoon,Weekday,2016,11
4561,2235,Bread,Afternoon,Weekday,2016,11
4562,2235,Smoothies,Afternoon,Weekday,2016,11
4563,2236,Bread,Afternoon,Weekday,2016,11
4564,2236,Cookies,Afternoon,Weekday,2016,11
4565,2237,Bread,Afternoon,Weekday,2016,11
4566,2238,Cookies,Afternoon,Weekday,2016,11
4567,2238,Coffee,Afternoon,Weekday,2016,11
4568,2238,Coffee,Afternoon,Weekday,2016,11
4569,2239,Sandwich,Afternoon,Weekday,2016,11
4570,2241,Hot chocolate,Afternoon,Weekday,2016,11
4571,2242,Bread,Afternoon,Weekday,2016,11
4572,2242,Coffee,Afternoon,Weekday,2016,11
4573,2242,Bakewell,Afternoon,Weekday,2016,11
4574,2242,Lemon and coconut,Afternoon,Weekday,2016,11
4575,2243,Coffee,Afternoon,Weekday,2016,11
4576,2244,Coffee,Afternoon,Weekday,2016,11
4577,2244,Coffee,Afternoon,Weekday,2016,11
4578,2244,Lemon and coconut,Afternoon,Weekday,2016,11
4579,2244,Sandwich,Afternoon,Weekday,2016,11
4580,2245,Tea,Afternoon,Weekday,2016,11
4581,2246,Bread,Afternoon,Weekday,2016,11
4582,2246,Coffee,Afternoon,Weekday,2016,11
4583,2248,Bread,Afternoon,Weekday,2016,11
4584,2249,Bread,Afternoon,Weekday,2016,11
4585,2250,Coffee,Afternoon,Weekday,2016,11
4586,2251,Coffee,Afternoon,Weekday,2016,11
4587,2251,Hot chocolate,Afternoon,Weekday,2016,11
4588,2251,Pastry,Afternoon,Weekday,2016,11
4589,2251,Cake,Afternoon,Weekday,2016,11
4590,2252,Bread,Afternoon,Weekday,2016,11
4591,2253,Bread,Afternoon,Weekday,2016,11
4592,2254,Bread,Afternoon,Weekday,2016,11
4593,2255,Coffee,Afternoon,Weekday,2016,11
4594,2255,Coffee,Afternoon,Weekday,2016,11
4595,2256,Bread,Afternoon,Weekday,2016,11
4596,2256,Tea,Afternoon,Weekday,2016,11
4597,2256,Lemon and coconut,Afternoon,Weekday,2016,11
4598,2256,Cake,Afternoon,Weekday,2016,11
4599,2257,Pastry,Afternoon,Weekday,2016,11
4600,2257,Medialuna,Afternoon,Weekday,2016,11
4601,2257,Coffee,Afternoon,Weekday,2016,11
4602,2257,Tea,Afternoon,Weekday,2016,11
4603,2258,Bread,Afternoon,Weekday,2016,11
4604,2259,Tea,Afternoon,Weekday,2016,11
4605,2259,Coffee,Afternoon,Weekday,2016,11
4606,2259,Tiffin,Afternoon,Weekday,2016,11
4607,2259,Cookies,Afternoon,Weekday,2016,11
4608,2259,Ella's Kitchen Pouches,Afternoon,Weekday,2016,11
4609,2260,Coffee,Evening,Weekday,2016,11
4610,2261,Pastry,Morning,Weekday,2016,11
4611,2261,Pastry,Morning,Weekday,2016,11
4612,2262,Pastry,Morning,Weekday,2016,11
4613,2262,Bread,Morning,Weekday,2016,11
4614,2262,Coffee,Morning,Weekday,2016,11
4615,2263,Tea,Morning,Weekday,2016,11
4616,2263,Keeping It Local,Morning,Weekday,2016,11
4617,2264,Coffee,Morning,Weekday,2016,11
4618,2265,Coffee,Morning,Weekday,2016,11
4619,2265,Medialuna,Morning,Weekday,2016,11
4620,2266,Bread,Morning,Weekday,2016,11
4621,2267,Keeping It Local,Morning,Weekday,2016,11
4622,2267,Coffee,Morning,Weekday,2016,11
4623,2267,Coffee,Morning,Weekday,2016,11
4624,2268,Hot chocolate,Morning,Weekday,2016,11
4625,2268,Pastry,Morning,Weekday,2016,11
4626,2269,Bread,Morning,Weekday,2016,11
4627,2270,Coffee,Morning,Weekday,2016,11
4628,2270,Tea,Morning,Weekday,2016,11
4629,2271,Bread,Morning,Weekday,2016,11
4630,2272,Coke,Morning,Weekday,2016,11
4631,2273,Bread,Morning,Weekday,2016,11
4632,2274,Bread,Morning,Weekday,2016,11
4633,2274,Bread,Morning,Weekday,2016,11
4634,2275,Coffee,Morning,Weekday,2016,11
4635,2275,Coffee,Morning,Weekday,2016,11
4636,2275,Medialuna,Morning,Weekday,2016,11
4637,2275,Pastry,Morning,Weekday,2016,11
4638,2276,Muffin,Morning,Weekday,2016,11
4639,2276,Coffee,Morning,Weekday,2016,11
4640,2277,Coffee,Morning,Weekday,2016,11
4641,2277,Muffin,Morning,Weekday,2016,11
4642,2278,Coffee,Morning,Weekday,2016,11
4643,2278,Bread,Morning,Weekday,2016,11
4644,2279,Farm House,Morning,Weekday,2016,11
4645,2280,Muffin,Morning,Weekday,2016,11
4646,2280,Coffee,Morning,Weekday,2016,11
4647,2281,Bread,Morning,Weekday,2016,11
4648,2281,Coffee,Morning,Weekday,2016,11
4649,2281,Bread,Morning,Weekday,2016,11
4650,2282,Coffee,Morning,Weekday,2016,11
4651,2283,Coffee,Morning,Weekday,2016,11
4652,2284,Scandinavian,Morning,Weekday,2016,11
4653,2284,Farm House,Morning,Weekday,2016,11
4654,2285,Coffee,Morning,Weekday,2016,11
4655,2286,Tea,Morning,Weekday,2016,11
4656,2287,Coffee,Morning,Weekday,2016,11
4657,2287,Muffin,Morning,Weekday,2016,11
4658,2288,Bread,Morning,Weekday,2016,11
4659,2289,Bread,Morning,Weekday,2016,11
4660,2289,Scandinavian,Morning,Weekday,2016,11
4661,2290,Tea,Morning,Weekday,2016,11
4662,2291,Medialuna,Afternoon,Weekday,2016,11
4663,2291,Coffee,Afternoon,Weekday,2016,11
4664,2294,Tea,Afternoon,Weekday,2016,11
4665,2295,Tea,Afternoon,Weekday,2016,11
4666,2295,Sandwich,Afternoon,Weekday,2016,11
4667,2296,Coffee,Afternoon,Weekday,2016,11
4668,2296,Cake,Afternoon,Weekday,2016,11
4669,2297,Coffee,Afternoon,Weekday,2016,11
4670,2297,Cake,Afternoon,Weekday,2016,11
4671,2297,Muffin,Afternoon,Weekday,2016,11
4672,2298,Cookies,Afternoon,Weekday,2016,11
4673,2300,Tea,Afternoon,Weekday,2016,11
4674,2301,Sandwich,Afternoon,Weekday,2016,11
4675,2302,Farm House,Afternoon,Weekday,2016,11
4676,2303,Cake,Afternoon,Weekday,2016,11
4677,2303,Sandwich,Afternoon,Weekday,2016,11
4678,2304,Coffee,Afternoon,Weekday,2016,11
4679,2304,Hot chocolate,Afternoon,Weekday,2016,11
4680,2304,Cake,Afternoon,Weekday,2016,11
4681,2304,Bread,Afternoon,Weekday,2016,11
4682,2305,Tea,Afternoon,Weekday,2016,11
4683,2305,Tea,Afternoon,Weekday,2016,11
4684,2305,Muffin,Afternoon,Weekday,2016,11
4685,2307,Coffee,Afternoon,Weekday,2016,11
4686,2307,Tea,Afternoon,Weekday,2016,11
4687,2307,Bread,Afternoon,Weekday,2016,11
4688,2307,Fudge,Afternoon,Weekday,2016,11
4689,2307,Jam,Afternoon,Weekday,2016,11
4690,2308,Juice,Afternoon,Weekday,2016,11
4691,2308,Tea,Afternoon,Weekday,2016,11
4692,2308,Cookies,Afternoon,Weekday,2016,11
4693,2309,Coffee,Afternoon,Weekday,2016,11
4694,2309,Bread,Afternoon,Weekday,2016,11
4695,2309,Cake,Afternoon,Weekday,2016,11
4696,2310,Coke,Afternoon,Weekday,2016,11
4697,2311,Tiffin,Afternoon,Weekday,2016,11
4698,2311,Pastry,Afternoon,Weekday,2016,11
4699,2312,Alfajores,Afternoon,Weekday,2016,11
4700,2313,Tiffin,Afternoon,Weekday,2016,11
4701,2313,Coffee,Afternoon,Weekday,2016,11
4702,2314,Bread,Evening,Weekday,2016,11
4703,2315,Bread,Morning,Weekday,2016,11
4704,2316,Medialuna,Morning,Weekday,2016,11
4705,2316,Bread,Morning,Weekday,2016,11
4706,2317,Cake,Morning,Weekday,2016,11
4707,2317,Bread,Morning,Weekday,2016,11
4708,2318,Bread,Morning,Weekday,2016,11
4709,2319,Farm House,Morning,Weekday,2016,11
4710,2320,Medialuna,Morning,Weekday,2016,11
4711,2320,Pastry,Morning,Weekday,2016,11
4712,2321,Keeping It Local,Morning,Weekday,2016,11
4713,2321,Cookies,Morning,Weekday,2016,11
4714,2321,Coffee,Morning,Weekday,2016,11
4715,2322,Coffee,Morning,Weekday,2016,11
4716,2322,Coffee,Morning,Weekday,2016,11
4717,2323,Coffee,Morning,Weekday,2016,11
4718,2323,Tea,Morning,Weekday,2016,11
4719,2323,Hot chocolate,Morning,Weekday,2016,11
4720,2324,Smoothies,Morning,Weekday,2016,11
4721,2325,Coffee,Morning,Weekday,2016,11
4722,2325,Keeping It Local,Morning,Weekday,2016,11
4723,2326,Coffee,Morning,Weekday,2016,11
4724,2327,Farm House,Morning,Weekday,2016,11
4725,2328,Tea,Morning,Weekday,2016,11
4726,2328,Tea,Morning,Weekday,2016,11
4727,2329,Bread,Morning,Weekday,2016,11
4728,2329,Medialuna,Morning,Weekday,2016,11
4729,2330,Pastry,Morning,Weekday,2016,11
4730,2330,Bread,Morning,Weekday,2016,11
4731,2331,Coffee,Morning,Weekday,2016,11
4732,2331,Pastry,Morning,Weekday,2016,11
4733,2332,Coffee,Morning,Weekday,2016,11
4734,2332,Keeping It Local,Morning,Weekday,2016,11
4735,2333,Coffee,Morning,Weekday,2016,11
4736,2334,Bread,Morning,Weekday,2016,11
4737,2335,Bread,Morning,Weekday,2016,11
4738,2335,Cookies,Morning,Weekday,2016,11
4739,2337,Coffee,Morning,Weekday,2016,11
4740,2338,Bread,Morning,Weekday,2016,11
4741,2339,Keeping It Local,Morning,Weekday,2016,11
4742,2339,Coffee,Morning,Weekday,2016,11
4743,2339,Fudge,Morning,Weekday,2016,11
4744,2339,Jam,Morning,Weekday,2016,11
4745,2340,Tea,Afternoon,Weekday,2016,11
4746,2340,Hot chocolate,Afternoon,Weekday,2016,11
4747,2340,Keeping It Local,Afternoon,Weekday,2016,11
4748,2340,Coffee,Afternoon,Weekday,2016,11
4749,2340,Art Tray,Afternoon,Weekday,2016,11
4750,2341,Coffee,Afternoon,Weekday,2016,11
4751,2342,Coffee,Afternoon,Weekday,2016,11
4752,2342,Cake,Afternoon,Weekday,2016,11
4753,2343,Bread,Afternoon,Weekday,2016,11
4754,2343,Bread,Afternoon,Weekday,2016,11
4755,2343,Jammie Dodgers,Afternoon,Weekday,2016,11
4756,2344,Muffin,Afternoon,Weekday,2016,11
4757,2344,Smoothies,Afternoon,Weekday,2016,11
4758,2346,Coffee,Afternoon,Weekday,2016,11
4759,2346,Coffee,Afternoon,Weekday,2016,11
4760,2346,Jammie Dodgers,Afternoon,Weekday,2016,11
4761,2346,Cookies,Afternoon,Weekday,2016,11
4762,2347,Coffee,Afternoon,Weekday,2016,11
4763,2347,Cake,Afternoon,Weekday,2016,11
4764,2347,Bread,Afternoon,Weekday,2016,11
4765,2348,Bread,Afternoon,Weekday,2016,11
4766,2348,Muffin,Afternoon,Weekday,2016,11
4767,2348,Cookies,Afternoon,Weekday,2016,11
4768,2350,Bread,Afternoon,Weekday,2016,11
4769,2351,Tea,Afternoon,Weekday,2016,11
4770,2352,Hot chocolate,Afternoon,Weekday,2016,11
4771,2352,Bread,Afternoon,Weekday,2016,11
4772,2352,Alfajores,Afternoon,Weekday,2016,11
4773,2353,Tea,Afternoon,Weekday,2016,11
4774,2354,Muffin,Afternoon,Weekday,2016,11
4775,2355,Sandwich,Afternoon,Weekday,2016,11
4776,2355,Mineral water,Afternoon,Weekday,2016,11
4777,2355,Bread,Afternoon,Weekday,2016,11
4778,2355,Coffee,Afternoon,Weekday,2016,11
4779,2355,Alfajores,Afternoon,Weekday,2016,11
4780,2355,Bread,Afternoon,Weekday,2016,11
4781,2356,Sandwich,Afternoon,Weekday,2016,11
4782,2356,Alfajores,Afternoon,Weekday,2016,11
4783,2357,Coffee,Afternoon,Weekday,2016,11
4784,2358,Coffee,Afternoon,Weekday,2016,11
4785,2358,Coffee,Afternoon,Weekday,2016,11
4786,2358,Muffin,Afternoon,Weekday,2016,11
4787,2359,Coffee,Afternoon,Weekday,2016,11
4788,2359,Tiffin,Afternoon,Weekday,2016,11
4789,2360,Coffee,Afternoon,Weekday,2016,11
4790,2360,Bread,Afternoon,Weekday,2016,11
4791,2361,Hot chocolate,Afternoon,Weekday,2016,11
4792,2361,Cookies,Afternoon,Weekday,2016,11
4793,2361,Hot chocolate,Afternoon,Weekday,2016,11
4794,2362,Tea,Afternoon,Weekday,2016,11
4795,2363,Bread,Afternoon,Weekday,2016,11
4796,2363,Hot chocolate,Afternoon,Weekday,2016,11
4797,2364,Hot chocolate,Afternoon,Weekday,2016,11
4798,2364,Fudge,Afternoon,Weekday,2016,11
4799,2365,Coffee,Afternoon,Weekday,2016,11
4800,2366,Coffee,Afternoon,Weekday,2016,11
4801,2366,Tiffin,Afternoon,Weekday,2016,11
4802,2367,Tiffin,Afternoon,Weekday,2016,11
4803,2367,Bread,Afternoon,Weekday,2016,11
4804,2367,Bread,Afternoon,Weekday,2016,11
4805,2368,Bread,Morning,Weekday,2016,01
4806,2369,Bread,Morning,Weekday,2016,01
4807,2369,Pastry,Morning,Weekday,2016,01
4808,2369,Jam,Morning,Weekday,2016,01
4809,2370,Hot chocolate,Morning,Weekday,2016,01
4810,2371,Coffee,Morning,Weekday,2016,01
4811,2371,Hot chocolate,Morning,Weekday,2016,01
4812,2371,Pastry,Morning,Weekday,2016,01
4813,2371,Bread,Morning,Weekday,2016,01
4814,2372,Pastry,Morning,Weekday,2016,01
4815,2372,Coffee,Morning,Weekday,2016,01
4816,2373,Bread,Morning,Weekday,2016,01
4817,2373,Tea,Morning,Weekday,2016,01
4818,2373,Muffin,Morning,Weekday,2016,01
4819,2373,Pastry,Morning,Weekday,2016,01
4820,2374,Bread,Morning,Weekday,2016,01
4821,2374,Coffee,Morning,Weekday,2016,01
4822,2374,Coffee,Morning,Weekday,2016,01
4823,2375,Coffee,Morning,Weekday,2016,01
4824,2375,Pastry,Morning,Weekday,2016,01
4825,2376,Tea,Morning,Weekday,2016,01
4826,2377,Tea,Morning,Weekday,2016,01
4827,2378,Tea,Morning,Weekday,2016,01
4828,2378,The Nomad,Morning,Weekday,2016,01
4829,2379,Coffee,Morning,Weekday,2016,01
4830,2380,Medialuna,Morning,Weekday,2016,01
4831,2381,Farm House,Morning,Weekday,2016,01
4832,2382,Bread,Morning,Weekday,2016,01
4833,2383,Coffee,Morning,Weekday,2016,01
4834,2383,Coffee,Morning,Weekday,2016,01
4835,2384,Farm House,Morning,Weekday,2016,01
4836,2385,Bread,Afternoon,Weekday,2016,01
4837,2385,Coffee,Afternoon,Weekday,2016,01
4838,2385,Pastry,Afternoon,Weekday,2016,01
4839,2385,Keeping It Local,Afternoon,Weekday,2016,01
4840,2386,Bread,Afternoon,Weekday,2016,01
4841,2386,Coffee,Afternoon,Weekday,2016,01
4842,2387,Hearty & Seasonal,Afternoon,Weekday,2016,01
4843,2388,Bread,Afternoon,Weekday,2016,01
4844,2389,Fudge,Afternoon,Weekday,2016,01
4845,2390,Scandinavian,Afternoon,Weekday,2016,01
4846,2391,Bread,Afternoon,Weekday,2016,01
4847,2391,Alfajores,Afternoon,Weekday,2016,01
4848,2391,Bread,Afternoon,Weekday,2016,01
4849,2392,Sandwich,Afternoon,Weekday,2016,01
4850,2392,Coke,Afternoon,Weekday,2016,01
4851,2392,Juice,Afternoon,Weekday,2016,01
4852,2392,Coffee,Afternoon,Weekday,2016,01
4853,2393,Farm House,Afternoon,Weekday,2016,01
4854,2395,Bread,Afternoon,Weekday,2016,01
4855,2396,Coffee,Afternoon,Weekday,2016,01
4856,2396,Medialuna,Afternoon,Weekday,2016,01
4857,2397,Pastry,Afternoon,Weekday,2016,01
4858,2397,Bread,Afternoon,Weekday,2016,01
4859,2397,Coffee,Afternoon,Weekday,2016,01
4860,2398,Sandwich,Afternoon,Weekday,2016,01
4861,2398,Coffee,Afternoon,Weekday,2016,01
4862,2399,Bread,Afternoon,Weekday,2016,01
4863,2400,Muffin,Afternoon,Weekday,2016,01
4864,2400,Bread,Afternoon,Weekday,2016,01
4865,2401,Coffee,Afternoon,Weekday,2016,01
4866,2402,Coffee,Afternoon,Weekday,2016,01
4867,2402,Muffin,Afternoon,Weekday,2016,01
4868,2403,Coffee,Afternoon,Weekday,2016,01
4869,2404,Fudge,Afternoon,Weekday,2016,01
4870,2404,Spread,Afternoon,Weekday,2016,01
4871,2406,Bread,Afternoon,Weekday,2016,01
4872,2407,Coffee,Afternoon,Weekday,2016,01
4873,2407,Pastry,Afternoon,Weekday,2016,01
4874,2407,Bread,Afternoon,Weekday,2016,01
4875,2408,Coffee,Afternoon,Weekday,2016,01
4876,2408,Cake,Afternoon,Weekday,2016,01
4877,2409,Coffee,Afternoon,Weekday,2016,01
4878,2410,Bread,Afternoon,Weekday,2016,01
4879,2412,Tea,Afternoon,Weekday,2016,01
4880,2413,Coffee,Afternoon,Weekday,2016,01
4881,2414,Hot chocolate,Afternoon,Weekday,2016,01
4882,2414,Coffee,Afternoon,Weekday,2016,01
4883,2414,Cake,Afternoon,Weekday,2016,01
4884,2415,Tea,Afternoon,Weekday,2016,01
4885,2415,Bread,Afternoon,Weekday,2016,01
4886,2416,Cake,Evening,Weekday,2016,01
4887,2417,Medialuna,Evening,Weekday,2016,01
4888,2418,Coffee,Morning,Weekday,2016,02
4889,2418,Pastry,Morning,Weekday,2016,02
4890,2419,Coffee,Morning,Weekday,2016,02
4891,2420,Coffee,Morning,Weekday,2016,02
4892,2421,Bread,Morning,Weekday,2016,02
4893,2422,Coffee,Morning,Weekday,2016,02
4894,2422,Cake,Morning,Weekday,2016,02
4895,2423,Bread,Morning,Weekday,2016,02
4896,2424,Coffee,Morning,Weekday,2016,02
4897,2425,Coffee,Morning,Weekday,2016,02
4898,2426,Tea,Morning,Weekday,2016,02
4899,2427,Keeping It Local,Morning,Weekday,2016,02
4900,2427,Coffee,Morning,Weekday,2016,02
4901,2428,Sandwich,Morning,Weekday,2016,02
4902,2428,Tea,Morning,Weekday,2016,02
4903,2429,Coffee,Morning,Weekday,2016,02
4904,2430,Coffee,Morning,Weekday,2016,02
4905,2430,Coffee,Morning,Weekday,2016,02
4906,2431,Coffee,Morning,Weekday,2016,02
4907,2432,Bread,Morning,Weekday,2016,02
4908,2433,Tea,Morning,Weekday,2016,02
4909,2433,Bread,Morning,Weekday,2016,02
4910,2434,Pastry,Morning,Weekday,2016,02
4911,2434,Coffee,Morning,Weekday,2016,02
4912,2435,Coffee,Morning,Weekday,2016,02
4913,2435,Bread,Morning,Weekday,2016,02
4914,2435,Pastry,Morning,Weekday,2016,02
4915,2436,Coffee,Morning,Weekday,2016,02
4916,2436,Medialuna,Morning,Weekday,2016,02
4917,2437,Tea,Morning,Weekday,2016,02
4918,2437,Coffee,Morning,Weekday,2016,02
4919,2438,Bread,Morning,Weekday,2016,02
4920,2439,Coffee,Morning,Weekday,2016,02
4921,2440,Coffee,Morning,Weekday,2016,02
4922,2440,Coffee,Morning,Weekday,2016,02
4923,2440,Medialuna,Morning,Weekday,2016,02
4924,2440,Pastry,Morning,Weekday,2016,02
4925,2440,Cookies,Morning,Weekday,2016,02
4926,2441,Bread,Morning,Weekday,2016,02
4927,2441,Cake,Morning,Weekday,2016,02
4928,2442,Bread,Morning,Weekday,2016,02
4929,2442,Coffee,Morning,Weekday,2016,02
4930,2443,Bread,Morning,Weekday,2016,02
4931,2444,Coffee,Morning,Weekday,2016,02
4932,2445,Toast,Morning,Weekday,2016,02
4933,2446,Hot chocolate,Morning,Weekday,2016,02
4934,2446,Hot chocolate,Morning,Weekday,2016,02
4935,2447,Fudge,Morning,Weekday,2016,02
4936,2447,Scandinavian,Morning,Weekday,2016,02
4937,2448,Medialuna,Afternoon,Weekday,2016,02
4938,2448,Coffee,Afternoon,Weekday,2016,02
4939,2449,Coffee,Afternoon,Weekday,2016,02
4940,2449,Pastry,Afternoon,Weekday,2016,02
4941,2450,Coffee,Afternoon,Weekday,2016,02
4942,2450,Medialuna,Afternoon,Weekday,2016,02
4943,2450,Cake,Afternoon,Weekday,2016,02
4944,2451,Sandwich,Afternoon,Weekday,2016,02
4945,2451,Farm House,Afternoon,Weekday,2016,02
4946,2451,Fudge,Afternoon,Weekday,2016,02
4947,2452,Sandwich,Afternoon,Weekday,2016,02
4948,2452,Scone,Afternoon,Weekday,2016,02
4949,2453,Sandwich,Afternoon,Weekday,2016,02
4950,2453,Bread,Afternoon,Weekday,2016,02
4951,2454,Sandwich,Afternoon,Weekday,2016,02
4952,2457,Coffee,Afternoon,Weekday,2016,02
4953,2458,Sandwich,Afternoon,Weekday,2016,02
4954,2458,Sandwich,Afternoon,Weekday,2016,02
4955,2458,Bread,Afternoon,Weekday,2016,02
4956,2459,Sandwich,Afternoon,Weekday,2016,02
4957,2459,Coke,Afternoon,Weekday,2016,02
4958,2460,Sandwich,Afternoon,Weekday,2016,02
4959,2460,Coke,Afternoon,Weekday,2016,02
4960,2461,Sandwich,Afternoon,Weekday,2016,02
4961,2462,Sandwich,Afternoon,Weekday,2016,02
4962,2462,Scone,Afternoon,Weekday,2016,02
4963,2463,Hot chocolate,Afternoon,Weekday,2016,02
4964,2464,Coffee,Afternoon,Weekday,2016,02
4965,2464,Muffin,Afternoon,Weekday,2016,02
4966,2466,Bread,Afternoon,Weekday,2016,02
4967,2467,Bread,Afternoon,Weekday,2016,02
4968,2468,Bread,Afternoon,Weekday,2016,02
4969,2469,Coffee,Afternoon,Weekday,2016,02
4970,2469,Alfajores,Afternoon,Weekday,2016,02
4971,2470,Bread,Afternoon,Weekday,2016,02
4972,2470,Sandwich,Afternoon,Weekday,2016,02
4973,2471,Bread,Afternoon,Weekday,2016,02
4974,2471,Scone,Afternoon,Weekday,2016,02
4975,2472,Coffee,Afternoon,Weekday,2016,02
4976,2472,Medialuna,Afternoon,Weekday,2016,02
4977,2473,Cake,Afternoon,Weekday,2016,02
4978,2474,Truffles,Afternoon,Weekday,2016,02
4979,2475,Cake,Afternoon,Weekday,2016,02
4980,2475,Coffee,Afternoon,Weekday,2016,02
4981,2476,Scone,Afternoon,Weekday,2016,02
4982,2477,Scone,Afternoon,Weekday,2016,02
4983,2477,Hot chocolate,Afternoon,Weekday,2016,02
4984,2477,Mineral water,Afternoon,Weekday,2016,02
4985,2477,Cookies,Afternoon,Weekday,2016,02
4986,2478,Coffee,Afternoon,Weekday,2016,02
4987,2478,Tea,Afternoon,Weekday,2016,02
4988,2478,Scone,Afternoon,Weekday,2016,02
4989,2479,Bread,Afternoon,Weekday,2016,02
4990,2481,Coffee,Afternoon,Weekday,2016,02
4991,2482,Bread,Evening,Weekday,2016,02
4992,2486,Jam,Morning,Weekend,2016,03
4993,2486,Bread,Morning,Weekend,2016,03
4994,2486,Scandinavian,Morning,Weekend,2016,03
4995,2487,Bread,Morning,Weekend,2016,03
4996,2487,Bread,Morning,Weekend,2016,03
4997,2487,Scandinavian,Morning,Weekend,2016,03
4998,2488,Coffee,Morning,Weekend,2016,03
4999,2488,Medialuna,Morning,Weekend,2016,03
5000,2489,Pastry,Morning,Weekend,2016,03
5001,2489,Bread,Morning,Weekend,2016,03
5002,2490,Bread,Morning,Weekend,2016,03
5003,2491,Farm House,Morning,Weekend,2016,03
5004,2492,Scone,Morning,Weekend,2016,03
5005,2492,Hot chocolate,Morning,Weekend,2016,03
5006,2492,Coffee,Morning,Weekend,2016,03
5007,2492,Coffee,Morning,Weekend,2016,03
5008,2493,Farm House,Morning,Weekend,2016,03
5009,2493,Pastry,Morning,Weekend,2016,03
5010,2493,Medialuna,Morning,Weekend,2016,03
5011,2493,Hot chocolate,Morning,Weekend,2016,03
5012,2493,Coffee,Morning,Weekend,2016,03
5013,2494,Bread,Morning,Weekend,2016,03
5014,2495,Bread,Morning,Weekend,2016,03
5015,2495,Bread,Morning,Weekend,2016,03
5016,2495,Coffee,Morning,Weekend,2016,03
5017,2496,Coffee,Morning,Weekend,2016,03
5018,2496,Scandinavian,Morning,Weekend,2016,03
5019,2497,Bread,Morning,Weekend,2016,03
5020,2498,Coffee,Morning,Weekend,2016,03
5021,2498,Medialuna,Morning,Weekend,2016,03
5022,2498,Pastry,Morning,Weekend,2016,03
5023,2499,Bread,Morning,Weekend,2016,03
5024,2499,Scandinavian,Morning,Weekend,2016,03
5025,2500,Coffee,Morning,Weekend,2016,03
5026,2500,Scone,Morning,Weekend,2016,03
5027,2501,Coffee,Morning,Weekend,2016,03
5028,2502,Bread,Morning,Weekend,2016,03
5029,2503,Bread,Morning,Weekend,2016,03
5030,2503,Pastry,Morning,Weekend,2016,03
5031,2504,Coffee,Morning,Weekend,2016,03
5032,2504,Bread,Morning,Weekend,2016,03
5033,2505,Bread,Morning,Weekend,2016,03
5034,2506,Bread,Morning,Weekend,2016,03
5035,2507,Coffee,Morning,Weekend,2016,03
5036,2508,Coffee,Morning,Weekend,2016,03
5037,2508,Scone,Morning,Weekend,2016,03
5038,2509,Cake,Morning,Weekend,2016,03
5039,2510,Coffee,Morning,Weekend,2016,03
5040,2511,Bread,Morning,Weekend,2016,03
5041,2511,Fudge,Morning,Weekend,2016,03
5042,2512,Medialuna,Morning,Weekend,2016,03
5043,2512,Bread,Morning,Weekend,2016,03
5044,2512,Farm House,Morning,Weekend,2016,03
5045,2513,Muffin,Morning,Weekend,2016,03
5046,2513,Scone,Morning,Weekend,2016,03
5047,2514,Coffee,Morning,Weekend,2016,03
5048,2515,Coffee,Morning,Weekend,2016,03
5049,2515,Alfajores,Morning,Weekend,2016,03
5050,2515,Scone,Morning,Weekend,2016,03
5051,2516,Coffee,Morning,Weekend,2016,03
5052,2517,Tea,Morning,Weekend,2016,03
5053,2517,Scone,Morning,Weekend,2016,03
5054,2518,Juice,Morning,Weekend,2016,03
5055,2518,Tea,Morning,Weekend,2016,03
5056,2518,Cake,Morning,Weekend,2016,03
5057,2519,Coffee,Morning,Weekend,2016,03
5058,2519,Tartine,Morning,Weekend,2016,03
5059,2519,Fudge,Morning,Weekend,2016,03
5060,2519,Jam,Morning,Weekend,2016,03
5061,2520,Bread,Morning,Weekend,2016,03
5062,2521,Coffee,Morning,Weekend,2016,03
5063,2521,Medialuna,Morning,Weekend,2016,03
5064,2522,Tea,Morning,Weekend,2016,03
5065,2522,Bread,Morning,Weekend,2016,03
5066,2522,Bread,Morning,Weekend,2016,03
5067,2523,Coke,Morning,Weekend,2016,03
5068,2524,Coffee,Morning,Weekend,2016,03
5069,2524,Medialuna,Morning,Weekend,2016,03
5070,2525,Bread,Morning,Weekend,2016,03
5071,2526,Truffles,Afternoon,Weekend,2016,03
5072,2526,Bread,Afternoon,Weekend,2016,03
5073,2527,Coffee,Afternoon,Weekend,2016,03
5074,2527,Bread,Afternoon,Weekend,2016,03
5075,2527,Tea,Afternoon,Weekend,2016,03
5076,2527,Pastry,Afternoon,Weekend,2016,03
5077,2527,Cake,Afternoon,Weekend,2016,03
5078,2528,Sandwich,Afternoon,Weekend,2016,03
5079,2529,Hot chocolate,Afternoon,Weekend,2016,03
5080,2530,Coffee,Afternoon,Weekend,2016,03
5081,2530,Sandwich,Afternoon,Weekend,2016,03
5082,2530,Sandwich,Afternoon,Weekend,2016,03
5083,2532,Sandwich,Afternoon,Weekend,2016,03
5084,2532,Tea,Afternoon,Weekend,2016,03
5085,2532,Coffee,Afternoon,Weekend,2016,03
5086,2533,Coffee,Afternoon,Weekend,2016,03
5087,2533,Scone,Afternoon,Weekend,2016,03
5088,2534,Cake,Afternoon,Weekend,2016,03
5089,2535,Bread,Afternoon,Weekend,2016,03
5090,2535,Cookies,Afternoon,Weekend,2016,03
5091,2536,Coffee,Afternoon,Weekend,2016,03
5092,2536,Sandwich,Afternoon,Weekend,2016,03
5093,2537,Cake,Afternoon,Weekend,2016,03
5094,2537,Scone,Afternoon,Weekend,2016,03
5095,2537,Coffee,Afternoon,Weekend,2016,03
5096,2538,Mineral water,Afternoon,Weekend,2016,03
5097,2538,Bread,Afternoon,Weekend,2016,03
5098,2539,Coffee,Afternoon,Weekend,2016,03
5099,2539,Bread,Afternoon,Weekend,2016,03
5100,2540,Muffin,Afternoon,Weekend,2016,03
5101,2540,Cake,Afternoon,Weekend,2016,03
5102,2540,Scone,Afternoon,Weekend,2016,03
5103,2541,Tea,Afternoon,Weekend,2016,03
5104,2541,Scone,Afternoon,Weekend,2016,03
5105,2543,Muffin,Afternoon,Weekend,2016,03
5106,2543,Pastry,Afternoon,Weekend,2016,03
5107,2545,Muffin,Afternoon,Weekend,2016,03
5108,2545,Cake,Afternoon,Weekend,2016,03
5109,2545,Coffee,Afternoon,Weekend,2016,03
5110,2545,Coffee,Afternoon,Weekend,2016,03
5111,2546,Cake,Afternoon,Weekend,2016,03
5112,2547,Tea,Afternoon,Weekend,2016,03
5113,2547,Bread,Afternoon,Weekend,2016,03
5114,2547,Scone,Afternoon,Weekend,2016,03
5115,2547,Cake,Afternoon,Weekend,2016,03
5116,2548,Coffee,Afternoon,Weekend,2016,03
5117,2548,Medialuna,Afternoon,Weekend,2016,03
5118,2549,Jam,Afternoon,Weekend,2016,03
5119,2549,Fudge,Afternoon,Weekend,2016,03
5120,2550,Scone,Afternoon,Weekend,2016,03
5121,2550,Pastry,Afternoon,Weekend,2016,03
5122,2551,Fudge,Afternoon,Weekend,2016,03
5123,2551,Hot chocolate,Afternoon,Weekend,2016,03
5124,2552,Cake,Afternoon,Weekend,2016,03
5125,2552,Sandwich,Afternoon,Weekend,2016,03
5126,2552,Sandwich,Afternoon,Weekend,2016,03
5127,2552,Juice,Afternoon,Weekend,2016,03
5128,2552,Coffee,Afternoon,Weekend,2016,03
5129,2552,Coffee,Afternoon,Weekend,2016,03
5130,2552,Sandwich,Afternoon,Weekend,2016,03
5131,2553,Bread,Afternoon,Weekend,2016,03
5132,2554,Juice,Afternoon,Weekend,2016,03
5133,2554,Coffee,Afternoon,Weekend,2016,03
5134,2554,Coffee,Afternoon,Weekend,2016,03
5135,2555,Scone,Afternoon,Weekend,2016,03
5136,2555,Bread,Afternoon,Weekend,2016,03
5137,2555,Coffee,Afternoon,Weekend,2016,03
5138,2555,Hot chocolate,Afternoon,Weekend,2016,03
5139,2556,Coffee,Afternoon,Weekend,2016,03
5140,2556,Scone,Afternoon,Weekend,2016,03
5141,2556,Muffin,Afternoon,Weekend,2016,03
5142,2556,Hot chocolate,Afternoon,Weekend,2016,03
5143,2557,Bread,Afternoon,Weekend,2016,03
5144,2558,Medialuna,Afternoon,Weekend,2016,03
5145,2559,Cake,Afternoon,Weekend,2016,03
5146,2559,Alfajores,Afternoon,Weekend,2016,03
5147,2560,Hot chocolate,Afternoon,Weekend,2016,03
5148,2561,Coffee,Afternoon,Weekend,2016,03
5149,2561,Coffee,Afternoon,Weekend,2016,03
5150,2562,Coffee,Afternoon,Weekend,2016,03
5151,2563,Coffee,Afternoon,Weekend,2016,03
5152,2563,Tea,Afternoon,Weekend,2016,03
5153,2564,Jam,Afternoon,Weekend,2016,03
5154,2564,Cake,Afternoon,Weekend,2016,03
5155,2564,Bread,Afternoon,Weekend,2016,03
5156,2564,Coffee,Afternoon,Weekend,2016,03
5157,2565,Coffee,Afternoon,Weekend,2016,03
5158,2566,Tea,Afternoon,Weekend,2016,03
5159,2566,Scone,Afternoon,Weekend,2016,03
5160,2567,Bread,Afternoon,Weekend,2016,03
5161,2568,Bread,Afternoon,Weekend,2016,03
5162,2569,Smoothies,Afternoon,Weekend,2016,03
5163,2569,Muffin,Afternoon,Weekend,2016,03
5164,2569,Hot chocolate,Afternoon,Weekend,2016,03
5165,2569,Toast,Afternoon,Weekend,2016,03
5166,2570,Alfajores,Afternoon,Weekend,2016,03
5167,2570,Muffin,Afternoon,Weekend,2016,03
5168,2570,Medialuna,Afternoon,Weekend,2016,03
5169,2571,Bread,Afternoon,Weekend,2016,03
5170,2571,Coffee,Afternoon,Weekend,2016,03
5171,2571,Scone,Afternoon,Weekend,2016,03
5172,2572,Tea,Afternoon,Weekend,2016,03
5173,2572,Juice,Afternoon,Weekend,2016,03
5174,2573,Coffee,Afternoon,Weekend,2016,03
5175,2573,Coffee,Afternoon,Weekend,2016,03
5176,2573,Bread,Afternoon,Weekend,2016,03
5177,2574,Pastry,Afternoon,Weekend,2016,03
5178,2575,Bread,Afternoon,Weekend,2016,03
5179,2575,Tea,Afternoon,Weekend,2016,03
5180,2575,Pastry,Afternoon,Weekend,2016,03
5181,2576,Coffee,Afternoon,Weekend,2016,03
5182,2576,Medialuna,Afternoon,Weekend,2016,03
5183,2577,Coffee,Morning,Weekend,2016,04
5184,2577,Medialuna,Morning,Weekend,2016,04
5185,2578,Bread,Morning,Weekend,2016,04
5186,2579,Pastry,Morning,Weekend,2016,04
5187,2579,Bread,Morning,Weekend,2016,04
5188,2580,Bread,Morning,Weekend,2016,04
5189,2580,Toast,Morning,Weekend,2016,04
5190,2581,Bread,Morning,Weekend,2016,04
5191,2581,Medialuna,Morning,Weekend,2016,04
5192,2581,Toast,Morning,Weekend,2016,04
5193,2582,Coffee,Morning,Weekend,2016,04
5194,2582,Scone,Morning,Weekend,2016,04
5195,2582,Pastry,Morning,Weekend,2016,04
5196,2583,Coffee,Morning,Weekend,2016,04
5197,2583,Tea,Morning,Weekend,2016,04
5198,2583,Muffin,Morning,Weekend,2016,04
5199,2583,Muffin,Morning,Weekend,2016,04
5200,2584,Coffee,Morning,Weekend,2016,04
5201,2584,Toast,Morning,Weekend,2016,04
5202,2585,Coffee,Morning,Weekend,2016,04
5203,2585,Coffee,Morning,Weekend,2016,04
5204,2585,Medialuna,Morning,Weekend,2016,04
5205,2585,Pastry,Morning,Weekend,2016,04
5206,2586,Bread,Morning,Weekend,2016,04
5207,2586,Ella's Kitchen Pouches,Morning,Weekend,2016,04
5208,2587,Coffee,Morning,Weekend,2016,04
5209,2587,Toast,Morning,Weekend,2016,04
5210,2588,Bread,Morning,Weekend,2016,04
5211,2588,Medialuna,Morning,Weekend,2016,04
5212,2589,Hot chocolate,Morning,Weekend,2016,04
5213,2589,Tea,Morning,Weekend,2016,04
5214,2590,Bread,Morning,Weekend,2016,04
5215,2590,Muffin,Morning,Weekend,2016,04
5216,2591,Coffee,Morning,Weekend,2016,04
5217,2591,Bread,Morning,Weekend,2016,04
5218,2591,Coffee,Morning,Weekend,2016,04
5219,2592,Farm House,Morning,Weekend,2016,04
5220,2593,Coffee,Morning,Weekend,2016,04
5221,2593,Coffee,Morning,Weekend,2016,04
5222,2594,Bread,Afternoon,Weekend,2016,04
5223,2594,Alfajores,Afternoon,Weekend,2016,04
5224,2594,Cookies,Afternoon,Weekend,2016,04
5225,2595,Coffee,Afternoon,Weekend,2016,04
5226,2595,Medialuna,Afternoon,Weekend,2016,04
5227,2595,Pastry,Afternoon,Weekend,2016,04
5228,2595,Alfajores,Afternoon,Weekend,2016,04
5229,2596,Bread,Afternoon,Weekend,2016,04
5230,2596,Coffee,Afternoon,Weekend,2016,04
5231,2597,Bread,Afternoon,Weekend,2016,04
5232,2598,Coffee,Afternoon,Weekend,2016,04
5233,2598,Truffles,Afternoon,Weekend,2016,04
5234,2599,Coffee,Afternoon,Weekend,2016,04
5235,2599,Fudge,Afternoon,Weekend,2016,04
5236,2599,Fudge,Afternoon,Weekend,2016,04
5237,2599,Bread,Afternoon,Weekend,2016,04
5238,2600,Bread,Afternoon,Weekend,2016,04
5239,2601,Coffee,Afternoon,Weekend,2016,04
5240,2601,Bread,Afternoon,Weekend,2016,04
5241,2602,Bread,Afternoon,Weekend,2016,04
5242,2603,Coffee,Afternoon,Weekend,2016,04
5243,2603,Medialuna,Afternoon,Weekend,2016,04
5244,2603,Crepes,Afternoon,Weekend,2016,04
5245,2603,Alfajores,Afternoon,Weekend,2016,04
5246,2604,Coffee,Afternoon,Weekend,2016,04
5247,2604,Coffee,Afternoon,Weekend,2016,04
5248,2604,Cake,Afternoon,Weekend,2016,04
5249,2605,Bread,Afternoon,Weekend,2016,04
5250,2605,Coffee,Afternoon,Weekend,2016,04
5251,2605,Cake,Afternoon,Weekend,2016,04
5252,2605,Cookies,Afternoon,Weekend,2016,04
5253,2606,Coffee,Afternoon,Weekend,2016,04
5254,2607,Bread,Afternoon,Weekend,2016,04
5255,2608,Farm House,Afternoon,Weekend,2016,04
5256,2609,Bread,Afternoon,Weekend,2016,04
5257,2610,Coffee,Afternoon,Weekend,2016,04
5258,2610,Medialuna,Afternoon,Weekend,2016,04
5259,2611,Hot chocolate,Afternoon,Weekend,2016,04
5260,2611,Tea,Afternoon,Weekend,2016,04
5261,2611,Coffee,Afternoon,Weekend,2016,04
5262,2611,Coffee,Afternoon,Weekend,2016,04
5263,2611,Cake,Afternoon,Weekend,2016,04
5264,2612,Tea,Afternoon,Weekend,2016,04
5265,2612,Hot chocolate,Afternoon,Weekend,2016,04
5266,2612,Truffles,Afternoon,Weekend,2016,04
5267,2613,Hot chocolate,Afternoon,Weekend,2016,04
5268,2613,Hot chocolate,Afternoon,Weekend,2016,04
5269,2613,Hot chocolate,Afternoon,Weekend,2016,04
5270,2614,Coffee,Afternoon,Weekend,2016,04
5271,2614,Coffee,Afternoon,Weekend,2016,04
5272,2614,Coffee,Afternoon,Weekend,2016,04
5273,2614,Sandwich,Afternoon,Weekend,2016,04
5274,2614,Crepes,Afternoon,Weekend,2016,04
5275,2615,Bread,Afternoon,Weekend,2016,04
5276,2615,Crepes,Afternoon,Weekend,2016,04
5277,2616,Bread,Afternoon,Weekend,2016,04
5278,2616,Muffin,Afternoon,Weekend,2016,04
5279,2616,Cake,Afternoon,Weekend,2016,04
5280,2616,Coffee,Afternoon,Weekend,2016,04
5281,2616,Medialuna,Afternoon,Weekend,2016,04
5282,2617,Coffee,Afternoon,Weekend,2016,04
5283,2618,Bread,Afternoon,Weekend,2016,04
5284,2618,Coffee,Afternoon,Weekend,2016,04
5285,2618,Cookies,Afternoon,Weekend,2016,04
5286,2619,Medialuna,Afternoon,Weekend,2016,04
5287,2619,Crepes,Afternoon,Weekend,2016,04
5288,2620,Muffin,Afternoon,Weekend,2016,04
5289,2621,Medialuna,Afternoon,Weekend,2016,04
5290,2621,Tea,Afternoon,Weekend,2016,04
5291,2622,Pastry,Afternoon,Weekend,2016,04
5292,2623,Tea,Afternoon,Weekend,2016,04
5293,2624,Coffee,Afternoon,Weekend,2016,04
5294,2624,Scone,Afternoon,Weekend,2016,04
5295,2624,Coffee,Afternoon,Weekend,2016,04
5296,2625,Bread,Afternoon,Weekend,2016,04
5297,2625,Coffee,Afternoon,Weekend,2016,04
5298,2625,Coffee,Afternoon,Weekend,2016,04
5299,2625,Coffee,Afternoon,Weekend,2016,04
5300,2626,Truffles,Afternoon,Weekend,2016,04
5301,2626,Tea,Afternoon,Weekend,2016,04
5302,2627,Cookies,Afternoon,Weekend,2016,04
5303,2627,Cookies,Afternoon,Weekend,2016,04
5304,2628,Coffee,Morning,Weekday,2016,05
5305,2629,Bread,Morning,Weekday,2016,05
5306,2630,Coffee,Morning,Weekday,2016,05
5307,2630,Bread,Morning,Weekday,2016,05
5308,2630,Toast,Morning,Weekday,2016,05
5309,2630,Pastry,Morning,Weekday,2016,05
5310,2631,Coffee,Morning,Weekday,2016,05
5311,2632,Muffin,Morning,Weekday,2016,05
5312,2633,Bread,Morning,Weekday,2016,05
5313,2634,Farm House,Morning,Weekday,2016,05
5314,2635,Coffee,Morning,Weekday,2016,05
5315,2636,Bread,Morning,Weekday,2016,05
5316,2637,Bread,Morning,Weekday,2016,05
5317,2638,Tea,Morning,Weekday,2016,05
5318,2638,Coffee,Morning,Weekday,2016,05
5319,2638,Pastry,Morning,Weekday,2016,05
5320,2638,Alfajores,Morning,Weekday,2016,05
5321,2639,Coffee,Morning,Weekday,2016,05
5322,2639,Coffee,Morning,Weekday,2016,05
5323,2639,Toast,Morning,Weekday,2016,05
5324,2639,Medialuna,Morning,Weekday,2016,05
5325,2640,Coffee,Morning,Weekday,2016,05
5326,2641,Juice,Morning,Weekday,2016,05
5327,2641,Tea,Morning,Weekday,2016,05
5328,2641,Bread,Morning,Weekday,2016,05
5329,2641,Medialuna,Morning,Weekday,2016,05
5330,2642,Medialuna,Morning,Weekday,2016,05
5331,2642,Coffee,Morning,Weekday,2016,05
5332,2642,Toast,Morning,Weekday,2016,05
5333,2643,Pastry,Morning,Weekday,2016,05
5334,2643,Tea,Morning,Weekday,2016,05
5335,2644,Farm House,Morning,Weekday,2016,05
5336,2645,Coffee,Morning,Weekday,2016,05
5337,2645,Coffee,Morning,Weekday,2016,05
5338,2646,Coffee,Morning,Weekday,2016,05
5339,2647,Coffee,Morning,Weekday,2016,05
5340,2647,Coffee,Morning,Weekday,2016,05
5341,2647,Muffin,Morning,Weekday,2016,05
5342,2648,Coffee,Morning,Weekday,2016,05
5343,2649,Coffee,Morning,Weekday,2016,05
5344,2649,Muffin,Morning,Weekday,2016,05
5345,2650,Coffee,Morning,Weekday,2016,05
5346,2650,Sandwich,Morning,Weekday,2016,05
5347,2651,Dulce de Leche,Morning,Weekday,2016,05
5348,2651,Bread,Morning,Weekday,2016,05
5349,2651,Coffee,Morning,Weekday,2016,05
5350,2651,Pastry,Morning,Weekday,2016,05
5351,2651,Bread,Morning,Weekday,2016,05
5352,2652,Jam,Morning,Weekday,2016,05
5353,2653,Coffee,Morning,Weekday,2016,05
5354,2653,Coffee,Morning,Weekday,2016,05
5355,2653,Medialuna,Morning,Weekday,2016,05
5356,2654,Cookies,Morning,Weekday,2016,05
5357,2654,Coffee,Morning,Weekday,2016,05
5358,2654,Pastry,Morning,Weekday,2016,05
5359,2655,Farm House,Afternoon,Weekday,2016,05
5360,2656,Coffee,Afternoon,Weekday,2016,05
5361,2657,Coffee,Afternoon,Weekday,2016,05
5362,2659,Bread,Afternoon,Weekday,2016,05
5363,2659,Pastry,Afternoon,Weekday,2016,05
5364,2660,Juice,Afternoon,Weekday,2016,05
5365,2660,Sandwich,Afternoon,Weekday,2016,05
5366,2661,Coffee,Afternoon,Weekday,2016,05
5367,2661,Coffee,Afternoon,Weekday,2016,05
5368,2661,Alfajores,Afternoon,Weekday,2016,05
5369,2662,Coffee,Afternoon,Weekday,2016,05
5370,2662,Sandwich,Afternoon,Weekday,2016,05
5371,2663,Bread,Afternoon,Weekday,2016,05
5372,2664,Bread,Afternoon,Weekday,2016,05
5373,2665,Bread,Afternoon,Weekday,2016,05
5374,2665,Tea,Afternoon,Weekday,2016,05
5375,2665,Medialuna,Afternoon,Weekday,2016,05
5376,2666,Coffee,Afternoon,Weekday,2016,05
5377,2666,Muffin,Afternoon,Weekday,2016,05
5378,2667,Cake,Afternoon,Weekday,2016,05
5379,2667,Tea,Afternoon,Weekday,2016,05
5380,2668,Cookies,Afternoon,Weekday,2016,05
5381,2668,Coffee,Afternoon,Weekday,2016,05
5382,2669,Hearty & Seasonal,Afternoon,Weekday,2016,05
5383,2669,Coke,Afternoon,Weekday,2016,05
5384,2670,Coffee,Afternoon,Weekday,2016,05
5385,2670,Coffee,Afternoon,Weekday,2016,05
5386,2670,Muffin,Afternoon,Weekday,2016,05
5387,2670,Sandwich,Afternoon,Weekday,2016,05
5388,2671,Alfajores,Afternoon,Weekday,2016,05
5389,2672,Alfajores,Afternoon,Weekday,2016,05
5390,2673,Sandwich,Afternoon,Weekday,2016,05
5391,2673,Coffee,Afternoon,Weekday,2016,05
5392,2674,Hot chocolate,Afternoon,Weekday,2016,05
5393,2674,Coffee,Afternoon,Weekday,2016,05
5394,2674,Muffin,Afternoon,Weekday,2016,05
5395,2674,Sandwich,Afternoon,Weekday,2016,05
5396,2675,Muffin,Afternoon,Weekday,2016,05
5397,2676,Coffee,Afternoon,Weekday,2016,05
5398,2676,Tea,Afternoon,Weekday,2016,05
5399,2676,Bread,Afternoon,Weekday,2016,05
5400,2677,Coffee,Afternoon,Weekday,2016,05
5401,2678,Bread,Afternoon,Weekday,2016,05
5402,2678,Medialuna,Afternoon,Weekday,2016,05
5403,2678,Cookies,Afternoon,Weekday,2016,05
5404,2678,Tea,Afternoon,Weekday,2016,05
5405,2679,Coffee,Afternoon,Weekday,2016,05
5406,2680,Coffee,Afternoon,Weekday,2016,05
5407,2680,Bread,Afternoon,Weekday,2016,05
5408,2680,Coffee,Afternoon,Weekday,2016,05
5409,2681,Alfajores,Afternoon,Weekday,2016,05
5410,2681,Alfajores,Afternoon,Weekday,2016,05
5411,2681,Coffee,Afternoon,Weekday,2016,05
5412,2681,Sandwich,Afternoon,Weekday,2016,05
5413,2681,Sandwich,Afternoon,Weekday,2016,05
5414,2681,Bread,Afternoon,Weekday,2016,05
5415,2682,Coffee,Afternoon,Weekday,2016,05
5416,2682,Coffee,Afternoon,Weekday,2016,05
5417,2682,Bread,Afternoon,Weekday,2016,05
5418,2682,Cookies,Afternoon,Weekday,2016,05
5419,2682,Medialuna,Afternoon,Weekday,2016,05
5420,2682,Coffee,Afternoon,Weekday,2016,05
5421,2683,Coffee,Morning,Weekday,2016,06
5422,2683,Cookies,Morning,Weekday,2016,06
5423,2684,Farm House,Morning,Weekday,2016,06
5424,2685,Coffee,Morning,Weekday,2016,06
5425,2686,Coke,Morning,Weekday,2016,06
5426,2687,Coffee,Morning,Weekday,2016,06
5427,2687,Bread,Morning,Weekday,2016,06
5428,2688,Pastry,Morning,Weekday,2016,06
5429,2688,Bread,Morning,Weekday,2016,06
5430,2689,Coffee,Morning,Weekday,2016,06
5431,2690,Hot chocolate,Morning,Weekday,2016,06
5432,2690,Alfajores,Morning,Weekday,2016,06
5433,2690,Bread,Morning,Weekday,2016,06
5434,2690,Muffin,Morning,Weekday,2016,06
5435,2691,Coffee,Morning,Weekday,2016,06
5436,2692,Bread,Morning,Weekday,2016,06
5437,2693,Coffee,Morning,Weekday,2016,06
5438,2693,Coffee,Morning,Weekday,2016,06
5439,2694,Coffee,Morning,Weekday,2016,06
5440,2694,Coffee,Morning,Weekday,2016,06
5441,2694,Medialuna,Morning,Weekday,2016,06
5442,2695,Coffee,Morning,Weekday,2016,06
5443,2696,Pastry,Morning,Weekday,2016,06
5444,2696,Medialuna,Morning,Weekday,2016,06
5445,2696,Bread,Morning,Weekday,2016,06
5446,2697,Muffin,Morning,Weekday,2016,06
5447,2697,Coffee,Morning,Weekday,2016,06
5448,2697,Coffee,Morning,Weekday,2016,06
5449,2698,Bread,Morning,Weekday,2016,06
5450,2699,Bread,Morning,Weekday,2016,06
5451,2700,Bread,Morning,Weekday,2016,06
5452,2700,Coffee,Morning,Weekday,2016,06
5453,2701,Bread,Morning,Weekday,2016,06
5454,2701,Tea,Morning,Weekday,2016,06
5455,2702,Bread,Morning,Weekday,2016,06
5456,2702,Cookies,Morning,Weekday,2016,06
5457,2702,Muffin,Morning,Weekday,2016,06
5458,2703,Tea,Morning,Weekday,2016,06
5459,2703,Coffee,Morning,Weekday,2016,06
5460,2704,Medialuna,Morning,Weekday,2016,06
5461,2704,Pastry,Morning,Weekday,2016,06
5462,2704,Bread,Morning,Weekday,2016,06
5463,2705,Coffee,Morning,Weekday,2016,06
5464,2705,Alfajores,Morning,Weekday,2016,06
5465,2706,Toast,Morning,Weekday,2016,06
5466,2707,Coffee,Morning,Weekday,2016,06
5467,2708,Tea,Morning,Weekday,2016,06
5468,2709,Hot chocolate,Morning,Weekday,2016,06
5469,2709,Medialuna,Morning,Weekday,2016,06
5470,2710,Coffee,Morning,Weekday,2016,06
5471,2710,Pastry,Morning,Weekday,2016,06
5472,2711,Coffee,Morning,Weekday,2016,06
5473,2712,Cake,Morning,Weekday,2016,06
5474,2712,Bread,Morning,Weekday,2016,06
5475,2713,Cake,Morning,Weekday,2016,06
5476,2713,Coffee,Morning,Weekday,2016,06
5477,2714,Coffee,Morning,Weekday,2016,06
5478,2714,Hot chocolate,Morning,Weekday,2016,06
5479,2714,Pastry,Morning,Weekday,2016,06
5480,2715,Tea,Afternoon,Weekday,2016,06
5481,2716,Bread,Afternoon,Weekday,2016,06
5482,2717,Tea,Afternoon,Weekday,2016,06
5483,2718,Bread,Afternoon,Weekday,2016,06
5484,2718,Farm House,Afternoon,Weekday,2016,06
5485,2719,Coffee,Afternoon,Weekday,2016,06
5486,2720,Bread,Afternoon,Weekday,2016,06
5487,2721,Bread,Afternoon,Weekday,2016,06
5488,2722,Bread,Afternoon,Weekday,2016,06
5489,2722,Cookies,Afternoon,Weekday,2016,06
5490,2723,Coffee,Afternoon,Weekday,2016,06
5491,2723,Bread,Afternoon,Weekday,2016,06
5492,2724,Cookies,Afternoon,Weekday,2016,06
5493,2724,Coffee,Afternoon,Weekday,2016,06
5494,2725,Farm House,Afternoon,Weekday,2016,06
5495,2726,Bread,Afternoon,Weekday,2016,06
5496,2727,Coffee,Afternoon,Weekday,2016,06
5497,2728,Coffee,Afternoon,Weekday,2016,06
5498,2728,Tea,Afternoon,Weekday,2016,06
5499,2728,Sandwich,Afternoon,Weekday,2016,06
5500,2728,Muffin,Afternoon,Weekday,2016,06
5501,2729,Coffee,Afternoon,Weekday,2016,06
5502,2729,Bread,Afternoon,Weekday,2016,06
5503,2729,Cake,Afternoon,Weekday,2016,06
5504,2730,Bread,Afternoon,Weekday,2016,06
5505,2731,Tea,Afternoon,Weekday,2016,06
5506,2732,Tea,Afternoon,Weekday,2016,06
5507,2732,Coffee,Afternoon,Weekday,2016,06
5508,2733,Coffee,Afternoon,Weekday,2016,06
5509,2734,Sandwich,Afternoon,Weekday,2016,06
5510,2734,Tea,Afternoon,Weekday,2016,06
5511,2734,Alfajores,Afternoon,Weekday,2016,06
5512,2735,Coffee,Afternoon,Weekday,2016,06
5513,2735,Mineral water,Afternoon,Weekday,2016,06
5514,2735,Alfajores,Afternoon,Weekday,2016,06
5515,2735,Cake,Afternoon,Weekday,2016,06
5516,2735,Sandwich,Afternoon,Weekday,2016,06
5517,2736,Coffee,Afternoon,Weekday,2016,06
5518,2736,Bread,Afternoon,Weekday,2016,06
5519,2737,Coffee,Afternoon,Weekday,2016,06
5520,2738,Tea,Afternoon,Weekday,2016,06
5521,2738,Cake,Afternoon,Weekday,2016,06
5522,2739,Bread,Afternoon,Weekday,2016,06
5523,2740,Cookies,Afternoon,Weekday,2016,06
5524,2741,Coffee,Afternoon,Weekday,2016,06
5525,2741,Juice,Afternoon,Weekday,2016,06
5526,2742,Coffee,Afternoon,Weekday,2016,06
5527,2742,Muffin,Afternoon,Weekday,2016,06
5528,2742,Mineral water,Afternoon,Weekday,2016,06
5529,2742,Juice,Afternoon,Weekday,2016,06
5530,2743,Bread,Afternoon,Weekday,2016,06
5531,2744,Bread,Morning,Weekday,2016,07
5532,2745,Bread,Morning,Weekday,2016,07
5533,2746,Bread,Morning,Weekday,2016,07
5534,2746,Hot chocolate,Morning,Weekday,2016,07
5535,2746,Juice,Morning,Weekday,2016,07
5536,2746,Toast,Morning,Weekday,2016,07
5537,2747,Coffee,Morning,Weekday,2016,07
5538,2747,Cake,Morning,Weekday,2016,07
5539,2747,Bread,Morning,Weekday,2016,07
5540,2748,Coffee,Morning,Weekday,2016,07
5541,2748,Toast,Morning,Weekday,2016,07
5542,2749,Coffee,Morning,Weekday,2016,07
5543,2749,Toast,Morning,Weekday,2016,07
5544,2750,Tea,Morning,Weekday,2016,07
5545,2751,Tea,Morning,Weekday,2016,07
5546,2751,Toast,Morning,Weekday,2016,07
5547,2751,Cookies,Morning,Weekday,2016,07
5548,2752,Farm House,Morning,Weekday,2016,07
5549,2753,Bread,Morning,Weekday,2016,07
5550,2753,Cake,Morning,Weekday,2016,07
5551,2754,Bread,Morning,Weekday,2016,07
5552,2755,Coffee,Morning,Weekday,2016,07
5553,2755,Coffee,Morning,Weekday,2016,07
5554,2756,Tea,Morning,Weekday,2016,07
5555,2756,Alfajores,Morning,Weekday,2016,07
5556,2757,Bread,Morning,Weekday,2016,07
5557,2758,Coffee,Morning,Weekday,2016,07
5558,2759,Juice,Morning,Weekday,2016,07
5559,2759,Coffee,Morning,Weekday,2016,07
5560,2759,Tea,Morning,Weekday,2016,07
5561,2760,Coffee,Morning,Weekday,2016,07
5562,2760,Medialuna,Morning,Weekday,2016,07
5563,2761,Bread,Morning,Weekday,2016,07
5564,2762,Medialuna,Morning,Weekday,2016,07
5565,2762,Coffee,Morning,Weekday,2016,07
5566,2763,Cake,Afternoon,Weekday,2016,07
5567,2763,Tea,Afternoon,Weekday,2016,07
5568,2764,Bread,Afternoon,Weekday,2016,07
5569,2764,Coffee,Afternoon,Weekday,2016,07
5570,2765,Farm House,Afternoon,Weekday,2016,07
5571,2766,Bread,Afternoon,Weekday,2016,07
5572,2767,Farm House,Afternoon,Weekday,2016,07
5573,2767,Crepes,Afternoon,Weekday,2016,07
5574,2768,Bread,Afternoon,Weekday,2016,07
5575,2769,Hot chocolate,Afternoon,Weekday,2016,07
5576,2770,Coffee,Afternoon,Weekday,2016,07
5577,2770,Coffee,Afternoon,Weekday,2016,07
5578,2770,Hot chocolate,Afternoon,Weekday,2016,07
5579,2770,Sandwich,Afternoon,Weekday,2016,07
5580,2771,Sandwich,Afternoon,Weekday,2016,07
5581,2772,Coffee,Afternoon,Weekday,2016,07
5582,2772,Truffles,Afternoon,Weekday,2016,07
5583,2773,Jam,Afternoon,Weekday,2016,07
5584,2774,Bread,Afternoon,Weekday,2016,07
5585,2775,Bread,Afternoon,Weekday,2016,07
5586,2776,Sandwich,Afternoon,Weekday,2016,07
5587,2776,Coffee,Afternoon,Weekday,2016,07
5588,2776,Mineral water,Afternoon,Weekday,2016,07
5589,2777,Bread,Afternoon,Weekday,2016,07
5590,2778,Coke,Afternoon,Weekday,2016,07
5591,2778,Coke,Afternoon,Weekday,2016,07
5592,2778,Cookies,Afternoon,Weekday,2016,07
5593,2780,Bread,Afternoon,Weekday,2016,07
5594,2780,Bread,Afternoon,Weekday,2016,07
5595,2781,Coffee,Afternoon,Weekday,2016,07
5596,2781,Coffee,Afternoon,Weekday,2016,07
5597,2781,Sandwich,Afternoon,Weekday,2016,07
5598,2782,Bread,Afternoon,Weekday,2016,07
5599,2782,Coffee,Afternoon,Weekday,2016,07
5600,2783,Tea,Afternoon,Weekday,2016,07
5601,2783,Coffee,Afternoon,Weekday,2016,07
5602,2785,Tea,Afternoon,Weekday,2016,07
5603,2785,Coffee,Afternoon,Weekday,2016,07
5604,2786,Hot chocolate,Afternoon,Weekday,2016,07
5605,2787,Coffee,Afternoon,Weekday,2016,07
5606,2787,Coffee,Afternoon,Weekday,2016,07
5607,2787,Alfajores,Afternoon,Weekday,2016,07
5608,2788,Fudge,Evening,Weekday,2016,07
5609,2788,Jam,Evening,Weekday,2016,07
5610,2788,Cake,Evening,Weekday,2016,07
5611,2788,Coffee,Evening,Weekday,2016,07
5612,2789,Cake,Morning,Weekday,2016,08
5613,2790,Coffee,Morning,Weekday,2016,08
5614,2790,Bread,Morning,Weekday,2016,08
5615,2791,Pastry,Morning,Weekday,2016,08
5616,2791,Coffee,Morning,Weekday,2016,08
5617,2792,Coffee,Morning,Weekday,2016,08
5618,2792,Pastry,Morning,Weekday,2016,08
5619,2793,Coffee,Morning,Weekday,2016,08
5620,2793,Pastry,Morning,Weekday,2016,08
5621,2794,Truffles,Morning,Weekday,2016,08
5622,2794,Bread,Morning,Weekday,2016,08
5623,2795,Coffee,Morning,Weekday,2016,08
5624,2796,Coffee,Morning,Weekday,2016,08
5625,2797,Coffee,Morning,Weekday,2016,08
5626,2797,Toast,Morning,Weekday,2016,08
5627,2797,Vegan mincepie,Morning,Weekday,2016,08
5628,2797,Mineral water,Morning,Weekday,2016,08
5629,2797,Coffee,Morning,Weekday,2016,08
5630,2798,Medialuna,Morning,Weekday,2016,08
5631,2798,Bread,Morning,Weekday,2016,08
5632,2799,Coffee,Morning,Weekday,2016,08
5633,2799,Cake,Morning,Weekday,2016,08
5634,2800,Coffee,Morning,Weekday,2016,08
5635,2800,Pastry,Morning,Weekday,2016,08
5636,2801,Coffee,Morning,Weekday,2016,08
5637,2802,Coffee,Morning,Weekday,2016,08
5638,2803,Bread,Morning,Weekday,2016,08
5639,2803,Cake,Morning,Weekday,2016,08
5640,2803,Cookies,Morning,Weekday,2016,08
5641,2804,Coffee,Morning,Weekday,2016,08
5642,2804,Tea,Morning,Weekday,2016,08
5643,2804,Bread,Morning,Weekday,2016,08
5644,2804,Cake,Morning,Weekday,2016,08
5645,2805,Toast,Morning,Weekday,2016,08
5646,2805,Juice,Morning,Weekday,2016,08
5647,2806,Bread,Morning,Weekday,2016,08
5648,2807,Pastry,Morning,Weekday,2016,08
5649,2807,Pastry,Morning,Weekday,2016,08
5650,2808,Coffee,Morning,Weekday,2016,08
5651,2809,Truffles,Morning,Weekday,2016,08
5652,2810,Tea,Morning,Weekday,2016,08
5653,2811,Bread,Morning,Weekday,2016,08
5654,2812,Farm House,Morning,Weekday,2016,08
5655,2813,Coffee,Morning,Weekday,2016,08
5656,2813,Cake,Morning,Weekday,2016,08
5657,2814,Coffee,Morning,Weekday,2016,08
5658,2814,Sandwich,Morning,Weekday,2016,08
5659,2815,Tea,Afternoon,Weekday,2016,08
5660,2816,Hearty & Seasonal,Afternoon,Weekday,2016,08
5661,2816,Tea,Afternoon,Weekday,2016,08
5662,2817,Coffee,Afternoon,Weekday,2016,08
5663,2818,Coffee,Afternoon,Weekday,2016,08
5664,2819,Tea,Afternoon,Weekday,2016,08
5665,2819,Cake,Afternoon,Weekday,2016,08
5666,2820,Farm House,Afternoon,Weekday,2016,08
5667,2821,Coffee,Afternoon,Weekday,2016,08
5668,2822,Coffee,Afternoon,Weekday,2016,08
5669,2823,Bread,Afternoon,Weekday,2016,08
5670,2824,Coffee,Afternoon,Weekday,2016,08
5671,2824,Cake,Afternoon,Weekday,2016,08
5672,2825,Cake,Afternoon,Weekday,2016,08
5673,2826,Alfajores,Afternoon,Weekday,2016,08
5674,2826,Medialuna,Afternoon,Weekday,2016,08
5675,2826,Brownie,Afternoon,Weekday,2016,08
5676,2827,Bread,Afternoon,Weekday,2016,08
5677,2828,Bread,Afternoon,Weekday,2016,08
5678,2829,Bread,Morning,Weekday,2016,09
5679,2829,Jam,Morning,Weekday,2016,09
5680,2830,Tea,Morning,Weekday,2016,09
5681,2830,Sandwich,Morning,Weekday,2016,09
5682,2831,Coffee,Morning,Weekday,2016,09
5683,2831,Medialuna,Morning,Weekday,2016,09
5684,2831,Juice,Morning,Weekday,2016,09
5685,2831,Coke,Morning,Weekday,2016,09
5686,2832,Toast,Morning,Weekday,2016,09
5687,2832,Coffee,Morning,Weekday,2016,09
5688,2832,Bread,Morning,Weekday,2016,09
5689,2833,Bread,Morning,Weekday,2016,09
5690,2833,Coffee,Morning,Weekday,2016,09
5691,2833,Toast,Morning,Weekday,2016,09
5692,2834,Bread,Morning,Weekday,2016,09
5693,2834,Coffee,Morning,Weekday,2016,09
5694,2834,Medialuna,Morning,Weekday,2016,09
5695,2835,Coffee,Morning,Weekday,2016,09
5696,2836,Bread,Morning,Weekday,2016,09
5697,2836,Toast,Morning,Weekday,2016,09
5698,2837,Bread,Morning,Weekday,2016,09
5699,2838,Coffee,Morning,Weekday,2016,09
5700,2838,Coffee,Morning,Weekday,2016,09
5701,2838,Medialuna,Morning,Weekday,2016,09
5702,2838,Cake,Morning,Weekday,2016,09
5703,2839,Tea,Morning,Weekday,2016,09
5704,2840,Tea,Morning,Weekday,2016,09
5705,2841,Coffee,Morning,Weekday,2016,09
5706,2841,Medialuna,Morning,Weekday,2016,09
5707,2842,Bread,Morning,Weekday,2016,09
5708,2843,Bread,Morning,Weekday,2016,09
5709,2843,Coffee,Morning,Weekday,2016,09
5710,2844,Bread,Morning,Weekday,2016,09
5711,2845,Bread,Morning,Weekday,2016,09
5712,2845,Brownie,Morning,Weekday,2016,09
5713,2846,Coffee,Morning,Weekday,2016,09
5714,2847,Tea,Morning,Weekday,2016,09
5715,2847,The Nomad,Morning,Weekday,2016,09
5716,2848,Fudge,Morning,Weekday,2016,09
5717,2849,Alfajores,Morning,Weekday,2016,09
5718,2849,Coffee,Morning,Weekday,2016,09
5719,2850,Bread,Morning,Weekday,2016,09
5720,2851,Coffee,Morning,Weekday,2016,09
5721,2851,Alfajores,Morning,Weekday,2016,09
5722,2852,Brownie,Morning,Weekday,2016,09
5723,2852,Coffee,Morning,Weekday,2016,09
5724,2853,Bread,Morning,Weekday,2016,09
5725,2854,Jam,Morning,Weekday,2016,09
5726,2854,Fudge,Morning,Weekday,2016,09
5727,2855,Tea,Morning,Weekday,2016,09
5728,2856,Coffee,Morning,Weekday,2016,09
5729,2857,Coffee,Morning,Weekday,2016,09
5730,2858,Bread,Morning,Weekday,2016,09
5731,2859,Coffee,Morning,Weekday,2016,09
5732,2860,Coffee,Afternoon,Weekday,2016,09
5733,2861,Medialuna,Afternoon,Weekday,2016,09
5734,2861,Cake,Afternoon,Weekday,2016,09
5735,2862,Coffee,Afternoon,Weekday,2016,09
5736,2862,Cake,Afternoon,Weekday,2016,09
5737,2863,Coffee,Afternoon,Weekday,2016,09
5738,2863,Coffee,Afternoon,Weekday,2016,09
5739,2865,The Nomad,Afternoon,Weekday,2016,09
5740,2865,Tea,Afternoon,Weekday,2016,09
5741,2865,Bread,Afternoon,Weekday,2016,09
5742,2865,Brownie,Afternoon,Weekday,2016,09
5743,2865,Fudge,Afternoon,Weekday,2016,09
5744,2865,Fudge,Afternoon,Weekday,2016,09
5745,2866,Scone,Afternoon,Weekday,2016,09
5746,2866,Tea,Afternoon,Weekday,2016,09
5747,2867,Bread,Afternoon,Weekday,2016,09
5748,2868,Sandwich,Afternoon,Weekday,2016,09
5749,2868,Bread,Afternoon,Weekday,2016,09
5750,2868,Mineral water,Afternoon,Weekday,2016,09
5751,2868,Coffee,Afternoon,Weekday,2016,09
5752,2868,Juice,Afternoon,Weekday,2016,09
5753,2869,Bread,Afternoon,Weekday,2016,09
5754,2869,Bread,Afternoon,Weekday,2016,09
5755,2869,Scandinavian,Afternoon,Weekday,2016,09
5756,2870,Sandwich,Afternoon,Weekday,2016,09
5757,2871,Coffee,Afternoon,Weekday,2016,09
5758,2871,Brownie,Afternoon,Weekday,2016,09
5759,2872,Hearty & Seasonal,Afternoon,Weekday,2016,09
5760,2872,Brownie,Afternoon,Weekday,2016,09
5761,2872,Bread,Afternoon,Weekday,2016,09
5762,2873,Tea,Afternoon,Weekday,2016,09
5763,2873,Hearty & Seasonal,Afternoon,Weekday,2016,09
5764,2874,Coffee,Afternoon,Weekday,2016,09
5765,2874,Brownie,Afternoon,Weekday,2016,09
5766,2875,Coffee,Afternoon,Weekday,2016,09
5767,2875,Farm House,Afternoon,Weekday,2016,09
5768,2876,Coffee,Afternoon,Weekday,2016,09
5769,2876,Scone,Afternoon,Weekday,2016,09
5770,2877,Scone,Afternoon,Weekday,2016,09
5771,2877,Crepes,Afternoon,Weekday,2016,09
5772,2877,Alfajores,Afternoon,Weekday,2016,09
5773,2877,Alfajores,Afternoon,Weekday,2016,09
5774,2878,Scandinavian,Afternoon,Weekday,2016,09
5775,2879,Cake,Afternoon,Weekday,2016,09
5776,2880,Bread,Afternoon,Weekday,2016,09
5777,2881,Bread,Afternoon,Weekday,2016,09
5778,2882,Bread,Afternoon,Weekday,2016,09
5779,2882,Tea,Afternoon,Weekday,2016,09
5780,2884,Brownie,Afternoon,Weekday,2016,09
5781,2884,Mineral water,Afternoon,Weekday,2016,09
5782,2885,Farm House,Afternoon,Weekday,2016,09
5783,2886,Coffee,Afternoon,Weekday,2016,09
5784,2887,Sandwich,Afternoon,Weekday,2016,09
5785,2887,Scone,Afternoon,Weekday,2016,09
5786,2887,Bread,Afternoon,Weekday,2016,09
5787,2887,Coffee,Afternoon,Weekday,2016,09
5788,2888,Coffee,Afternoon,Weekday,2016,09
5789,2888,Hot chocolate,Afternoon,Weekday,2016,09
5790,2888,Tea,Afternoon,Weekday,2016,09
5791,2888,Alfajores,Afternoon,Weekday,2016,09
5792,2888,Sandwich,Afternoon,Weekday,2016,09
5793,2889,Bread,Morning,Weekend,2016,10
5794,2889,Scone,Morning,Weekend,2016,10
5795,2889,Juice,Morning,Weekend,2016,10
5796,2890,Coffee,Morning,Weekend,2016,10
5797,2891,Bread,Morning,Weekend,2016,10
5798,2892,Bread,Morning,Weekend,2016,10
5799,2893,Coffee,Morning,Weekend,2016,10
5800,2893,Coffee,Morning,Weekend,2016,10
5801,2893,Toast,Morning,Weekend,2016,10
5802,2893,Pastry,Morning,Weekend,2016,10
5803,2894,Bread,Morning,Weekend,2016,10
5804,2894,Focaccia,Morning,Weekend,2016,10
5805,2895,Scone,Morning,Weekend,2016,10
5806,2896,Focaccia,Morning,Weekend,2016,10
5807,2897,Scandinavian,Morning,Weekend,2016,10
5808,2898,Coffee,Morning,Weekend,2016,10
5809,2898,Tea,Morning,Weekend,2016,10
5810,2899,Coffee,Morning,Weekend,2016,10
5811,2899,Coffee,Morning,Weekend,2016,10
5812,2899,Farm House,Morning,Weekend,2016,10
5813,2900,Focaccia,Morning,Weekend,2016,10
5814,2900,Pastry,Morning,Weekend,2016,10
5815,2901,Coffee,Morning,Weekend,2016,10
5816,2901,Pastry,Morning,Weekend,2016,10
5817,2901,Medialuna,Morning,Weekend,2016,10
5818,2902,Sandwich,Morning,Weekend,2016,10
5819,2902,Bread,Morning,Weekend,2016,10
5820,2903,Bread,Morning,Weekend,2016,10
5821,2903,Coffee,Morning,Weekend,2016,10
5822,2903,Medialuna,Morning,Weekend,2016,10
5823,2903,Medialuna,Morning,Weekend,2016,10
5824,2903,Jam,Morning,Weekend,2016,10
5825,2904,Sandwich,Morning,Weekend,2016,10
5826,2904,Tea,Morning,Weekend,2016,10
5827,2904,Coffee,Morning,Weekend,2016,10
5828,2905,Coffee,Morning,Weekend,2016,10
5829,2905,Farm House,Morning,Weekend,2016,10
5830,2906,Bread,Morning,Weekend,2016,10
5831,2907,Bread,Morning,Weekend,2016,10
5832,2907,Coffee,Morning,Weekend,2016,10
5833,2908,Coffee,Morning,Weekend,2016,10
5834,2908,Coffee,Morning,Weekend,2016,10
5835,2908,Toast,Morning,Weekend,2016,10
5836,2908,Scandinavian,Morning,Weekend,2016,10
5837,2909,Farm House,Morning,Weekend,2016,10
5838,2909,Bread,Morning,Weekend,2016,10
5839,2909,Medialuna,Morning,Weekend,2016,10
5840,2910,Bread,Morning,Weekend,2016,10
5841,2911,Cake,Morning,Weekend,2016,10
5842,2912,Pastry,Morning,Weekend,2016,10
5843,2912,Coffee,Morning,Weekend,2016,10
5844,2912,Brownie,Morning,Weekend,2016,10
5845,2913,Bread,Morning,Weekend,2016,10
5846,2914,Coffee,Morning,Weekend,2016,10
5847,2914,Tea,Morning,Weekend,2016,10
5848,2914,Scone,Morning,Weekend,2016,10
5849,2915,Coffee,Morning,Weekend,2016,10
5850,2915,Coffee,Morning,Weekend,2016,10
5851,2916,Bread,Morning,Weekend,2016,10
5852,2916,Tea,Morning,Weekend,2016,10
5853,2917,Coffee,Morning,Weekend,2016,10
5854,2917,Scone,Morning,Weekend,2016,10
5855,2918,Farm House,Morning,Weekend,2016,10
5856,2918,Scandinavian,Morning,Weekend,2016,10
5857,2919,Vegan mincepie,Morning,Weekend,2016,10
5858,2919,Cake,Morning,Weekend,2016,10
5859,2920,Tea,Morning,Weekend,2016,10
5860,2920,Coffee,Morning,Weekend,2016,10
5861,2921,Bread,Morning,Weekend,2016,10
5862,2922,Coffee,Morning,Weekend,2016,10
5863,2923,Scandinavian,Morning,Weekend,2016,10
5864,2924,Bread,Morning,Weekend,2016,10
5865,2925,Tea,Afternoon,Weekend,2016,10
5866,2925,Bread,Afternoon,Weekend,2016,10
5867,2926,Medialuna,Afternoon,Weekend,2016,10
5868,2926,Pastry,Afternoon,Weekend,2016,10
5869,2926,Coffee,Afternoon,Weekend,2016,10
5870,2927,Truffles,Afternoon,Weekend,2016,10
5871,2927,Juice,Afternoon,Weekend,2016,10
5872,2928,Coffee,Afternoon,Weekend,2016,10
5873,2928,Jammie Dodgers,Afternoon,Weekend,2016,10
5874,2928,Art Tray,Afternoon,Weekend,2016,10
5875,2929,Frittata,Afternoon,Weekend,2016,10
5876,2930,Bread,Afternoon,Weekend,2016,10
5877,2931,Sandwich,Afternoon,Weekend,2016,10
5878,2931,Coffee,Afternoon,Weekend,2016,10
5879,2932,Coffee,Afternoon,Weekend,2016,10
5880,2932,Juice,Afternoon,Weekend,2016,10
5881,2933,Tea,Afternoon,Weekend,2016,10
5882,2933,Sandwich,Afternoon,Weekend,2016,10
5883,2934,Jam,Afternoon,Weekend,2016,10
5884,2935,Scone,Afternoon,Weekend,2016,10
5885,2936,Coffee,Afternoon,Weekend,2016,10
5886,2936,Sandwich,Afternoon,Weekend,2016,10
5887,2937,Coffee,Afternoon,Weekend,2016,10
5888,2938,Bread,Afternoon,Weekend,2016,10
5889,2938,Tea,Afternoon,Weekend,2016,10
5890,2939,Frittata,Afternoon,Weekend,2016,10
5891,2939,Tea,Afternoon,Weekend,2016,10
5892,2939,Bread,Afternoon,Weekend,2016,10
5893,2940,Scandinavian,Afternoon,Weekend,2016,10
5894,2941,Sandwich,Afternoon,Weekend,2016,10
5895,2941,Art Tray,Afternoon,Weekend,2016,10
5896,2941,Truffles,Afternoon,Weekend,2016,10
5897,2941,Coffee,Afternoon,Weekend,2016,10
5898,2942,Scone,Afternoon,Weekend,2016,10
5899,2942,Frittata,Afternoon,Weekend,2016,10
5900,2942,Juice,Afternoon,Weekend,2016,10
5901,2943,Tea,Afternoon,Weekend,2016,10
5902,2944,Coffee,Afternoon,Weekend,2016,10
5903,2944,Mineral water,Afternoon,Weekend,2016,10
5904,2944,Frittata,Afternoon,Weekend,2016,10
5905,2945,Coffee,Afternoon,Weekend,2016,10
5906,2945,Tea,Afternoon,Weekend,2016,10
5907,2946,Bread,Afternoon,Weekend,2016,10
5908,2946,Bread,Afternoon,Weekend,2016,10
5909,2946,Brownie,Afternoon,Weekend,2016,10
5910,2946,Scone,Afternoon,Weekend,2016,10
5911,2948,Coffee,Afternoon,Weekend,2016,10
5912,2949,Frittata,Afternoon,Weekend,2016,10
5913,2949,Sandwich,Afternoon,Weekend,2016,10
5914,2949,Coffee,Afternoon,Weekend,2016,10
5915,2950,Tea,Afternoon,Weekend,2016,10
5916,2951,Coffee,Afternoon,Weekend,2016,10
5917,2951,Tea,Afternoon,Weekend,2016,10
5918,2952,Vegan mincepie,Afternoon,Weekend,2016,10
5919,2952,Coffee,Afternoon,Weekend,2016,10
5920,2952,Hot chocolate,Afternoon,Weekend,2016,10
5921,2953,Juice,Afternoon,Weekend,2016,10
5922,2954,Cake,Afternoon,Weekend,2016,10
5923,2954,Tea,Afternoon,Weekend,2016,10
5924,2955,Tea,Afternoon,Weekend,2016,10
5925,2956,Bread,Afternoon,Weekend,2016,10
5926,2956,Farm House,Afternoon,Weekend,2016,10
5927,2957,Coffee,Afternoon,Weekend,2016,10
5928,2957,Tea,Afternoon,Weekend,2016,10
5929,2957,Bread,Afternoon,Weekend,2016,10
5930,2957,Mineral water,Afternoon,Weekend,2016,10
5931,2957,Scone,Afternoon,Weekend,2016,10
5932,2957,Bread,Afternoon,Weekend,2016,10
5933,2958,Bread,Afternoon,Weekend,2016,10
5934,2959,Bread,Afternoon,Weekend,2016,10
5935,2959,Hot chocolate,Afternoon,Weekend,2016,10
5936,2959,Hot chocolate,Afternoon,Weekend,2016,10
5937,2960,Coke,Afternoon,Weekend,2016,10
5938,2960,Sandwich,Afternoon,Weekend,2016,10
5939,2961,Sandwich,Afternoon,Weekend,2016,10
5940,2961,Mineral water,Afternoon,Weekend,2016,10
5941,2962,Hot chocolate,Afternoon,Weekend,2016,10
5942,2962,Tea,Afternoon,Weekend,2016,10
5943,2962,Cake,Afternoon,Weekend,2016,10
5944,2963,Scandinavian,Afternoon,Weekend,2016,10
5945,2964,Frittata,Afternoon,Weekend,2016,10
5946,2964,Cake,Afternoon,Weekend,2016,10
5947,2966,Cake,Afternoon,Weekend,2016,10
5948,2967,Coffee,Afternoon,Weekend,2016,10
5949,2967,Bread,Afternoon,Weekend,2016,10
5950,2968,Coffee,Afternoon,Weekend,2016,10
5951,2968,Tea,Afternoon,Weekend,2016,10
5952,2968,Bread,Afternoon,Weekend,2016,10
5953,2969,Scone,Afternoon,Weekend,2016,10
5954,2969,Coffee,Afternoon,Weekend,2016,10
5955,2970,Bread,Afternoon,Weekend,2016,10
5956,2971,Jam,Evening,Weekend,2016,10
5957,2972,Bread,Morning,Weekend,2016,11
5958,2973,Coffee,Morning,Weekend,2016,11
5959,2973,Medialuna,Morning,Weekend,2016,11
5960,2974,Bread,Morning,Weekend,2016,11
5961,2974,Farm House,Morning,Weekend,2016,11
5962,2975,Bread,Morning,Weekend,2016,11
5963,2976,Coffee,Morning,Weekend,2016,11
5964,2976,Pastry,Morning,Weekend,2016,11
5965,2977,Bread,Morning,Weekend,2016,11
5966,2977,Coffee,Morning,Weekend,2016,11
5967,2978,Medialuna,Morning,Weekend,2016,11
5968,2978,Coffee,Morning,Weekend,2016,11
5969,2979,Scone,Morning,Weekend,2016,11
5970,2979,Bread,Morning,Weekend,2016,11
5971,2980,Coffee,Morning,Weekend,2016,11
5972,2980,Coke,Morning,Weekend,2016,11
5973,2981,Coffee,Morning,Weekend,2016,11
5974,2982,Truffles,Morning,Weekend,2016,11
5975,2983,Bread,Morning,Weekend,2016,11
5976,2984,Mineral water,Morning,Weekend,2016,11
5977,2985,Hot chocolate,Morning,Weekend,2016,11
5978,2985,Coffee,Morning,Weekend,2016,11
5979,2985,Bread,Morning,Weekend,2016,11
5980,2985,Toast,Morning,Weekend,2016,11
5981,2985,Medialuna,Morning,Weekend,2016,11
5982,2985,Alfajores,Morning,Weekend,2016,11
5983,2985,Fudge,Morning,Weekend,2016,11
5984,2986,Jam,Morning,Weekend,2016,11
5985,2987,Medialuna,Morning,Weekend,2016,11
5986,2987,Bakewell,Morning,Weekend,2016,11
5987,2987,Coffee,Morning,Weekend,2016,11
5988,2987,Bread,Morning,Weekend,2016,11
5989,2987,Toast,Morning,Weekend,2016,11
5990,2988,Coffee,Morning,Weekend,2016,11
5991,2989,Bread,Morning,Weekend,2016,11
5992,2990,Coffee,Morning,Weekend,2016,11
5993,2990,Coffee,Morning,Weekend,2016,11
5994,2990,Bakewell,Morning,Weekend,2016,11
5995,2990,Medialuna,Morning,Weekend,2016,11
5996,2991,Coffee,Morning,Weekend,2016,11
5997,2991,Coffee,Morning,Weekend,2016,11
5998,2991,Bread,Morning,Weekend,2016,11
5999,2992,Farm House,Morning,Weekend,2016,11
6000,2993,Bread,Morning,Weekend,2016,11
6001,2994,Medialuna,Morning,Weekend,2016,11
6002,2994,Scone,Morning,Weekend,2016,11
6003,2994,Coffee,Morning,Weekend,2016,11
6004,2994,Coffee,Morning,Weekend,2016,11
6005,2995,Bread,Morning,Weekend,2016,11
6006,2996,Farm House,Afternoon,Weekend,2016,11
6007,2996,Coffee,Afternoon,Weekend,2016,11
6008,2996,Medialuna,Afternoon,Weekend,2016,11
6009,2996,Bread,Afternoon,Weekend,2016,11
6010,2997,Smoothies,Afternoon,Weekend,2016,11
6011,2998,Coffee,Afternoon,Weekend,2016,11
6012,3000,Medialuna,Afternoon,Weekend,2016,11
6013,3000,Coffee,Afternoon,Weekend,2016,11
6014,3001,Mineral water,Afternoon,Weekend,2016,11
6015,3002,Bread,Afternoon,Weekend,2016,11
6016,3002,Mineral water,Afternoon,Weekend,2016,11
6017,3002,Hot chocolate,Afternoon,Weekend,2016,11
6018,3003,Sandwich,Afternoon,Weekend,2016,11
6019,3003,Tea,Afternoon,Weekend,2016,11
6020,3004,Coffee,Afternoon,Weekend,2016,11
6021,3004,Cookies,Afternoon,Weekend,2016,11
6022,3005,Alfajores,Afternoon,Weekend,2016,11
6023,3005,Alfajores,Afternoon,Weekend,2016,11
6024,3006,Vegan mincepie,Afternoon,Weekend,2016,11
6025,3006,Bread,Afternoon,Weekend,2016,11
6026,3006,Coffee,Afternoon,Weekend,2016,11
6027,3007,Coffee,Afternoon,Weekend,2016,11
6028,3008,Medialuna,Afternoon,Weekend,2016,11
6029,3009,Coffee,Afternoon,Weekend,2016,11
6030,3009,Frittata,Afternoon,Weekend,2016,11
6031,3009,Toast,Afternoon,Weekend,2016,11
6032,3010,Coffee,Afternoon,Weekend,2016,11
6033,3010,Hot chocolate,Afternoon,Weekend,2016,11
6034,3010,Muffin,Afternoon,Weekend,2016,11
6035,3011,Coffee,Afternoon,Weekend,2016,11
6036,3011,Scandinavian,Afternoon,Weekend,2016,11
6037,3013,Bakewell,Afternoon,Weekend,2016,11
6038,3013,Tea,Afternoon,Weekend,2016,11
6039,3015,Coffee,Afternoon,Weekend,2016,11
6040,3017,Frittata,Afternoon,Weekend,2016,11
6041,3017,Coffee,Afternoon,Weekend,2016,11
6042,3018,Scandinavian,Afternoon,Weekend,2016,11
6043,3019,Coffee,Afternoon,Weekend,2016,11
6044,3019,Coffee,Afternoon,Weekend,2016,11
6045,3020,Coffee,Afternoon,Weekend,2016,11
6046,3020,Tea,Afternoon,Weekend,2016,11
6047,3021,Scandinavian,Afternoon,Weekend,2016,11
6048,3022,Bread,Afternoon,Weekend,2016,11
6049,3023,Tea,Morning,Weekday,2016,12
6050,3024,Bread,Morning,Weekday,2016,12
6051,3025,Bread,Morning,Weekday,2016,12
6052,3025,Medialuna,Morning,Weekday,2016,12
6053,3026,Pastry,Morning,Weekday,2016,12
6054,3026,Toast,Morning,Weekday,2016,12
6055,3026,Coffee,Morning,Weekday,2016,12
6056,3027,Coffee,Morning,Weekday,2016,12
6057,3027,Pastry,Morning,Weekday,2016,12
6058,3028,Tea,Morning,Weekday,2016,12
6059,3029,Coffee,Morning,Weekday,2016,12
6060,3029,Toast,Morning,Weekday,2016,12
6061,3030,Coffee,Morning,Weekday,2016,12
6062,3031,Jam,Morning,Weekday,2016,12
6063,3031,Coffee,Morning,Weekday,2016,12
6064,3031,Hot chocolate,Morning,Weekday,2016,12
6065,3031,Toast,Morning,Weekday,2016,12
6066,3032,Coffee,Morning,Weekday,2016,12
6067,3032,Sandwich,Morning,Weekday,2016,12
6068,3033,Bread,Morning,Weekday,2016,12
6069,3033,Tea,Morning,Weekday,2016,12
6070,3033,Bakewell,Morning,Weekday,2016,12
6071,3033,Alfajores,Morning,Weekday,2016,12
6072,3034,Bread,Morning,Weekday,2016,12
6073,3034,Coffee,Morning,Weekday,2016,12
6074,3034,Cake,Morning,Weekday,2016,12
6075,3035,Bread,Morning,Weekday,2016,12
6076,3036,Bread,Morning,Weekday,2016,12
6077,3037,Coffee,Morning,Weekday,2016,12
6078,3037,Coffee,Morning,Weekday,2016,12
6079,3037,Bakewell,Morning,Weekday,2016,12
6080,3037,Cake,Morning,Weekday,2016,12
6081,3038,Bread,Morning,Weekday,2016,12
6082,3039,Coffee,Morning,Weekday,2016,12
6083,3039,Medialuna,Morning,Weekday,2016,12
6084,3040,Bread,Morning,Weekday,2016,12
6085,3041,Bread,Morning,Weekday,2016,12
6086,3041,Vegan mincepie,Morning,Weekday,2016,12
6087,3042,Coffee,Afternoon,Weekday,2016,12
6088,3042,Bread,Afternoon,Weekday,2016,12
6089,3042,Vegan mincepie,Afternoon,Weekday,2016,12
6090,3042,Cake,Afternoon,Weekday,2016,12
6091,3043,Bread,Afternoon,Weekday,2016,12
6092,3044,Sandwich,Afternoon,Weekday,2016,12
6093,3045,Pastry,Afternoon,Weekday,2016,12
6094,3045,Bread,Afternoon,Weekday,2016,12
6095,3046,Cake,Afternoon,Weekday,2016,12
6096,3046,Vegan mincepie,Afternoon,Weekday,2016,12
6097,3046,Coffee,Afternoon,Weekday,2016,12
6098,3046,Coffee,Afternoon,Weekday,2016,12
6099,3046,Mineral water,Afternoon,Weekday,2016,12
6100,3046,Mineral water,Afternoon,Weekday,2016,12
6101,3047,Jam,Afternoon,Weekday,2016,12
6102,3048,Bread,Afternoon,Weekday,2016,12
6103,3049,Frittata,Afternoon,Weekday,2016,12
6104,3049,Coffee,Afternoon,Weekday,2016,12
6105,3050,Coffee,Afternoon,Weekday,2016,12
6106,3050,Coffee,Afternoon,Weekday,2016,12
6107,3051,Bread,Afternoon,Weekday,2016,12
6108,3052,Sandwich,Afternoon,Weekday,2016,12
6109,3053,Sandwich,Afternoon,Weekday,2016,12
6110,3053,Bread,Afternoon,Weekday,2016,12
6111,3053,Truffles,Afternoon,Weekday,2016,12
6112,3053,Coffee,Afternoon,Weekday,2016,12
6113,3054,Tea,Afternoon,Weekday,2016,12
6114,3054,Toast,Afternoon,Weekday,2016,12
6115,3055,Coffee,Afternoon,Weekday,2016,12
6116,3056,Cake,Afternoon,Weekday,2016,12
6117,3058,Coffee,Afternoon,Weekday,2016,12
6118,3058,Bread,Afternoon,Weekday,2016,12
6119,3058,Bread,Afternoon,Weekday,2016,12
6120,3058,Bread,Afternoon,Weekday,2016,12
6121,3059,Fudge,Afternoon,Weekday,2016,12
6122,3060,Jam,Afternoon,Weekday,2016,12
6123,3060,Jam,Afternoon,Weekday,2016,12
6124,3061,Bread,Afternoon,Weekday,2016,12
6125,3062,Coffee,Afternoon,Weekday,2016,12
6126,3063,Tea,Afternoon,Weekday,2016,12
6127,3063,Bread,Afternoon,Weekday,2016,12
6128,3063,Hot chocolate,Afternoon,Weekday,2016,12
6129,3063,Vegan mincepie,Afternoon,Weekday,2016,12
6130,3063,Bread,Afternoon,Weekday,2016,12
6131,3064,Juice,Afternoon,Weekday,2016,12
6132,3064,Cake,Afternoon,Weekday,2016,12
6133,3064,Jammie Dodgers,Afternoon,Weekday,2016,12
6134,3064,Bread,Afternoon,Weekday,2016,12
6135,3065,Bread,Afternoon,Weekday,2016,12
6136,3066,Vegan mincepie,Afternoon,Weekday,2016,12
6137,3066,Tea,Afternoon,Weekday,2016,12
6138,3067,Coffee,Afternoon,Weekday,2016,12
6139,3067,Pastry,Afternoon,Weekday,2016,12
6140,3068,Scandinavian,Morning,Weekday,2016,12
6141,3068,Vegan mincepie,Morning,Weekday,2016,12
6142,3069,Bread,Morning,Weekday,2016,12
6143,3070,Coffee,Morning,Weekday,2016,12
6144,3070,Fudge,Morning,Weekday,2016,12
6145,3070,Jam,Morning,Weekday,2016,12
6146,3070,Fudge,Morning,Weekday,2016,12
6147,3070,Fudge,Morning,Weekday,2016,12
6148,3071,Jam,Morning,Weekday,2016,12
6149,3071,Coffee,Morning,Weekday,2016,12
6150,3071,Coffee,Morning,Weekday,2016,12
6151,3073,Coffee,Morning,Weekday,2016,12
6152,3073,Coffee,Morning,Weekday,2016,12
6153,3074,Coffee,Morning,Weekday,2016,12
6154,3074,Cookies,Morning,Weekday,2016,12
6155,3074,Pastry,Morning,Weekday,2016,12
6156,3075,Medialuna,Morning,Weekday,2016,12
6157,3075,Bread,Morning,Weekday,2016,12
6158,3076,Coffee,Morning,Weekday,2016,12
6159,3076,Art Tray,Morning,Weekday,2016,12
6160,3077,Tea,Morning,Weekday,2016,12
6161,3077,Tea,Morning,Weekday,2016,12
6162,3077,Toast,Morning,Weekday,2016,12
6163,3078,Coke,Morning,Weekday,2016,12
6164,3079,Coffee,Morning,Weekday,2016,12
6165,3079,Bread,Morning,Weekday,2016,12
6166,3080,Bakewell,Morning,Weekday,2016,12
6167,3080,Farm House,Morning,Weekday,2016,12
6168,3081,Bread,Morning,Weekday,2016,12
6169,3081,Tea,Morning,Weekday,2016,12
6170,3081,Coffee,Morning,Weekday,2016,12
6171,3081,Alfajores,Morning,Weekday,2016,12
6172,3081,Hot chocolate,Morning,Weekday,2016,12
6173,3082,Farm House,Morning,Weekday,2016,12
6174,3083,Coffee,Morning,Weekday,2016,12
6175,3083,Bread,Morning,Weekday,2016,12
6176,3084,Coffee,Morning,Weekday,2016,12
6177,3084,Toast,Morning,Weekday,2016,12
6178,3084,Scandinavian,Morning,Weekday,2016,12
6179,3085,Bread,Morning,Weekday,2016,12
6180,3085,Vegan mincepie,Morning,Weekday,2016,12
6181,3086,Bread,Morning,Weekday,2016,12
6182,3087,Coffee,Morning,Weekday,2016,12
6183,3088,Coffee,Morning,Weekday,2016,12
6184,3088,Bread,Morning,Weekday,2016,12
6185,3088,Alfajores,Morning,Weekday,2016,12
6186,3089,Coffee,Afternoon,Weekday,2016,12
6187,3090,Bread,Afternoon,Weekday,2016,12
6188,3091,Medialuna,Afternoon,Weekday,2016,12
6189,3092,Coffee,Afternoon,Weekday,2016,12
6190,3093,Frittata,Afternoon,Weekday,2016,12
6191,3093,Tea,Afternoon,Weekday,2016,12
6192,3093,Coffee,Afternoon,Weekday,2016,12
6193,3094,Tea,Afternoon,Weekday,2016,12
6194,3095,Tea,Afternoon,Weekday,2016,12
6195,3095,Bakewell,Afternoon,Weekday,2016,12
6196,3096,Farm House,Afternoon,Weekday,2016,12
6197,3097,Coffee,Afternoon,Weekday,2016,12
6198,3097,Pastry,Afternoon,Weekday,2016,12
6199,3097,Medialuna,Afternoon,Weekday,2016,12
6200,3098,Coffee,Afternoon,Weekday,2016,12
6201,3098,Coffee,Afternoon,Weekday,2016,12
6202,3098,Sandwich,Afternoon,Weekday,2016,12
6203,3099,Coffee,Afternoon,Weekday,2016,12
6204,3099,Medialuna,Afternoon,Weekday,2016,12
6205,3100,Coffee,Afternoon,Weekday,2016,12
6206,3100,Pastry,Afternoon,Weekday,2016,12
6207,3101,Muffin,Afternoon,Weekday,2016,12
6208,3101,Bread,Afternoon,Weekday,2016,12
6209,3101,Bread,Afternoon,Weekday,2016,12
6210,3101,Coffee,Afternoon,Weekday,2016,12
6211,3102,Coffee,Afternoon,Weekday,2016,12
6212,3102,Bakewell,Afternoon,Weekday,2016,12
6213,3103,Bread,Afternoon,Weekday,2016,12
6214,3104,Coffee,Afternoon,Weekday,2016,12
6215,3105,Bread,Afternoon,Weekday,2016,12
6216,3106,Coffee,Afternoon,Weekday,2016,12
6217,3106,Coffee,Afternoon,Weekday,2016,12
6218,3106,Alfajores,Afternoon,Weekday,2016,12
6219,3107,Bread,Afternoon,Weekday,2016,12
6220,3107,Truffles,Afternoon,Weekday,2016,12
6221,3107,Coffee,Afternoon,Weekday,2016,12
6222,3107,Truffles,Afternoon,Weekday,2016,12
6223,3107,Scandinavian,Afternoon,Weekday,2016,12
6224,3108,Tea,Afternoon,Weekday,2016,12
6225,3108,Cake,Afternoon,Weekday,2016,12
6226,3109,Jam,Afternoon,Weekday,2016,12
6227,3110,Fudge,Evening,Weekday,2016,12
6228,3110,Jam,Evening,Weekday,2016,12
6229,3110,Jam,Evening,Weekday,2016,12
6230,3111,Bread,Morning,Weekday,2016,12
6231,3112,Coffee,Morning,Weekday,2016,12
6232,3113,Tea,Morning,Weekday,2016,12
6233,3113,Coffee,Morning,Weekday,2016,12
6234,3114,Coffee,Morning,Weekday,2016,12
6235,3114,Tea,Morning,Weekday,2016,12
6236,3114,Toast,Morning,Weekday,2016,12
6237,3115,Coffee,Morning,Weekday,2016,12
6238,3116,Bread,Morning,Weekday,2016,12
6239,3117,Coffee,Morning,Weekday,2016,12
6240,3118,Coffee,Morning,Weekday,2016,12
6241,3119,Bread,Morning,Weekday,2016,12
6242,3120,Bread,Morning,Weekday,2016,12
6243,3121,Fudge,Morning,Weekday,2016,12
6244,3122,Coffee,Morning,Weekday,2016,12
6245,3123,Coffee,Morning,Weekday,2016,12
6246,3123,Tea,Morning,Weekday,2016,12
6247,3124,Coffee,Morning,Weekday,2016,12
6248,3124,Coffee,Morning,Weekday,2016,12
6249,3124,Farm House,Morning,Weekday,2016,12
6250,3125,Medialuna,Morning,Weekday,2016,12
6251,3125,Muffin,Morning,Weekday,2016,12
6252,3125,Coffee,Morning,Weekday,2016,12
6253,3125,Juice,Morning,Weekday,2016,12
6254,3126,Coffee,Morning,Weekday,2016,12
6255,3127,Coffee,Morning,Weekday,2016,12
6256,3127,Bread,Morning,Weekday,2016,12
6257,3127,Bread,Morning,Weekday,2016,12
6258,3128,Coffee,Morning,Weekday,2016,12
6259,3128,Coffee,Morning,Weekday,2016,12
6260,3128,Bread,Morning,Weekday,2016,12
6261,3128,Muffin,Morning,Weekday,2016,12
6262,3129,Vegan mincepie,Morning,Weekday,2016,12
6263,3129,Coffee,Morning,Weekday,2016,12
6264,3129,Tea,Morning,Weekday,2016,12
6265,3130,Alfajores,Morning,Weekday,2016,12
6266,3130,Coffee,Morning,Weekday,2016,12
6267,3131,Coffee,Morning,Weekday,2016,12
6268,3131,Coffee,Morning,Weekday,2016,12
6269,3131,Medialuna,Morning,Weekday,2016,12
6270,3133,Bread,Morning,Weekday,2016,12
6271,3133,Tea,Morning,Weekday,2016,12
6272,3134,Coffee,Morning,Weekday,2016,12
6273,3135,Coffee,Morning,Weekday,2016,12
6274,3136,Bread,Morning,Weekday,2016,12
6275,3136,Pastry,Morning,Weekday,2016,12
6276,3137,Bread,Afternoon,Weekday,2016,12
6277,3138,Farm House,Afternoon,Weekday,2016,12
6278,3139,Bread,Afternoon,Weekday,2016,12
6279,3139,Alfajores,Afternoon,Weekday,2016,12
6280,3141,Coffee,Afternoon,Weekday,2016,12
6281,3142,Jam,Afternoon,Weekday,2016,12
6282,3143,Coffee,Afternoon,Weekday,2016,12
6283,3144,Pastry,Afternoon,Weekday,2016,12
6284,3145,Tea,Afternoon,Weekday,2016,12
6285,3146,Coffee,Afternoon,Weekday,2016,12
6286,3146,Coffee,Afternoon,Weekday,2016,12
6287,3147,Coffee,Afternoon,Weekday,2016,12
6288,3147,Toast,Afternoon,Weekday,2016,12
6289,3148,Coffee,Afternoon,Weekday,2016,12
6290,3149,Coke,Afternoon,Weekday,2016,12
6291,3149,Truffles,Afternoon,Weekday,2016,12
6292,3150,Sandwich,Afternoon,Weekday,2016,12
6293,3150,Tea,Afternoon,Weekday,2016,12
6294,3150,Coffee,Afternoon,Weekday,2016,12
6295,3151,Tea,Afternoon,Weekday,2016,12
6296,3152,Coke,Afternoon,Weekday,2016,12
6297,3153,Bread,Afternoon,Weekday,2016,12
6298,3153,Sandwich,Afternoon,Weekday,2016,12
6299,3153,Bread,Afternoon,Weekday,2016,12
6300,3154,Juice,Afternoon,Weekday,2016,12
6301,3154,Bread,Afternoon,Weekday,2016,12
6302,3154,Art Tray,Afternoon,Weekday,2016,12
6303,3154,Toast,Afternoon,Weekday,2016,12
6304,3155,Tea,Afternoon,Weekday,2016,12
6305,3155,Bread,Afternoon,Weekday,2016,12
6306,3156,Coffee,Afternoon,Weekday,2016,12
6307,3156,Alfajores,Afternoon,Weekday,2016,12
6308,3157,Hot chocolate,Afternoon,Weekday,2016,12
6309,3157,Hot chocolate,Afternoon,Weekday,2016,12
6310,3157,Toast,Afternoon,Weekday,2016,12
6311,3157,Pastry,Afternoon,Weekday,2016,12
6312,3158,Sandwich,Afternoon,Weekday,2016,12
6313,3158,Tea,Afternoon,Weekday,2016,12
6314,3158,Juice,Afternoon,Weekday,2016,12
6315,3158,Vegan mincepie,Afternoon,Weekday,2016,12
6316,3159,Bread,Afternoon,Weekday,2016,12
6317,3160,Alfajores,Afternoon,Weekday,2016,12
6318,3160,Muffin,Afternoon,Weekday,2016,12
6319,3161,Coffee,Afternoon,Weekday,2016,12
6320,3161,Jammie Dodgers,Afternoon,Weekday,2016,12
6321,3162,Jammie Dodgers,Afternoon,Weekday,2016,12
6322,3162,Bread,Afternoon,Weekday,2016,12
6323,3163,Tea,Afternoon,Weekday,2016,12
6324,3163,Coffee,Afternoon,Weekday,2016,12
6325,3163,Jammie Dodgers,Afternoon,Weekday,2016,12
6326,3163,Cake,Afternoon,Weekday,2016,12
6327,3163,Bread,Afternoon,Weekday,2016,12
6328,3164,Coffee,Morning,Weekday,2016,12
6329,3164,Coffee,Morning,Weekday,2016,12
6330,3165,Bread,Morning,Weekday,2016,12
6331,3165,Pastry,Morning,Weekday,2016,12
6332,3165,Medialuna,Morning,Weekday,2016,12
6333,3166,Alfajores,Morning,Weekday,2016,12
6334,3166,Pastry,Morning,Weekday,2016,12
6335,3167,Medialuna,Morning,Weekday,2016,12
6336,3167,Toast,Morning,Weekday,2016,12
6337,3167,Coffee,Morning,Weekday,2016,12
6338,3168,Bread,Morning,Weekday,2016,12
6339,3168,Tea,Morning,Weekday,2016,12
6340,3168,Pastry,Morning,Weekday,2016,12
6341,3169,Bread,Morning,Weekday,2016,12
6342,3170,Coffee,Morning,Weekday,2016,12
6343,3171,Bread,Morning,Weekday,2016,12
6344,3171,Hot chocolate,Morning,Weekday,2016,12
6345,3172,Bread,Morning,Weekday,2016,12
6346,3173,Pastry,Morning,Weekday,2016,12
6347,3174,Coffee,Morning,Weekday,2016,12
6348,3174,Coffee,Morning,Weekday,2016,12
6349,3175,Bread,Morning,Weekday,2016,12
6350,3176,Coffee,Morning,Weekday,2016,12
6351,3176,Hot chocolate,Morning,Weekday,2016,12
6352,3177,Farm House,Morning,Weekday,2016,12
6353,3178,Coffee,Morning,Weekday,2016,12
6354,3179,Coffee,Morning,Weekday,2016,12
6355,3179,Coffee,Morning,Weekday,2016,12
6356,3180,Coffee,Morning,Weekday,2016,12
6357,3181,Dulce de Leche,Morning,Weekday,2016,12
6358,3182,Pastry,Morning,Weekday,2016,12
6359,3182,Farm House,Morning,Weekday,2016,12
6360,3183,Bread,Morning,Weekday,2016,12
6361,3183,Vegan mincepie,Morning,Weekday,2016,12
6362,3183,Bread,Morning,Weekday,2016,12
6363,3184,Bread,Morning,Weekday,2016,12
6364,3185,Coffee,Morning,Weekday,2016,12
6365,3185,Hot chocolate,Morning,Weekday,2016,12
6366,3185,Pastry,Morning,Weekday,2016,12
6367,3186,Coffee,Afternoon,Weekday,2016,12
6368,3186,Vegan mincepie,Afternoon,Weekday,2016,12
6369,3186,Pastry,Afternoon,Weekday,2016,12
6370,3187,Bread,Afternoon,Weekday,2016,12
6371,3188,Bread,Afternoon,Weekday,2016,12
6372,3188,Bread,Afternoon,Weekday,2016,12
6373,3189,Coffee,Afternoon,Weekday,2016,12
6374,3189,Hot chocolate,Afternoon,Weekday,2016,12
6375,3190,Bread,Afternoon,Weekday,2016,12
6376,3190,Sandwich,Afternoon,Weekday,2016,12
6377,3190,Coffee,Afternoon,Weekday,2016,12
6378,3191,Bread,Afternoon,Weekday,2016,12
6379,3192,Coffee,Afternoon,Weekday,2016,12
6380,3192,Coffee,Afternoon,Weekday,2016,12
6381,3192,Hot chocolate,Afternoon,Weekday,2016,12
6382,3193,Coffee,Afternoon,Weekday,2016,12
6383,3194,Coffee,Afternoon,Weekday,2016,12
6384,3195,Sandwich,Afternoon,Weekday,2016,12
6385,3195,Coke,Afternoon,Weekday,2016,12
6386,3196,Coffee,Afternoon,Weekday,2016,12
6387,3197,Coffee,Afternoon,Weekday,2016,12
6388,3197,Bread,Afternoon,Weekday,2016,12
6389,3198,Bread,Afternoon,Weekday,2016,12
6390,3199,Coffee,Afternoon,Weekday,2016,12
6391,3200,Coffee,Afternoon,Weekday,2016,12
6392,3200,Coffee,Afternoon,Weekday,2016,12
6393,3201,Coffee,Afternoon,Weekday,2016,12
6394,3201,Fudge,Afternoon,Weekday,2016,12
6395,3202,Coffee,Afternoon,Weekday,2016,12
6396,3202,Sandwich,Afternoon,Weekday,2016,12
6397,3202,Tea,Afternoon,Weekday,2016,12
6398,3202,Bread,Afternoon,Weekday,2016,12
6399,3203,Coffee,Afternoon,Weekday,2016,12
6400,3203,Coffee,Afternoon,Weekday,2016,12
6401,3203,Sandwich,Afternoon,Weekday,2016,12
6402,3204,Bread,Afternoon,Weekday,2016,12
6403,3205,Bread,Afternoon,Weekday,2016,12
6404,3205,Coffee,Afternoon,Weekday,2016,12
6405,3206,Coffee,Afternoon,Weekday,2016,12
6406,3206,Coffee,Afternoon,Weekday,2016,12
6407,3206,Hot chocolate,Afternoon,Weekday,2016,12
6408,3207,Fudge,Afternoon,Weekday,2016,12
6409,3208,Coffee,Afternoon,Weekday,2016,12
6410,3209,Coffee,Afternoon,Weekday,2016,12
6411,3209,Bread,Afternoon,Weekday,2016,12
6412,3210,Bread,Afternoon,Weekday,2016,12
6413,3210,Bread,Afternoon,Weekday,2016,12
6414,3211,Cookies,Afternoon,Weekday,2016,12
6415,3212,Bread,Afternoon,Weekday,2016,12
6416,3213,Coffee,Afternoon,Weekday,2016,12
6417,3213,Bread,Afternoon,Weekday,2016,12
6418,3213,Bread,Afternoon,Weekday,2016,12
6419,3213,Alfajores,Afternoon,Weekday,2016,12
6420,3214,Tea,Afternoon,Weekday,2016,12
6421,3215,Bare Popcorn,Evening,Weekday,2016,12
6422,3215,Ella's Kitchen Pouches,Evening,Weekday,2016,12
6423,3216,Farm House,Evening,Weekday,2016,12
6424,3217,Bread,Evening,Weekday,2016,12
6425,3217,Fudge,Evening,Weekday,2016,12
6426,3217,Pastry,Evening,Weekday,2016,12
6427,3218,Hot chocolate,Evening,Weekday,2016,12
6428,3219,Tea,Evening,Weekday,2016,12
6429,3219,Vegan mincepie,Evening,Weekday,2016,12
6430,3219,Jammie Dodgers,Evening,Weekday,2016,12
6431,3219,Coffee,Evening,Weekday,2016,12
6432,3219,Medialuna,Evening,Weekday,2016,12
6433,3220,Coffee,Evening,Weekday,2016,12
6434,3221,Hot chocolate,Evening,Weekday,2016,12
6435,3221,Coffee,Evening,Weekday,2016,12
6436,3222,Bread,Evening,Weekday,2016,12
6437,3223,Vegan mincepie,Evening,Weekday,2016,12
6438,3224,Medialuna,Morning,Weekday,2016,12
6439,3224,Dulce de Leche,Morning,Weekday,2016,12
6440,3225,Muesli,Morning,Weekday,2016,12
6441,3226,Muesli,Morning,Weekday,2016,12
6442,3227,Coffee,Morning,Weekday,2016,12
6443,3227,Jam,Morning,Weekday,2016,12
6444,3227,Jam,Morning,Weekday,2016,12
6445,3228,Bread,Morning,Weekday,2016,12
6446,3228,Toast,Morning,Weekday,2016,12
6447,3229,Bread,Morning,Weekday,2016,12
6448,3229,Toast,Morning,Weekday,2016,12
6449,3230,Coffee,Morning,Weekday,2016,12
6450,3231,Jammie Dodgers,Morning,Weekday,2016,12
6451,3231,Vegan mincepie,Morning,Weekday,2016,12
6452,3232,Coffee,Morning,Weekday,2016,12
6453,3233,Bread,Morning,Weekday,2016,12
6454,3234,Coffee,Morning,Weekday,2016,12
6455,3234,Coffee,Morning,Weekday,2016,12
6456,3234,Bread,Morning,Weekday,2016,12
6457,3235,Tea,Morning,Weekday,2016,12
6458,3236,Coffee,Morning,Weekday,2016,12
6459,3237,Coffee,Morning,Weekday,2016,12
6460,3237,Coffee,Morning,Weekday,2016,12
6461,3237,Juice,Morning,Weekday,2016,12
6462,3237,Farm House,Morning,Weekday,2016,12
6463,3238,Coffee,Morning,Weekday,2016,12
6464,3238,Pastry,Morning,Weekday,2016,12
6465,3239,Bread,Morning,Weekday,2016,12
6466,3240,Coffee,Morning,Weekday,2016,12
6467,3241,Coffee,Morning,Weekday,2016,12
6468,3242,Coffee,Morning,Weekday,2016,12
6469,3243,Tea,Morning,Weekday,2016,12
6470,3243,Pastry,Morning,Weekday,2016,12
6471,3244,Cookies,Morning,Weekday,2016,12
6472,3244,Coffee,Morning,Weekday,2016,12
6473,3244,Coffee,Morning,Weekday,2016,12
6474,3244,Toast,Morning,Weekday,2016,12
6475,3245,Pastry,Morning,Weekday,2016,12
6476,3245,Tea,Morning,Weekday,2016,12
6477,3246,Tea,Morning,Weekday,2016,12
6478,3246,Coffee,Morning,Weekday,2016,12
6479,3246,Coffee,Morning,Weekday,2016,12
6480,3246,Toast,Morning,Weekday,2016,12
6481,3247,Bread,Morning,Weekday,2016,12
6482,3248,Bread,Morning,Weekday,2016,12
6483,3249,Coffee,Morning,Weekday,2016,12
6484,3250,Coffee,Morning,Weekday,2016,12
6485,3250,Coffee,Morning,Weekday,2016,12
6486,3251,Pastry,Morning,Weekday,2016,12
6487,3252,Bread,Morning,Weekday,2016,12
6488,3253,Scandinavian,Morning,Weekday,2016,12
6489,3253,Coffee,Morning,Weekday,2016,12
6490,3253,Alfajores,Morning,Weekday,2016,12
6491,3255,Truffles,Morning,Weekday,2016,12
6492,3255,Ella's Kitchen Pouches,Morning,Weekday,2016,12
6493,3255,Bread,Morning,Weekday,2016,12
6494,3256,Tea,Morning,Weekday,2016,12
6495,3256,Fudge,Morning,Weekday,2016,12
6496,3256,Fudge,Morning,Weekday,2016,12
6497,3256,Jam,Morning,Weekday,2016,12
6498,3256,Juice,Morning,Weekday,2016,12
6499,3256,Ella's Kitchen Pouches,Morning,Weekday,2016,12
6500,3257,Cake,Morning,Weekday,2016,12
6501,3258,Bread,Morning,Weekday,2016,12
6502,3258,Cookies,Morning,Weekday,2016,12
6503,3259,Coffee,Morning,Weekday,2016,12
6504,3259,Cake,Morning,Weekday,2016,12
6505,3260,Coffee,Afternoon,Weekday,2016,12
6506,3260,Tea,Afternoon,Weekday,2016,12
6507,3260,Toast,Afternoon,Weekday,2016,12
6508,3261,Truffles,Afternoon,Weekday,2016,12
6509,3262,Bread,Afternoon,Weekday,2016,12
6510,3263,Coffee,Afternoon,Weekday,2016,12
6511,3264,Bread,Afternoon,Weekday,2016,12
6512,3265,Bread,Afternoon,Weekday,2016,12
6513,3266,Truffles,Afternoon,Weekday,2016,12
6514,3267,Toast,Afternoon,Weekday,2016,12
6515,3267,Bread,Afternoon,Weekday,2016,12
6516,3267,Tea,Afternoon,Weekday,2016,12
6517,3267,Cookies,Afternoon,Weekday,2016,12
6518,3268,Sandwich,Afternoon,Weekday,2016,12
6519,3268,Coffee,Afternoon,Weekday,2016,12
6520,3268,Coffee,Afternoon,Weekday,2016,12
6521,3270,Bread,Afternoon,Weekday,2016,12
6522,3270,Sandwich,Afternoon,Weekday,2016,12
6523,3271,Alfajores,Afternoon,Weekday,2016,12
6524,3272,Scone,Afternoon,Weekday,2016,12
6525,3274,Bread,Afternoon,Weekday,2016,12
6526,3274,Coffee,Afternoon,Weekday,2016,12
6527,3274,Alfajores,Afternoon,Weekday,2016,12
6528,3274,Vegan mincepie,Afternoon,Weekday,2016,12
6529,3275,Fudge,Afternoon,Weekday,2016,12
6530,3276,Jam,Afternoon,Weekday,2016,12
6531,3277,Coffee,Afternoon,Weekday,2016,12
6532,3277,Pastry,Afternoon,Weekday,2016,12
6533,3277,Jam,Afternoon,Weekday,2016,12
6534,3278,Coffee,Afternoon,Weekday,2016,12
6535,3279,Tea,Afternoon,Weekday,2016,12
6536,3279,Bread,Afternoon,Weekday,2016,12
6537,3279,Bread,Afternoon,Weekday,2016,12
6538,3279,Fudge,Afternoon,Weekday,2016,12
6539,3280,Bread,Afternoon,Weekday,2016,12
6540,3280,Sandwich,Afternoon,Weekday,2016,12
6541,3281,Farm House,Afternoon,Weekday,2016,12
6542,3282,Coffee,Afternoon,Weekday,2016,12
6543,3283,Jam,Afternoon,Weekday,2016,12
6544,3283,Jam,Afternoon,Weekday,2016,12
6545,3284,Brownie,Afternoon,Weekday,2016,12
6546,3284,Coffee,Afternoon,Weekday,2016,12
6547,3285,Tea,Afternoon,Weekday,2016,12
6548,3285,Sandwich,Afternoon,Weekday,2016,12
6549,3285,Bread,Afternoon,Weekday,2016,12
6550,3286,Tea,Afternoon,Weekday,2016,12
6551,3287,Sandwich,Afternoon,Weekday,2016,12
6552,3287,Tea,Afternoon,Weekday,2016,12
6553,3288,Coffee,Afternoon,Weekday,2016,12
6554,3289,Coffee,Afternoon,Weekday,2016,12
6555,3290,Bread,Afternoon,Weekday,2016,12
6556,3291,Tea,Afternoon,Weekday,2016,12
6557,3291,Brownie,Afternoon,Weekday,2016,12
6558,3292,Jam,Afternoon,Weekday,2016,12
6559,3293,Jam,Afternoon,Weekday,2016,12
6560,3294,Cookies,Afternoon,Weekday,2016,12
6561,3294,Sandwich,Afternoon,Weekday,2016,12
6562,3294,Juice,Afternoon,Weekday,2016,12
6563,3295,Tea,Afternoon,Weekday,2016,12
6564,3295,Pastry,Afternoon,Weekday,2016,12
6565,3296,Farm House,Afternoon,Weekday,2016,12
6566,3297,Scone,Afternoon,Weekday,2016,12
6567,3297,Coffee,Afternoon,Weekday,2016,12
6568,3298,Coffee,Afternoon,Weekday,2016,12
6569,3298,Coffee,Afternoon,Weekday,2016,12
6570,3299,Coffee,Afternoon,Weekday,2016,12
6571,3299,Coffee,Afternoon,Weekday,2016,12
6572,3299,Vegan mincepie,Afternoon,Weekday,2016,12
6573,3300,Bread,Afternoon,Weekday,2016,12
6574,3300,Scone,Afternoon,Weekday,2016,12
6575,3301,Farm House,Afternoon,Weekday,2016,12
6576,3301,Scone,Afternoon,Weekday,2016,12
6577,3303,Coffee,Afternoon,Weekday,2016,12
6578,3303,Brownie,Afternoon,Weekday,2016,12
6579,3304,Coffee,Afternoon,Weekday,2016,12
6580,3304,Tea,Afternoon,Weekday,2016,12
6581,3305,Coffee,Afternoon,Weekday,2016,12
6582,3306,Tea,Afternoon,Weekday,2016,12
6583,3306,Coffee,Afternoon,Weekday,2016,12
6584,3307,Bread,Afternoon,Weekday,2016,12
6585,3309,Coffee,Evening,Weekday,2016,12
6586,3309,Coffee,Evening,Weekday,2016,12
6587,3309,Coffee,Evening,Weekday,2016,12
6588,3309,Alfajores,Evening,Weekday,2016,12
6589,3310,Farm House,Morning,Weekend,2016,12
6590,3310,Medialuna,Morning,Weekend,2016,12
6591,3310,Pastry,Morning,Weekend,2016,12
6592,3311,Bread,Morning,Weekend,2016,12
6593,3312,Bread,Morning,Weekend,2016,12
6594,3313,Coffee,Morning,Weekend,2016,12
6595,3313,Pastry,Morning,Weekend,2016,12
6596,3314,Bread,Morning,Weekend,2016,12
6597,3315,Bread,Morning,Weekend,2016,12
6598,3315,Bread,Morning,Weekend,2016,12
6599,3315,Pastry,Morning,Weekend,2016,12
6600,3316,Medialuna,Morning,Weekend,2016,12
6601,3316,Fudge,Morning,Weekend,2016,12
6602,3317,Bread,Morning,Weekend,2016,12
6603,3318,Coffee,Morning,Weekend,2016,12
6604,3318,Scone,Morning,Weekend,2016,12
6605,3318,Juice,Morning,Weekend,2016,12
6606,3319,Coffee,Morning,Weekend,2016,12
6607,3320,Tea,Morning,Weekend,2016,12
6608,3320,Scone,Morning,Weekend,2016,12
6609,3320,Lemon and coconut,Morning,Weekend,2016,12
6610,3321,Jam,Morning,Weekend,2016,12
6611,3321,Cookies,Morning,Weekend,2016,12
6612,3321,Fudge,Morning,Weekend,2016,12
6613,3322,Bread,Morning,Weekend,2016,12
6614,3323,Scandinavian,Morning,Weekend,2016,12
6615,3324,Coffee,Morning,Weekend,2016,12
6616,3324,Cookies,Morning,Weekend,2016,12
6617,3324,Juice,Morning,Weekend,2016,12
6618,3325,Hot chocolate,Morning,Weekend,2016,12
6619,3325,Coffee,Morning,Weekend,2016,12
6620,3325,Bread,Morning,Weekend,2016,12
6621,3325,Bread,Morning,Weekend,2016,12
6622,3325,Vegan mincepie,Morning,Weekend,2016,12
6623,3326,Jam,Morning,Weekend,2016,12
6624,3327,Bread,Morning,Weekend,2016,12
6625,3328,Coffee,Morning,Weekend,2016,12
6626,3328,Coffee,Morning,Weekend,2016,12
6627,3329,Dulce de Leche,Morning,Weekend,2016,12
6628,3329,Scandinavian,Morning,Weekend,2016,12
6629,3329,Alfajores,Morning,Weekend,2016,12
6630,3330,Coffee,Morning,Weekend,2016,12
6631,3330,Bread,Morning,Weekend,2016,12
6632,3330,Pastry,Morning,Weekend,2016,12
6633,3330,Medialuna,Morning,Weekend,2016,12
6634,3330,Farm House,Morning,Weekend,2016,12
6635,3331,Hot chocolate,Morning,Weekend,2016,12
6636,3331,Scone,Morning,Weekend,2016,12
6637,3332,Fudge,Morning,Weekend,2016,12
6638,3332,Jam,Morning,Weekend,2016,12
6639,3332,Bread,Morning,Weekend,2016,12
6640,3332,Farm House,Morning,Weekend,2016,12
6641,3333,Coffee,Morning,Weekend,2016,12
6642,3333,The Nomad,Morning,Weekend,2016,12
6643,3334,Vegan mincepie,Morning,Weekend,2016,12
6644,3335,Bread,Morning,Weekend,2016,12
6645,3336,Bread,Morning,Weekend,2016,12
6646,3337,Bread,Morning,Weekend,2016,12
6647,3337,Scone,Morning,Weekend,2016,12
6648,3338,Cake,Morning,Weekend,2016,12
6649,3339,Bread,Morning,Weekend,2016,12
6650,3340,Vegan mincepie,Morning,Weekend,2016,12
6651,3340,Cake,Morning,Weekend,2016,12
6652,3340,Coffee,Morning,Weekend,2016,12
6653,3340,Coffee,Morning,Weekend,2016,12
6654,3340,Coffee,Morning,Weekend,2016,12
6655,3341,Coffee,Morning,Weekend,2016,12
6656,3341,Coffee,Morning,Weekend,2016,12
6657,3341,Medialuna,Morning,Weekend,2016,12
6658,3342,Bread,Morning,Weekend,2016,12
6659,3343,Jam,Afternoon,Weekend,2016,12
6660,3344,Medialuna,Afternoon,Weekend,2016,12
6661,3344,Pastry,Afternoon,Weekend,2016,12
6662,3344,Coffee,Afternoon,Weekend,2016,12
6663,3344,Coffee,Afternoon,Weekend,2016,12
6664,3344,Coffee,Afternoon,Weekend,2016,12
6665,3346,Bread,Afternoon,Weekend,2016,12
6666,3347,Bread,Afternoon,Weekend,2016,12
6667,3348,Bread,Afternoon,Weekend,2016,12
6668,3348,Scone,Afternoon,Weekend,2016,12
6669,3348,Bread,Afternoon,Weekend,2016,12
6670,3348,The Nomad,Afternoon,Weekend,2016,12
6671,3349,Coffee,Afternoon,Weekend,2016,12
6672,3349,Tea,Afternoon,Weekend,2016,12
6673,3350,Bread,Afternoon,Weekend,2016,12
6674,3351,Frittata,Afternoon,Weekend,2016,12
6675,3351,Tea,Afternoon,Weekend,2016,12
6676,3351,Tea,Afternoon,Weekend,2016,12
6677,3352,Coffee,Afternoon,Weekend,2016,12
6678,3352,Vegan mincepie,Afternoon,Weekend,2016,12
6679,3353,Bread,Afternoon,Weekend,2016,12
6680,3354,Coffee,Afternoon,Weekend,2016,12
6681,3354,Bread,Afternoon,Weekend,2016,12
6682,3355,Scone,Afternoon,Weekend,2016,12
6683,3355,Coffee,Afternoon,Weekend,2016,12
6684,3356,Farm House,Afternoon,Weekend,2016,12
6685,3356,Frittata,Afternoon,Weekend,2016,12
6686,3356,Cookies,Afternoon,Weekend,2016,12
6687,3357,Farm House,Afternoon,Weekend,2016,12
6688,3358,Farm House,Afternoon,Weekend,2016,12
6689,3359,Jam,Afternoon,Weekend,2016,12
6690,3359,Fudge,Afternoon,Weekend,2016,12
6691,3360,Coffee,Afternoon,Weekend,2016,12
6692,3361,Frittata,Afternoon,Weekend,2016,12
6693,3361,Sandwich,Afternoon,Weekend,2016,12
6694,3361,Bread,Afternoon,Weekend,2016,12
6695,3361,Alfajores,Afternoon,Weekend,2016,12
6696,3361,Medialuna,Afternoon,Weekend,2016,12
6697,3361,Fudge,Afternoon,Weekend,2016,12
6698,3362,Cake,Afternoon,Weekend,2016,12
6699,3363,Juice,Afternoon,Weekend,2016,12
6700,3363,Cookies,Afternoon,Weekend,2016,12
6701,3363,Coffee,Afternoon,Weekend,2016,12
6702,3364,Coffee,Afternoon,Weekend,2016,12
6703,3364,Coffee,Afternoon,Weekend,2016,12
6704,3366,Bread,Afternoon,Weekend,2016,12
6705,3366,Pastry,Afternoon,Weekend,2016,12
6706,3367,Hot chocolate,Afternoon,Weekend,2016,12
6707,3367,Tea,Afternoon,Weekend,2016,12
6708,3368,Crisps,Afternoon,Weekend,2016,12
6709,3369,Bread,Afternoon,Weekend,2016,12
6710,3370,Cake,Afternoon,Weekend,2016,12
6711,3371,Focaccia,Afternoon,Weekend,2016,12
6712,3371,Tea,Afternoon,Weekend,2016,12
6713,3371,Tea,Afternoon,Weekend,2016,12
6714,3371,Scone,Afternoon,Weekend,2016,12
6715,3372,Coffee,Afternoon,Weekend,2016,12
6716,3372,Scone,Afternoon,Weekend,2016,12
6717,3373,Cake,Afternoon,Weekend,2016,12
6718,3374,Vegan mincepie,Afternoon,Weekend,2016,12
6719,3375,Coffee,Afternoon,Weekend,2016,12
6720,3375,Coffee,Afternoon,Weekend,2016,12
6721,3376,Tea,Afternoon,Weekend,2016,12
6722,3376,Vegan mincepie,Afternoon,Weekend,2016,12
6723,3377,Focaccia,Evening,Weekend,2016,12
6724,3378,Coke,Evening,Weekend,2016,12
6725,3379,Pintxos,Evening,Weekend,2016,12
6726,3380,Pintxos,Evening,Weekend,2016,12
6727,3381,Juice,Evening,Weekend,2016,12
6728,3382,Coke,Evening,Weekend,2016,12
6729,3383,Pintxos,Evening,Weekend,2016,12
6730,3384,Pintxos,Evening,Weekend,2016,12
6731,3385,Pintxos,Evening,Weekend,2016,12
6732,3386,Coke,Evening,Weekend,2016,12
6733,3386,Pintxos,Evening,Weekend,2016,12
6734,3387,Hot chocolate,Night,Weekend,2016,12
6735,3387,Hot chocolate,Night,Weekend,2016,12
6736,3388,Medialuna,Morning,Weekend,2016,12
6737,3389,Coffee,Morning,Weekend,2016,12
6738,3390,Coffee,Morning,Weekend,2016,12
6739,3390,Bread,Morning,Weekend,2016,12
6740,3391,Coffee,Morning,Weekend,2016,12
6741,3392,Bread,Morning,Weekend,2016,12
6742,3393,Coffee,Morning,Weekend,2016,12
6743,3393,Cookies,Morning,Weekend,2016,12
6744,3393,Bread,Morning,Weekend,2016,12
6745,3393,Toast,Morning,Weekend,2016,12
6746,3394,Coffee,Morning,Weekend,2016,12
6747,3394,Brownie,Morning,Weekend,2016,12
6748,3394,Medialuna,Morning,Weekend,2016,12
6749,3395,Hot chocolate,Morning,Weekend,2016,12
6750,3395,Coffee,Morning,Weekend,2016,12
6751,3395,Brownie,Morning,Weekend,2016,12
6752,3396,Tea,Morning,Weekend,2016,12
6753,3396,Hot chocolate,Morning,Weekend,2016,12
6754,3397,Tea,Morning,Weekend,2016,12
6755,3397,Scone,Morning,Weekend,2016,12
6756,3397,Bread,Morning,Weekend,2016,12
6757,3398,Medialuna,Morning,Weekend,2016,12
6758,3398,Coffee,Morning,Weekend,2016,12
6759,3398,Coffee,Morning,Weekend,2016,12
6760,3399,Bread,Morning,Weekend,2016,12
6761,3399,Coffee,Morning,Weekend,2016,12
6762,3399,Hot chocolate,Morning,Weekend,2016,12
6763,3399,Coffee,Morning,Weekend,2016,12
6764,3399,Pastry,Morning,Weekend,2016,12
6765,3399,Scone,Morning,Weekend,2016,12
6766,3400,Muesli,Morning,Weekend,2016,12
6767,3400,The Nomad,Morning,Weekend,2016,12
6768,3400,Coffee,Morning,Weekend,2016,12
6769,3400,Bread,Morning,Weekend,2016,12
6770,3401,Bread,Morning,Weekend,2016,12
6771,3402,Fudge,Morning,Weekend,2016,12
6772,3403,Bread,Morning,Weekend,2016,12
6773,3404,Coffee,Morning,Weekend,2016,12
6774,3404,Coffee,Morning,Weekend,2016,12
6775,3405,Bread,Afternoon,Weekend,2016,12
6776,3406,Bread,Afternoon,Weekend,2016,12
6777,3407,Coffee,Afternoon,Weekend,2016,12
6778,3407,Brownie,Afternoon,Weekend,2016,12
6779,3407,Vegan mincepie,Afternoon,Weekend,2016,12
6780,3408,Dulce de Leche,Afternoon,Weekend,2016,12
6781,3409,Coffee,Afternoon,Weekend,2016,12
6782,3409,Coffee,Afternoon,Weekend,2016,12
6783,3410,Coffee,Afternoon,Weekend,2016,12
6784,3411,Farm House,Afternoon,Weekend,2016,12
6785,3412,Coffee,Afternoon,Weekend,2016,12
6786,3413,Coffee,Afternoon,Weekend,2016,12
6787,3413,Brownie,Afternoon,Weekend,2016,12
6788,3414,Coffee,Afternoon,Weekend,2016,12
6789,3415,Coffee,Afternoon,Weekend,2016,12
6790,3415,Hot chocolate,Afternoon,Weekend,2016,12
6791,3415,Vegan mincepie,Afternoon,Weekend,2016,12
6792,3416,Bread,Afternoon,Weekend,2016,12
6793,3417,Coffee,Afternoon,Weekend,2016,12
6794,3417,Frittata,Afternoon,Weekend,2016,12
6795,3418,Medialuna,Afternoon,Weekend,2016,12
6796,3418,Coffee,Afternoon,Weekend,2016,12
6797,3419,Coffee,Afternoon,Weekend,2016,12
6798,3419,Juice,Afternoon,Weekend,2016,12
6799,3419,Mineral water,Afternoon,Weekend,2016,12
6800,3419,Medialuna,Afternoon,Weekend,2016,12
6801,3419,Crisps,Afternoon,Weekend,2016,12
6802,3419,Frittata,Afternoon,Weekend,2016,12
6803,3420,Coffee,Afternoon,Weekend,2016,12
6804,3421,Coffee,Afternoon,Weekend,2016,12
6805,3421,Cookies,Afternoon,Weekend,2016,12
6806,3422,Bread,Afternoon,Weekend,2016,12
6807,3423,Bread,Afternoon,Weekend,2016,12
6808,3424,Coffee,Afternoon,Weekend,2016,12
6809,3424,Coffee,Afternoon,Weekend,2016,12
6810,3424,Cake,Afternoon,Weekend,2016,12
6811,3424,Bread,Afternoon,Weekend,2016,12
6812,3424,Dulce de Leche,Afternoon,Weekend,2016,12
6813,3424,Bread,Afternoon,Weekend,2016,12
6814,3425,Coffee,Afternoon,Weekend,2016,12
6815,3425,Hot chocolate,Afternoon,Weekend,2016,12
6816,3425,Bread,Afternoon,Weekend,2016,12
6817,3426,Coke,Afternoon,Weekend,2016,12
6818,3427,Fudge,Afternoon,Weekend,2016,12
6819,3428,Fudge,Afternoon,Weekend,2016,12
6820,3429,Tea,Afternoon,Weekend,2016,12
6821,3429,Juice,Afternoon,Weekend,2016,12
6822,3429,Cake,Afternoon,Weekend,2016,12
6823,3429,Tartine,Afternoon,Weekend,2016,12
6824,3430,Brownie,Afternoon,Weekend,2016,12
6825,3430,Medialuna,Afternoon,Weekend,2016,12
6826,3430,Hot chocolate,Afternoon,Weekend,2016,12
6827,3430,Coffee,Afternoon,Weekend,2016,12
6828,3431,Coffee,Afternoon,Weekend,2016,12
6829,3432,Bread,Afternoon,Weekend,2016,12
6830,3433,Coffee,Afternoon,Weekend,2016,12
6831,3433,Bread,Afternoon,Weekend,2016,12
6832,3434,Coffee,Afternoon,Weekend,2016,12
6833,3434,Hot chocolate,Afternoon,Weekend,2016,12
6834,3434,Coffee,Afternoon,Weekend,2016,12
6835,3434,Cookies,Afternoon,Weekend,2016,12
6836,3434,Vegan mincepie,Afternoon,Weekend,2016,12
6837,3435,Coffee,Morning,Weekday,2016,12
6838,3435,Medialuna,Morning,Weekday,2016,12
6839,3436,Cookies,Morning,Weekday,2016,12
6840,3436,Hot chocolate,Morning,Weekday,2016,12
6841,3437,Coffee,Morning,Weekday,2016,12
6842,3438,Coffee,Morning,Weekday,2016,12
6843,3439,Tea,Morning,Weekday,2016,12
6844,3440,Coffee,Morning,Weekday,2016,12
6845,3440,Bread,Morning,Weekday,2016,12
6846,3441,Hot chocolate,Morning,Weekday,2016,12
6847,3442,Coffee,Morning,Weekday,2016,12
6848,3443,Bread,Morning,Weekday,2016,12
6849,3443,Medialuna,Morning,Weekday,2016,12
6850,3444,Coffee,Morning,Weekday,2016,12
6851,3445,Bread,Morning,Weekday,2016,12
6852,3446,Coffee,Morning,Weekday,2016,12
6853,3446,Tea,Morning,Weekday,2016,12
6854,3446,Pastry,Morning,Weekday,2016,12
6855,3447,Medialuna,Morning,Weekday,2016,12
6856,3447,Coffee,Morning,Weekday,2016,12
6857,3447,Coffee,Morning,Weekday,2016,12
6858,3448,Coffee,Morning,Weekday,2016,12
6859,3448,Hot chocolate,Morning,Weekday,2016,12
6860,3449,Fudge,Morning,Weekday,2016,12
6861,3449,Jam,Morning,Weekday,2016,12
6862,3449,Fudge,Morning,Weekday,2016,12
6863,3449,Fudge,Morning,Weekday,2016,12
6864,3450,Hot chocolate,Morning,Weekday,2016,12
6865,3450,Smoothies,Morning,Weekday,2016,12
6866,3450,Bread,Morning,Weekday,2016,12
6867,3450,Cookies,Morning,Weekday,2016,12
6868,3450,Cookies,Morning,Weekday,2016,12
6869,3451,Coffee,Morning,Weekday,2016,12
6870,3451,Tea,Morning,Weekday,2016,12
6871,3451,Toast,Morning,Weekday,2016,12
6872,3451,Brownie,Morning,Weekday,2016,12
6873,3452,Coffee,Morning,Weekday,2016,12
6874,3452,Coffee,Morning,Weekday,2016,12
6875,3453,Coffee,Morning,Weekday,2016,12
6876,3454,Farm House,Morning,Weekday,2016,12
6877,3455,Tea,Morning,Weekday,2016,12
6878,3456,Bread,Morning,Weekday,2016,12
6879,3457,Bread,Morning,Weekday,2016,12
6880,3457,Coffee,Morning,Weekday,2016,12
6881,3457,Coffee,Morning,Weekday,2016,12
6882,3457,Bread,Morning,Weekday,2016,12
6883,3458,Tea,Morning,Weekday,2016,12
6884,3459,Coffee,Morning,Weekday,2016,12
6885,3460,Coffee,Afternoon,Weekday,2016,12
6886,3460,Fudge,Afternoon,Weekday,2016,12
6887,3460,Brownie,Afternoon,Weekday,2016,12
6888,3461,Coffee,Afternoon,Weekday,2016,12
6889,3462,Coffee,Afternoon,Weekday,2016,12
6890,3462,Bread,Afternoon,Weekday,2016,12
6891,3463,Coffee,Afternoon,Weekday,2016,12
6892,3463,Medialuna,Afternoon,Weekday,2016,12
6893,3464,Farm House,Afternoon,Weekday,2016,12
6894,3465,Fudge,Afternoon,Weekday,2016,12
6895,3465,Coffee,Afternoon,Weekday,2016,12
6896,3465,Sandwich,Afternoon,Weekday,2016,12
6897,3466,Toast,Afternoon,Weekday,2016,12
6898,3466,Cookies,Afternoon,Weekday,2016,12
6899,3467,Sandwich,Afternoon,Weekday,2016,12
6900,3467,Coffee,Afternoon,Weekday,2016,12
6901,3467,Bread,Afternoon,Weekday,2016,12
6902,3468,Focaccia,Afternoon,Weekday,2016,12
6903,3468,Scandinavian,Afternoon,Weekday,2016,12
6904,3469,Truffles,Afternoon,Weekday,2016,12
6905,3469,Hearty & Seasonal,Afternoon,Weekday,2016,12
6906,3470,Coffee,Afternoon,Weekday,2016,12
6907,3470,Coffee,Afternoon,Weekday,2016,12
6908,3471,Sandwich,Afternoon,Weekday,2016,12
6909,3471,Sandwich,Afternoon,Weekday,2016,12
6910,3472,Hearty & Seasonal,Afternoon,Weekday,2016,12
6911,3472,Coffee,Afternoon,Weekday,2016,12
6912,3472,Bread,Afternoon,Weekday,2016,12
6913,3473,Bread,Afternoon,Weekday,2016,12
6914,3473,Cake,Afternoon,Weekday,2016,12
6915,3474,Tea,Afternoon,Weekday,2016,12
6916,3474,Bread,Afternoon,Weekday,2016,12
6917,3475,Bread,Afternoon,Weekday,2016,12
6918,3476,Cookies,Afternoon,Weekday,2016,12
6919,3476,Bread,Afternoon,Weekday,2016,12
6920,3477,Coffee,Afternoon,Weekday,2016,12
6921,3478,Coffee,Afternoon,Weekday,2016,12
6922,3479,Tea,Afternoon,Weekday,2016,12
6923,3479,Sandwich,Afternoon,Weekday,2016,12
6924,3480,Bread,Afternoon,Weekday,2016,12
6925,3480,Brownie,Afternoon,Weekday,2016,12
6926,3481,Tea,Afternoon,Weekday,2016,12
6927,3481,Coffee,Afternoon,Weekday,2016,12
6928,3482,Coffee,Afternoon,Weekday,2016,12
6929,3483,Coffee,Afternoon,Weekday,2016,12
6930,3483,Cookies,Afternoon,Weekday,2016,12
6931,3484,Cake,Afternoon,Weekday,2016,12
6932,3484,Bread,Afternoon,Weekday,2016,12
6933,3485,Coffee,Afternoon,Weekday,2016,12
6934,3486,Mineral water,Afternoon,Weekday,2016,12
6935,3486,Coke,Afternoon,Weekday,2016,12
6936,3486,Bread,Afternoon,Weekday,2016,12
6937,3486,Sandwich,Afternoon,Weekday,2016,12
6938,3487,Juice,Afternoon,Weekday,2016,12
6939,3487,Bread,Afternoon,Weekday,2016,12
6940,3488,Coffee,Afternoon,Weekday,2016,12
6941,3489,Truffles,Afternoon,Weekday,2016,12
6942,3489,Tea,Afternoon,Weekday,2016,12
6943,3489,Cake,Afternoon,Weekday,2016,12
6944,3490,Coffee,Afternoon,Weekday,2016,12
6945,3490,Scone,Afternoon,Weekday,2016,12
6946,3490,Brownie,Afternoon,Weekday,2016,12
6947,3491,Tea,Afternoon,Weekday,2016,12
6948,3492,Sandwich,Afternoon,Weekday,2016,12
6949,3492,Juice,Afternoon,Weekday,2016,12
6950,3492,Tea,Afternoon,Weekday,2016,12
6951,3493,Coffee,Afternoon,Weekday,2016,12
6952,3494,Cake,Afternoon,Weekday,2016,12
6953,3494,Sandwich,Afternoon,Weekday,2016,12
6954,3494,Sandwich,Afternoon,Weekday,2016,12
6955,3494,Bread,Afternoon,Weekday,2016,12
6956,3495,Coffee,Afternoon,Weekday,2016,12
6957,3495,Coffee,Afternoon,Weekday,2016,12
6958,3496,Sandwich,Afternoon,Weekday,2016,12
6959,3496,Coffee,Afternoon,Weekday,2016,12
6960,3497,Juice,Afternoon,Weekday,2016,12
6961,3497,Tea,Afternoon,Weekday,2016,12
6962,3497,Bread,Afternoon,Weekday,2016,12
6963,3498,Brownie,Afternoon,Weekday,2016,12
6964,3499,Fudge,Afternoon,Weekday,2016,12
6965,3500,Tea,Afternoon,Weekday,2016,12
6966,3501,Tea,Afternoon,Weekday,2016,12
6967,3502,Truffles,Afternoon,Weekday,2016,12
6968,3502,Sandwich,Afternoon,Weekday,2016,12
6969,3503,Medialuna,Afternoon,Weekday,2016,12
6970,3503,Hot chocolate,Afternoon,Weekday,2016,12
6971,3503,Bread,Afternoon,Weekday,2016,12
6972,3503,Coffee,Afternoon,Weekday,2016,12
6973,3504,Medialuna,Afternoon,Weekday,2016,12
6974,3505,Coffee,Afternoon,Weekday,2016,12
6975,3505,Coffee,Afternoon,Weekday,2016,12
6976,3506,Coffee,Afternoon,Weekday,2016,12
6977,3507,Tea,Afternoon,Weekday,2016,12
6978,3508,Bread,Afternoon,Weekday,2016,12
6979,3509,Bread,Afternoon,Weekday,2016,12
6980,3510,Tea,Afternoon,Weekday,2016,12
6981,3510,Coke,Afternoon,Weekday,2016,12
6982,3510,Cake,Afternoon,Weekday,2016,12
6983,3510,Brownie,Afternoon,Weekday,2016,12
6984,3510,Bread,Afternoon,Weekday,2016,12
6985,3512,Bread,Morning,Weekday,2016,12
6986,3513,Tea,Morning,Weekday,2016,12
6987,3513,Tea,Morning,Weekday,2016,12
6988,3513,Medialuna,Morning,Weekday,2016,12
6989,3513,Cookies,Morning,Weekday,2016,12
6990,3513,Bread,Morning,Weekday,2016,12
6991,3514,Coffee,Morning,Weekday,2016,12
6992,3515,Sandwich,Morning,Weekday,2016,12
6993,3515,Bread,Morning,Weekday,2016,12
6994,3515,Tea,Morning,Weekday,2016,12
6995,3516,Bread,Morning,Weekday,2016,12
6996,3516,Toast,Morning,Weekday,2016,12
6997,3516,Medialuna,Morning,Weekday,2016,12
6998,3517,Pastry,Morning,Weekday,2016,12
6999,3517,Medialuna,Morning,Weekday,2016,12
7000,3518,Coffee,Morning,Weekday,2016,12
7001,3519,Coffee,Morning,Weekday,2016,12
7002,3520,Coffee,Morning,Weekday,2016,12
7003,3520,Coffee,Morning,Weekday,2016,12
7004,3520,Pastry,Morning,Weekday,2016,12
7005,3521,Cookies,Morning,Weekday,2016,12
7006,3522,Cookies,Morning,Weekday,2016,12
7007,3523,Bread,Morning,Weekday,2016,12
7008,3524,Coffee,Morning,Weekday,2016,12
7009,3525,Coffee,Morning,Weekday,2016,12
7010,3525,Coffee,Morning,Weekday,2016,12
7011,3525,Pastry,Morning,Weekday,2016,12
7012,3526,Bread,Morning,Weekday,2016,12
7013,3527,Cookies,Morning,Weekday,2016,12
7014,3527,Cake,Morning,Weekday,2016,12
7015,3527,Coffee,Morning,Weekday,2016,12
7016,3527,Hot chocolate,Morning,Weekday,2016,12
7017,3529,Pastry,Morning,Weekday,2016,12
7018,3529,Medialuna,Morning,Weekday,2016,12
7019,3529,Pastry,Morning,Weekday,2016,12
7020,3529,Coffee,Morning,Weekday,2016,12
7021,3529,Coffee,Morning,Weekday,2016,12
7022,3529,Hot chocolate,Morning,Weekday,2016,12
7023,3529,The Nomad,Morning,Weekday,2016,12
7024,3529,Toast,Morning,Weekday,2016,12
7025,3530,Coffee,Morning,Weekday,2016,12
7026,3530,Cake,Morning,Weekday,2016,12
7027,3530,Bread,Morning,Weekday,2016,12
7028,3531,Tea,Morning,Weekday,2016,12
7029,3532,Coffee,Afternoon,Weekday,2016,12
7030,3532,Cake,Afternoon,Weekday,2016,12
7031,3533,Coffee,Afternoon,Weekday,2016,12
7032,3534,Coffee,Afternoon,Weekday,2016,12
7033,3534,Cake,Afternoon,Weekday,2016,12
7034,3535,Toast,Afternoon,Weekday,2016,12
7035,3535,Coffee,Afternoon,Weekday,2016,12
7036,3536,Coffee,Afternoon,Weekday,2016,12
7037,3537,Hot chocolate,Afternoon,Weekday,2016,12
7038,3537,Cake,Afternoon,Weekday,2016,12
7039,3538,Hearty & Seasonal,Afternoon,Weekday,2016,12
7040,3538,Juice,Afternoon,Weekday,2016,12
7041,3539,Coffee,Afternoon,Weekday,2016,12
7042,3540,Hearty & Seasonal,Afternoon,Weekday,2016,12
7043,3540,Coffee,Afternoon,Weekday,2016,12
7044,3541,Farm House,Afternoon,Weekday,2016,12
7045,3541,Cake,Afternoon,Weekday,2016,12
7046,3542,Coffee,Afternoon,Weekday,2016,12
7047,3542,Bread,Afternoon,Weekday,2016,12
7048,3542,Farm House,Afternoon,Weekday,2016,12
7049,3543,Sandwich,Afternoon,Weekday,2016,12
7050,3545,Bread,Afternoon,Weekday,2016,12
7051,3546,Coffee,Afternoon,Weekday,2016,12
7052,3546,Brownie,Afternoon,Weekday,2016,12
7053,3547,Sandwich,Afternoon,Weekday,2016,12
7054,3547,Juice,Afternoon,Weekday,2016,12
7055,3547,Juice,Afternoon,Weekday,2016,12
7056,3548,Coffee,Afternoon,Weekday,2016,12
7057,3549,Coffee,Afternoon,Weekday,2016,12
7058,3550,Tea,Afternoon,Weekday,2016,12
7059,3551,Coffee,Afternoon,Weekday,2016,12
7060,3552,Hot chocolate,Afternoon,Weekday,2016,12
7061,3554,Cake,Afternoon,Weekday,2016,12
7062,3554,Coffee,Afternoon,Weekday,2016,12
7063,3555,Bread,Afternoon,Weekday,2016,12
7064,3556,Bread,Afternoon,Weekday,2016,12
7065,3557,Coffee,Afternoon,Weekday,2016,12
7066,3557,Hot chocolate,Afternoon,Weekday,2016,12
7067,3558,Coffee,Afternoon,Weekday,2016,12
7068,3559,Coffee,Afternoon,Weekday,2016,12
7069,3559,Bread,Afternoon,Weekday,2016,12
7070,3560,Coffee,Afternoon,Weekday,2016,12
7071,3560,Cake,Afternoon,Weekday,2016,12
7072,3561,Coffee,Afternoon,Weekday,2016,12
7073,3562,Farm House,Afternoon,Weekday,2016,12
7074,3563,Coffee,Afternoon,Weekday,2016,12
7075,3564,Bread,Evening,Weekday,2016,12
7076,3565,Coffee,Evening,Weekday,2016,12
7077,3566,Farm House,Evening,Weekday,2016,12
7078,3567,Scandinavian,Evening,Weekday,2016,12
7079,3568,Bread,Evening,Weekday,2016,12
7080,3570,Bread,Morning,Weekday,2016,12
7081,3570,Pastry,Morning,Weekday,2016,12
7082,3571,Coffee,Morning,Weekday,2016,12
7083,3572,Coffee,Morning,Weekday,2016,12
7084,3573,Coffee,Morning,Weekday,2016,12
7085,3573,Bread,Morning,Weekday,2016,12
7086,3573,Pastry,Morning,Weekday,2016,12
7087,3574,Coffee,Morning,Weekday,2016,12
7088,3574,Bread,Morning,Weekday,2016,12
7089,3575,Coffee,Morning,Weekday,2016,12
7090,3575,Coffee,Morning,Weekday,2016,12
7091,3575,Medialuna,Morning,Weekday,2016,12
7092,3576,Jam,Morning,Weekday,2016,12
7093,3576,Fudge,Morning,Weekday,2016,12
7094,3576,Medialuna,Morning,Weekday,2016,12
7095,3577,Tea,Morning,Weekday,2016,12
7096,3578,Bread,Morning,Weekday,2016,12
7097,3578,Bread,Morning,Weekday,2016,12
7098,3579,Bread,Morning,Weekday,2016,12
7099,3580,Pastry,Morning,Weekday,2016,12
7100,3580,Coffee,Morning,Weekday,2016,12
7101,3580,Coffee,Morning,Weekday,2016,12
7102,3580,Coffee,Morning,Weekday,2016,12
7103,3581,Coffee,Morning,Weekday,2016,12
7104,3582,Bread,Morning,Weekday,2016,12
7105,3583,Coffee,Morning,Weekday,2016,12
7106,3583,Coffee,Morning,Weekday,2016,12
7107,3584,Coffee,Morning,Weekday,2016,12
7108,3584,Cookies,Morning,Weekday,2016,12
7109,3585,Coffee,Morning,Weekday,2016,12
7110,3586,Coffee,Morning,Weekday,2016,12
7111,3587,Pastry,Morning,Weekday,2016,12
7112,3587,Coffee,Morning,Weekday,2016,12
7113,3587,Coffee,Morning,Weekday,2016,12
7114,3588,Bread,Morning,Weekday,2016,12
7115,3589,Fudge,Morning,Weekday,2016,12
7116,3589,Coffee,Morning,Weekday,2016,12
7117,3590,Hot chocolate,Morning,Weekday,2016,12
7118,3590,Cake,Morning,Weekday,2016,12
7119,3591,Muffin,Morning,Weekday,2016,12
7120,3591,Coffee,Morning,Weekday,2016,12
7121,3592,Coffee,Morning,Weekday,2016,12
7122,3592,Coffee,Morning,Weekday,2016,12
7123,3592,Medialuna,Morning,Weekday,2016,12
7124,3593,Gingerbread syrup,Morning,Weekday,2016,12
7125,3594,Coffee,Morning,Weekday,2016,12
7126,3594,Coffee,Morning,Weekday,2016,12
7127,3595,Sandwich,Morning,Weekday,2016,12
7128,3595,Coffee,Morning,Weekday,2016,12
7129,3596,Bread,Morning,Weekday,2016,12
7130,3597,Coffee,Morning,Weekday,2016,12
7131,3598,Coke,Morning,Weekday,2016,12
7132,3598,Coffee,Morning,Weekday,2016,12
7133,3598,Juice,Morning,Weekday,2016,12
7134,3599,Medialuna,Morning,Weekday,2016,12
7135,3600,Bread,Morning,Weekday,2016,12
7136,3601,Coffee,Afternoon,Weekday,2016,12
7137,3601,Pastry,Afternoon,Weekday,2016,12
7138,3602,Coffee,Afternoon,Weekday,2016,12
7139,3602,Cake,Afternoon,Weekday,2016,12
7140,3602,Bread,Afternoon,Weekday,2016,12
7141,3603,Coffee,Afternoon,Weekday,2016,12
7142,3605,Bread,Afternoon,Weekday,2016,12
7143,3606,Bread,Afternoon,Weekday,2016,12
7144,3608,Tea,Afternoon,Weekday,2016,12
7145,3608,Coffee,Afternoon,Weekday,2016,12
7146,3608,Toast,Afternoon,Weekday,2016,12
7147,3609,Sandwich,Afternoon,Weekday,2016,12
7148,3609,Smoothies,Afternoon,Weekday,2016,12
7149,3610,Fudge,Afternoon,Weekday,2016,12
7150,3611,Coffee,Afternoon,Weekday,2016,12
7151,3611,Hot chocolate,Afternoon,Weekday,2016,12
7152,3612,Coffee,Afternoon,Weekday,2016,12
7153,3612,Hot chocolate,Afternoon,Weekday,2016,12
7154,3612,Cake,Afternoon,Weekday,2016,12
7155,3612,Cake,Afternoon,Weekday,2016,12
7156,3613,Hot chocolate,Afternoon,Weekday,2016,12
7157,3613,Sandwich,Afternoon,Weekday,2016,12
7158,3614,Sandwich,Afternoon,Weekday,2016,12
7159,3614,Mineral water,Afternoon,Weekday,2016,12
7160,3614,Truffles,Afternoon,Weekday,2016,12
7161,3615,Cake,Afternoon,Weekday,2016,12
7162,3616,Scandinavian,Afternoon,Weekday,2016,12
7163,3617,Coffee,Afternoon,Weekday,2016,12
7164,3618,Cake,Afternoon,Weekday,2016,12
7165,3618,Bread,Afternoon,Weekday,2016,12
7166,3619,Cake,Afternoon,Weekday,2016,12
7167,3620,Coffee,Afternoon,Weekday,2016,12
7168,3621,Bread,Afternoon,Weekday,2016,12
7169,3621,Coffee,Afternoon,Weekday,2016,12
7170,3621,Cake,Afternoon,Weekday,2016,12
7171,3622,Coffee,Afternoon,Weekday,2016,12
7172,3622,Bread,Afternoon,Weekday,2016,12
7173,3623,Cookies,Afternoon,Weekday,2016,12
7174,3623,Cookies,Afternoon,Weekday,2016,12
7175,3623,Coffee,Afternoon,Weekday,2016,12
7176,3623,Coke,Afternoon,Weekday,2016,12
7177,3624,Bread,Afternoon,Weekday,2016,12
7178,3625,Hot chocolate,Afternoon,Weekday,2016,12
7179,3625,Tea,Afternoon,Weekday,2016,12
7180,3625,Cake,Afternoon,Weekday,2016,12
7181,3625,Brownie,Afternoon,Weekday,2016,12
7182,3626,Coke,Afternoon,Weekday,2016,12
7183,3627,Tea,Afternoon,Weekday,2016,12
7184,3627,Coffee,Afternoon,Weekday,2016,12
7185,3628,Coffee,Afternoon,Weekday,2016,12
7186,3628,Bread,Afternoon,Weekday,2016,12
7187,3629,Pastry,Afternoon,Weekday,2016,12
7188,3629,Bread,Afternoon,Weekday,2016,12
7189,3630,Bread,Afternoon,Weekday,2016,12
7190,3631,Tea,Afternoon,Weekday,2016,12
7191,3631,Cookies,Afternoon,Weekday,2016,12
7192,3632,Brownie,Afternoon,Weekday,2016,12
7193,3633,Coffee,Afternoon,Weekday,2016,12
7194,3634,Tea,Afternoon,Weekday,2016,12
7195,3635,Coffee,Afternoon,Weekday,2016,12
7196,3635,Bread,Afternoon,Weekday,2016,12
7197,3635,Sandwich,Afternoon,Weekday,2016,12
7198,3636,Scandinavian,Afternoon,Weekday,2016,12
7199,3637,Coffee,Morning,Weekday,2016,12
7200,3638,Bread,Morning,Weekday,2016,12
7201,3639,Coffee,Morning,Weekday,2016,12
7202,3639,Coffee,Morning,Weekday,2016,12
7203,3639,Pastry,Morning,Weekday,2016,12
7204,3640,Coffee,Morning,Weekday,2016,12
7205,3641,Medialuna,Morning,Weekday,2016,12
7206,3642,Coffee,Morning,Weekday,2016,12
7207,3642,Muffin,Morning,Weekday,2016,12
7208,3643,Bread,Morning,Weekday,2016,12
7209,3643,Pastry,Morning,Weekday,2016,12
7210,3643,The Nomad,Morning,Weekday,2016,12
7211,3643,Bread,Morning,Weekday,2016,12
7212,3643,Bread,Morning,Weekday,2016,12
7213,3644,Coffee,Morning,Weekday,2016,12
7214,3645,Coffee,Morning,Weekday,2016,12
7215,3645,Hot chocolate,Morning,Weekday,2016,12
7216,3645,Cake,Morning,Weekday,2016,12
7217,3646,Bread,Morning,Weekday,2016,12
7218,3646,Coffee,Morning,Weekday,2016,12
7219,3646,Coffee,Morning,Weekday,2016,12
7220,3646,Pastry,Morning,Weekday,2016,12
7221,3647,Bread,Morning,Weekday,2016,12
7222,3647,Coffee,Morning,Weekday,2016,12
7223,3647,Pastry,Morning,Weekday,2016,12
7224,3647,Brownie,Morning,Weekday,2016,12
7225,3648,Coffee,Morning,Weekday,2016,12
7226,3649,Tea,Morning,Weekday,2016,12
7227,3650,Pastry,Morning,Weekday,2016,12
7228,3650,Bread,Morning,Weekday,2016,12
7229,3651,Tea,Morning,Weekday,2016,12
7230,3652,Coffee,Morning,Weekday,2016,12
7231,3652,Medialuna,Morning,Weekday,2016,12
7232,3653,Coffee,Morning,Weekday,2016,12
7233,3654,Hot chocolate,Morning,Weekday,2016,12
7234,3654,Tea,Morning,Weekday,2016,12
7235,3654,Bread,Morning,Weekday,2016,12
7236,3655,Tea,Morning,Weekday,2016,12
7237,3655,Toast,Morning,Weekday,2016,12
7238,3656,Coffee,Morning,Weekday,2016,12
7239,3656,Cake,Morning,Weekday,2016,12
7240,3657,Coffee,Morning,Weekday,2016,12
7241,3658,Panatone,Morning,Weekday,2016,12
7242,3659,Coffee,Morning,Weekday,2016,12
7243,3659,Bread,Morning,Weekday,2016,12
7244,3659,Cake,Morning,Weekday,2016,12
7245,3660,Bread,Morning,Weekday,2016,12
7246,3661,Bread,Afternoon,Weekday,2016,12
7247,3662,Truffles,Afternoon,Weekday,2016,12
7248,3663,Coffee,Afternoon,Weekday,2016,12
7249,3664,Tea,Afternoon,Weekday,2016,12
7250,3665,Bread,Afternoon,Weekday,2016,12
7251,3665,Sandwich,Afternoon,Weekday,2016,12
7252,3666,Cookies,Afternoon,Weekday,2016,12
7253,3667,Bread,Afternoon,Weekday,2016,12
7254,3668,Tea,Afternoon,Weekday,2016,12
7255,3668,Cake,Afternoon,Weekday,2016,12
7256,3669,Bread,Afternoon,Weekday,2016,12
7257,3670,Coffee,Afternoon,Weekday,2016,12
7258,3672,Bread,Afternoon,Weekday,2016,12
7259,3672,Brownie,Afternoon,Weekday,2016,12
7260,3673,Art Tray,Afternoon,Weekday,2016,12
7261,3673,Bare Popcorn,Afternoon,Weekday,2016,12
7262,3673,Juice,Afternoon,Weekday,2016,12
7263,3673,Coffee,Afternoon,Weekday,2016,12
7264,3673,Brownie,Afternoon,Weekday,2016,12
7265,3673,Muffin,Afternoon,Weekday,2016,12
7266,3673,Cake,Afternoon,Weekday,2016,12
7267,3673,Cookies,Afternoon,Weekday,2016,12
7268,3673,Panatone,Afternoon,Weekday,2016,12
7269,3674,Coke,Afternoon,Weekday,2016,12
7270,3675,Tea,Afternoon,Weekday,2016,12
7271,3676,Bread,Afternoon,Weekday,2016,12
7272,3677,Tea,Afternoon,Weekday,2016,12
7273,3677,Brownie,Afternoon,Weekday,2016,12
7274,3678,Tea,Afternoon,Weekday,2016,12
7275,3678,Sandwich,Afternoon,Weekday,2016,12
7276,3678,Medialuna,Afternoon,Weekday,2016,12
7277,3679,Tea,Afternoon,Weekday,2016,12
7278,3679,Hot chocolate,Afternoon,Weekday,2016,12
7279,3680,Tea,Afternoon,Weekday,2016,12
7280,3680,Muffin,Afternoon,Weekday,2016,12
7281,3680,Cake,Afternoon,Weekday,2016,12
7282,3681,Sandwich,Afternoon,Weekday,2016,12
7283,3681,Mineral water,Afternoon,Weekday,2016,12
7284,3682,Pastry,Afternoon,Weekday,2016,12
7285,3682,Tea,Afternoon,Weekday,2016,12
7286,3682,Coffee,Afternoon,Weekday,2016,12
7287,3683,Coffee,Afternoon,Weekday,2016,12
7288,3683,Hot chocolate,Afternoon,Weekday,2016,12
7289,3684,Medialuna,Afternoon,Weekday,2016,12
7290,3685,Bread,Afternoon,Weekday,2016,12
7291,3685,Muffin,Afternoon,Weekday,2016,12
7292,3685,Bread,Afternoon,Weekday,2016,12
7293,3685,Tea,Afternoon,Weekday,2016,12
7294,3686,Jam,Afternoon,Weekday,2016,12
7295,3687,Bread,Afternoon,Weekday,2016,12
7296,3687,Tea,Afternoon,Weekday,2016,12
7297,3688,Farm House,Afternoon,Weekday,2016,12
7298,3689,Bread,Afternoon,Weekday,2016,12
7299,3689,Brownie,Afternoon,Weekday,2016,12
7300,3689,Juice,Afternoon,Weekday,2016,12
7301,3689,Cake,Afternoon,Weekday,2016,12
7302,3690,Coffee,Afternoon,Weekday,2016,12
7303,3690,Hot chocolate,Afternoon,Weekday,2016,12
7304,3690,Coffee,Afternoon,Weekday,2016,12
7305,3690,Cake,Afternoon,Weekday,2016,12
7306,3691,Fudge,Afternoon,Weekday,2016,12
7307,3691,Fudge,Afternoon,Weekday,2016,12
7308,3692,Cake,Afternoon,Weekday,2016,12
7309,3692,Cake,Afternoon,Weekday,2016,12
7310,3692,Juice,Afternoon,Weekday,2016,12
7311,3693,Bread,Evening,Weekday,2016,12
7312,3693,Jam,Evening,Weekday,2016,12
7313,3693,Jam,Evening,Weekday,2016,12
7314,3693,Fudge,Evening,Weekday,2016,12
7315,3693,Fudge,Evening,Weekday,2016,12
7316,3694,Bread,Morning,Weekday,2016,12
7317,3695,Bread,Morning,Weekday,2016,12
7318,3696,Pastry,Morning,Weekday,2016,12
7319,3696,Coffee,Morning,Weekday,2016,12
7320,3697,Bread,Morning,Weekday,2016,12
7321,3698,Coffee,Morning,Weekday,2016,12
7322,3698,Coffee,Morning,Weekday,2016,12
7323,3698,Medialuna,Morning,Weekday,2016,12
7324,3699,Pastry,Morning,Weekday,2016,12
7325,3700,Medialuna,Morning,Weekday,2016,12
7326,3700,Coffee,Morning,Weekday,2016,12
7327,3701,Bread,Morning,Weekday,2016,12
7328,3701,Farm House,Morning,Weekday,2016,12
7329,3702,Fudge,Morning,Weekday,2016,12
7330,3703,Bread,Morning,Weekday,2016,12
7331,3704,Farm House,Morning,Weekday,2016,12
7332,3705,Medialuna,Morning,Weekday,2016,12
7333,3705,Medialuna,Morning,Weekday,2016,12
7334,3705,Pastry,Morning,Weekday,2016,12
7335,3706,Coffee,Morning,Weekday,2016,12
7336,3707,Muffin,Morning,Weekday,2016,12
7337,3707,Cake,Morning,Weekday,2016,12
7338,3708,Bread,Morning,Weekday,2016,12
7339,3708,Pastry,Morning,Weekday,2016,12
7340,3708,The Nomad,Morning,Weekday,2016,12
7341,3709,Pastry,Morning,Weekday,2016,12
7342,3709,Scone,Morning,Weekday,2016,12
7343,3710,Coffee,Morning,Weekday,2016,12
7344,3710,Coffee,Morning,Weekday,2016,12
7345,3711,Coffee,Morning,Weekday,2016,12
7346,3712,Medialuna,Morning,Weekday,2016,12
7347,3712,Coffee,Morning,Weekday,2016,12
7348,3712,Hot chocolate,Morning,Weekday,2016,12
7349,3712,Bread,Morning,Weekday,2016,12
7350,3712,Scandinavian,Morning,Weekday,2016,12
7351,3713,Brownie,Morning,Weekday,2016,12
7352,3713,Cake,Morning,Weekday,2016,12
7353,3713,Hot chocolate,Morning,Weekday,2016,12
7354,3714,Coffee,Morning,Weekday,2016,12
7355,3714,Coffee,Morning,Weekday,2016,12
7356,3714,Cake,Morning,Weekday,2016,12
7357,3714,Brownie,Morning,Weekday,2016,12
7358,3715,Hot chocolate,Morning,Weekday,2016,12
7359,3715,Coffee,Morning,Weekday,2016,12
7360,3716,Coffee,Morning,Weekday,2016,12
7361,3716,Bread,Morning,Weekday,2016,12
7362,3717,Bread,Morning,Weekday,2016,12
7363,3718,Sandwich,Morning,Weekday,2016,12
7364,3718,Sandwich,Morning,Weekday,2016,12
7365,3718,Bread,Morning,Weekday,2016,12
7366,3718,Fudge,Morning,Weekday,2016,12
7367,3719,Tea,Morning,Weekday,2016,12
7368,3719,Juice,Morning,Weekday,2016,12
7369,3719,Muffin,Morning,Weekday,2016,12
7370,3719,Gingerbread syrup,Morning,Weekday,2016,12
7371,3720,Tea,Morning,Weekday,2016,12
7372,3720,Coffee,Morning,Weekday,2016,12
7373,3721,Coffee,Morning,Weekday,2016,12
7374,3722,Coffee,Morning,Weekday,2016,12
7375,3722,Brownie,Morning,Weekday,2016,12
7376,3723,Bread,Morning,Weekday,2016,12
7377,3724,Bread,Morning,Weekday,2016,12
7378,3724,Hot chocolate,Morning,Weekday,2016,12
7379,3724,Muffin,Morning,Weekday,2016,12
7380,3724,Smoothies,Morning,Weekday,2016,12
7381,3725,Coffee,Morning,Weekday,2016,12
7382,3725,Hot chocolate,Morning,Weekday,2016,12
7383,3726,Coffee,Morning,Weekday,2016,12
7384,3726,Scone,Morning,Weekday,2016,12
7385,3726,Juice,Morning,Weekday,2016,12
7386,3726,Cake,Morning,Weekday,2016,12
7387,3726,Brownie,Morning,Weekday,2016,12
7388,3727,Bread,Morning,Weekday,2016,12
7389,3728,Cake,Morning,Weekday,2016,12
7390,3728,Coffee,Morning,Weekday,2016,12
7391,3729,Gingerbread syrup,Morning,Weekday,2016,12
7392,3729,Jam,Morning,Weekday,2016,12
7393,3729,Fudge,Morning,Weekday,2016,12
7394,3729,Fudge,Morning,Weekday,2016,12
7395,3730,Fudge,Afternoon,Weekday,2016,12
7396,3731,Bread,Afternoon,Weekday,2016,12
7397,3732,Coffee,Afternoon,Weekday,2016,12
7398,3733,Cake,Afternoon,Weekday,2016,12
7399,3733,Scone,Afternoon,Weekday,2016,12
7400,3733,Coffee,Afternoon,Weekday,2016,12
7401,3733,Tea,Afternoon,Weekday,2016,12
7402,3733,Tea,Afternoon,Weekday,2016,12
7403,3733,Brioche and salami,Afternoon,Weekday,2016,12
7404,3734,Bread,Afternoon,Weekday,2016,12
7405,3734,Truffles,Afternoon,Weekday,2016,12
7406,3735,Bread,Afternoon,Weekday,2016,12
7407,3735,Coffee,Afternoon,Weekday,2016,12
7408,3736,Bread,Afternoon,Weekday,2016,12
7409,3737,Frittata,Afternoon,Weekday,2016,12
7410,3737,Coffee,Afternoon,Weekday,2016,12
7411,3738,Muffin,Afternoon,Weekday,2016,12
7412,3738,Cake,Afternoon,Weekday,2016,12
7413,3739,Hot chocolate,Afternoon,Weekday,2016,12
7414,3740,Coffee,Afternoon,Weekday,2016,12
7415,3740,Scone,Afternoon,Weekday,2016,12
7416,3741,Bread,Afternoon,Weekday,2016,12
7417,3742,Bread,Afternoon,Weekday,2016,12
7418,3743,Tea,Afternoon,Weekday,2016,12
7419,3744,Bread,Afternoon,Weekday,2016,12
7420,3744,Scone,Afternoon,Weekday,2016,12
7421,3746,Panatone,Afternoon,Weekday,2016,12
7422,3747,Sandwich,Afternoon,Weekday,2016,12
7423,3747,Bread,Afternoon,Weekday,2016,12
7424,3747,Coffee,Afternoon,Weekday,2016,12
7425,3747,Coke,Afternoon,Weekday,2016,12
7426,3748,Gingerbread syrup,Afternoon,Weekday,2016,12
7427,3749,Bread,Afternoon,Weekday,2016,12
7428,3749,Brownie,Afternoon,Weekday,2016,12
7429,3749,Bread,Afternoon,Weekday,2016,12
7430,3750,Frittata,Afternoon,Weekday,2016,12
7431,3751,Farm House,Afternoon,Weekday,2016,12
7432,3751,Cookies,Afternoon,Weekday,2016,12
7433,3752,Tea,Afternoon,Weekday,2016,12
7434,3752,Scone,Afternoon,Weekday,2016,12
7435,3753,Bread,Afternoon,Weekday,2016,12
7436,3754,Jam,Afternoon,Weekday,2016,12
7437,3755,Tea,Afternoon,Weekday,2016,12
7438,3756,Tea,Afternoon,Weekday,2016,12
7439,3756,Bread,Afternoon,Weekday,2016,12
7440,3757,Sandwich,Afternoon,Weekday,2016,12
7441,3757,Coffee,Afternoon,Weekday,2016,12
7442,3758,Coffee,Afternoon,Weekday,2016,12
7443,3758,Scone,Afternoon,Weekday,2016,12
7444,3759,Cake,Afternoon,Weekday,2016,12
7445,3760,Cake,Afternoon,Weekday,2016,12
7446,3760,Scone,Afternoon,Weekday,2016,12
7447,3760,Cookies,Afternoon,Weekday,2016,12
7448,3760,Juice,Afternoon,Weekday,2016,12
7449,3760,Coffee,Afternoon,Weekday,2016,12
7450,3760,Coffee,Afternoon,Weekday,2016,12
7451,3761,Coffee,Afternoon,Weekday,2016,12
7452,3761,Coffee,Afternoon,Weekday,2016,12
7453,3762,Coffee,Afternoon,Weekday,2016,12
7454,3762,Hot chocolate,Afternoon,Weekday,2016,12
7455,3763,Toast,Afternoon,Weekday,2016,12
7456,3763,Sandwich,Afternoon,Weekday,2016,12
7457,3763,Hot chocolate,Afternoon,Weekday,2016,12
7458,3763,Cookies,Afternoon,Weekday,2016,12
7459,3764,Bread,Afternoon,Weekday,2016,12
7460,3764,Coffee,Afternoon,Weekday,2016,12
7461,3764,Tea,Afternoon,Weekday,2016,12
7462,3765,Hot chocolate,Afternoon,Weekday,2016,12
7463,3765,Cake,Afternoon,Weekday,2016,12
7464,3766,Bread,Morning,Weekend,2016,12
7465,3766,Panatone,Morning,Weekend,2016,12
7466,3767,Bread,Morning,Weekend,2016,12
7467,3768,Coffee,Morning,Weekend,2016,12
7468,3768,Gingerbread syrup,Morning,Weekend,2016,12
7469,3769,Bread,Morning,Weekend,2016,12
7470,3770,Coffee,Morning,Weekend,2016,12
7471,3770,Medialuna,Morning,Weekend,2016,12
7472,3771,Bread,Morning,Weekend,2016,12
7473,3772,Bread,Morning,Weekend,2016,12
7474,3773,Coffee,Morning,Weekend,2016,12
7475,3773,Coffee,Morning,Weekend,2016,12
7476,3773,Toast,Morning,Weekend,2016,12
7477,3774,Cake,Morning,Weekend,2016,12
7478,3774,Pastry,Morning,Weekend,2016,12
7479,3774,Bread,Morning,Weekend,2016,12
7480,3774,Bread,Morning,Weekend,2016,12
7481,3775,Coffee,Morning,Weekend,2016,12
7482,3775,Juice,Morning,Weekend,2016,12
7483,3775,Cookies,Morning,Weekend,2016,12
7484,3776,Coffee,Morning,Weekend,2016,12
7485,3776,Pastry,Morning,Weekend,2016,12
7486,3776,Medialuna,Morning,Weekend,2016,12
7487,3777,Bread,Morning,Weekend,2016,12
7488,3778,Bread,Morning,Weekend,2016,12
7489,3779,Bread,Morning,Weekend,2016,12
7490,3779,Focaccia,Morning,Weekend,2016,12
7491,3779,Farm House,Morning,Weekend,2016,12
7492,3780,Bread,Morning,Weekend,2016,12
7493,3781,Bread,Morning,Weekend,2016,12
7494,3781,Medialuna,Morning,Weekend,2016,12
7495,3781,Pastry,Morning,Weekend,2016,12
7496,3782,Coffee,Morning,Weekend,2016,12
7497,3782,Coffee,Morning,Weekend,2016,12
7498,3782,Scone,Morning,Weekend,2016,12
7499,3782,Coffee,Morning,Weekend,2016,12
7500,3783,Hot chocolate,Morning,Weekend,2016,12
7501,3783,Tea,Morning,Weekend,2016,12
7502,3783,Pastry,Morning,Weekend,2016,12
7503,3783,Scone,Morning,Weekend,2016,12
7504,3784,Cake,Morning,Weekend,2016,12
7505,3785,Coffee,Morning,Weekend,2016,12
7506,3785,Hot chocolate,Morning,Weekend,2016,12
7507,3785,Crisps,Morning,Weekend,2016,12
7508,3786,Coffee,Morning,Weekend,2016,12
7509,3786,Hot chocolate,Morning,Weekend,2016,12
7510,3787,Bread,Morning,Weekend,2016,12
7511,3787,Hot chocolate,Morning,Weekend,2016,12
7512,3787,Pastry,Morning,Weekend,2016,12
7513,3788,Scone,Morning,Weekend,2016,12
7514,3788,Frittata,Morning,Weekend,2016,12
7515,3789,Bread,Morning,Weekend,2016,12
7516,3790,Pastry,Morning,Weekend,2016,12
7517,3791,Hot chocolate,Morning,Weekend,2016,12
7518,3792,Bread,Morning,Weekend,2016,12
7519,3793,Coffee,Morning,Weekend,2016,12
7520,3794,Bread,Morning,Weekend,2016,12
7521,3795,Bread,Morning,Weekend,2016,12
7522,3795,Toast,Morning,Weekend,2016,12
7523,3796,Tea,Morning,Weekend,2016,12
7524,3796,Coke,Morning,Weekend,2016,12
7525,3796,Juice,Morning,Weekend,2016,12
7526,3797,Coffee,Morning,Weekend,2016,12
7527,3797,Hot chocolate,Morning,Weekend,2016,12
7528,3797,Sandwich,Morning,Weekend,2016,12
7529,3798,Farm House,Morning,Weekend,2016,12
7530,3799,Hot chocolate,Morning,Weekend,2016,12
7531,3799,Coffee,Morning,Weekend,2016,12
7532,3799,Coffee,Morning,Weekend,2016,12
7533,3799,Tea,Morning,Weekend,2016,12
7534,3799,Cake,Morning,Weekend,2016,12
7535,3799,Cake,Morning,Weekend,2016,12
7536,3799,Medialuna,Morning,Weekend,2016,12
7537,3799,Pastry,Morning,Weekend,2016,12
7538,3799,Farm House,Morning,Weekend,2016,12
7539,3800,Coffee,Morning,Weekend,2016,12
7540,3801,Pastry,Morning,Weekend,2016,12
7541,3801,Fudge,Morning,Weekend,2016,12
7542,3801,Jam,Morning,Weekend,2016,12
7543,3801,Jam,Morning,Weekend,2016,12
7544,3802,Bread,Morning,Weekend,2016,12
7545,3802,Farm House,Morning,Weekend,2016,12
7546,3802,Coke,Morning,Weekend,2016,12
7547,3803,Hot chocolate,Morning,Weekend,2016,12
7548,3803,Coffee,Morning,Weekend,2016,12
7549,3803,Pastry,Morning,Weekend,2016,12
7550,3804,Focaccia,Morning,Weekend,2016,12
7551,3804,Medialuna,Morning,Weekend,2016,12
7552,3805,Coffee,Morning,Weekend,2016,12
7553,3806,Coffee,Morning,Weekend,2016,12
7554,3806,Coffee,Morning,Weekend,2016,12
7555,3806,Cake,Morning,Weekend,2016,12
7556,3807,Art Tray,Morning,Weekend,2016,12
7557,3807,Toast,Morning,Weekend,2016,12
7558,3807,Sandwich,Morning,Weekend,2016,12
7559,3807,Hot chocolate,Morning,Weekend,2016,12
7560,3807,Hot chocolate,Morning,Weekend,2016,12
7561,3807,Juice,Morning,Weekend,2016,12
7562,3808,Scone,Morning,Weekend,2016,12
7563,3809,Bread,Morning,Weekend,2016,12
7564,3810,Scandinavian,Afternoon,Weekend,2016,12
7565,3811,Bread,Afternoon,Weekend,2016,12
7566,3812,Scone,Afternoon,Weekend,2016,12
7567,3813,Medialuna,Afternoon,Weekend,2016,12
7568,3813,Tea,Afternoon,Weekend,2016,12
7569,3813,Coffee,Afternoon,Weekend,2016,12
7570,3813,Coffee,Afternoon,Weekend,2016,12
7571,3814,Hot chocolate,Afternoon,Weekend,2016,12
7572,3814,Hot chocolate,Afternoon,Weekend,2016,12
7573,3814,Coffee,Afternoon,Weekend,2016,12
7574,3814,Cookies,Afternoon,Weekend,2016,12
7575,3814,Medialuna,Afternoon,Weekend,2016,12
7576,3815,Cookies,Afternoon,Weekend,2016,12
7577,3816,Tea,Afternoon,Weekend,2016,12
7578,3816,Coke,Afternoon,Weekend,2016,12
7579,3816,Frittata,Afternoon,Weekend,2016,12
7580,3816,Sandwich,Afternoon,Weekend,2016,12
7581,3817,Coffee,Afternoon,Weekend,2016,12
7582,3818,Cookies,Afternoon,Weekend,2016,12
7583,3819,Medialuna,Afternoon,Weekend,2016,12
7584,3820,Bread,Afternoon,Weekend,2016,12
7585,3821,Coffee,Afternoon,Weekend,2016,12
7586,3821,Sandwich,Afternoon,Weekend,2016,12
7587,3822,Bread,Afternoon,Weekend,2016,12
7588,3822,Coffee,Afternoon,Weekend,2016,12
7589,3822,Sandwich,Afternoon,Weekend,2016,12
7590,3823,Cake,Afternoon,Weekend,2016,12
7591,3824,Coffee,Afternoon,Weekend,2016,12
7592,3825,Coffee,Afternoon,Weekend,2016,12
7593,3826,Coffee,Afternoon,Weekend,2016,12
7594,3826,Sandwich,Afternoon,Weekend,2016,12
7595,3827,Fudge,Afternoon,Weekend,2016,12
7596,3827,Jam,Afternoon,Weekend,2016,12
7597,3827,Focaccia,Afternoon,Weekend,2016,12
7598,3828,Bread,Afternoon,Weekend,2016,12
7599,3828,Medialuna,Afternoon,Weekend,2016,12
7600,3829,Coffee,Afternoon,Weekend,2016,12
7601,3829,Tea,Afternoon,Weekend,2016,12
7602,3829,Coffee,Afternoon,Weekend,2016,12
7603,3829,Coffee,Afternoon,Weekend,2016,12
7604,3830,Coffee,Afternoon,Weekend,2016,12
7605,3831,Focaccia,Afternoon,Weekend,2016,12
7606,3831,Panatone,Afternoon,Weekend,2016,12
7607,3831,Fudge,Afternoon,Weekend,2016,12
7608,3832,Coffee,Afternoon,Weekend,2016,12
7609,3832,Coke,Afternoon,Weekend,2016,12
7610,3833,Scandinavian,Afternoon,Weekend,2016,12
7611,3833,Farm House,Afternoon,Weekend,2016,12
7612,3834,Cookies,Afternoon,Weekend,2016,12
7613,3835,Bread,Afternoon,Weekend,2016,12
7614,3835,Cake,Afternoon,Weekend,2016,12
7615,3836,Scone,Afternoon,Weekend,2016,12
7616,3836,Coffee,Afternoon,Weekend,2016,12
7617,3836,Tea,Afternoon,Weekend,2016,12
7618,3837,Sandwich,Afternoon,Weekend,2016,12
7619,3838,Bread,Afternoon,Weekend,2016,12
7620,3839,Coffee,Afternoon,Weekend,2016,12
7621,3840,Tea,Afternoon,Weekend,2016,12
7622,3841,Bread,Afternoon,Weekend,2016,12
7623,3842,Coffee,Afternoon,Weekend,2016,12
7624,3842,Coffee,Afternoon,Weekend,2016,12
7625,3843,Scone,Afternoon,Weekend,2016,12
7626,3843,Cake,Afternoon,Weekend,2016,12
7627,3843,Tea,Afternoon,Weekend,2016,12
7628,3844,Hot chocolate,Afternoon,Weekend,2016,12
7629,3845,Hot chocolate,Afternoon,Weekend,2016,12
7630,3846,Bread,Afternoon,Weekend,2016,12
7631,3846,Focaccia,Afternoon,Weekend,2016,12
7632,3846,Scandinavian,Afternoon,Weekend,2016,12
7633,3847,Hot chocolate,Morning,Weekday,2016,12
7634,3848,Coffee,Morning,Weekday,2016,12
7635,3849,Bread,Morning,Weekday,2016,12
7636,3850,Coffee,Morning,Weekday,2016,12
7637,3850,Medialuna,Morning,Weekday,2016,12
7638,3850,Pastry,Morning,Weekday,2016,12
7639,3851,Coffee,Morning,Weekday,2016,12
7640,3852,Coffee,Morning,Weekday,2016,12
7641,3852,Coffee,Morning,Weekday,2016,12
7642,3852,Pastry,Morning,Weekday,2016,12
7643,3853,Coffee,Morning,Weekday,2016,12
7644,3853,Medialuna,Morning,Weekday,2016,12
7645,3854,Coffee,Morning,Weekday,2016,12
7646,3855,Coffee,Morning,Weekday,2016,12
7647,3855,Hot chocolate,Morning,Weekday,2016,12
7648,3856,Coffee,Morning,Weekday,2016,12
7649,3856,Tea,Morning,Weekday,2016,12
7650,3857,Coffee,Morning,Weekday,2016,12
7651,3857,Coffee,Morning,Weekday,2016,12
7652,3858,Coffee,Morning,Weekday,2016,12
7653,3859,Coffee,Morning,Weekday,2016,12
7654,3859,Coffee,Morning,Weekday,2016,12
7655,3859,Cake,Morning,Weekday,2016,12
7656,3860,Coffee,Afternoon,Weekday,2016,12
7657,3860,Coffee,Afternoon,Weekday,2016,12
7658,3860,Coffee,Afternoon,Weekday,2016,12
7659,3860,Toast,Afternoon,Weekday,2016,12
7660,3861,Hot chocolate,Afternoon,Weekday,2016,12
7661,3861,Tea,Afternoon,Weekday,2016,12
7662,3864,Pastry,Afternoon,Weekday,2016,12
7663,3864,Medialuna,Afternoon,Weekday,2016,12
7664,3864,Gingerbread syrup,Afternoon,Weekday,2016,12
7665,3865,Coffee,Afternoon,Weekday,2016,12
7666,3865,Coffee,Afternoon,Weekday,2016,12
7667,3865,Sandwich,Afternoon,Weekday,2016,12
7668,3866,Sandwich,Afternoon,Weekday,2016,12
7669,3866,Coffee,Afternoon,Weekday,2016,12
7670,3866,Hot chocolate,Afternoon,Weekday,2016,12
7671,3867,Coffee,Afternoon,Weekday,2016,12
7672,3868,Coffee,Afternoon,Weekday,2016,12
7673,3868,Cake,Afternoon,Weekday,2016,12
7674,3869,Cookies,Afternoon,Weekday,2016,12
7675,3869,Coffee,Afternoon,Weekday,2016,12
7676,3870,Bread,Afternoon,Weekday,2016,12
7677,3870,Farm House,Afternoon,Weekday,2016,12
7678,3871,Coffee,Afternoon,Weekday,2016,12
7679,3871,Coffee,Afternoon,Weekday,2016,12
7680,3872,Coffee,Morning,Weekday,2016,12
7681,3873,Medialuna,Morning,Weekday,2016,12
7682,3873,Pastry,Morning,Weekday,2016,12
7683,3874,Coffee,Morning,Weekday,2016,12
7684,3874,Coffee,Morning,Weekday,2016,12
7685,3875,Coffee,Morning,Weekday,2016,12
7686,3876,Coffee,Morning,Weekday,2016,12
7687,3876,Medialuna,Morning,Weekday,2016,12
7688,3876,Pastry,Morning,Weekday,2016,12
7689,3876,Medialuna,Morning,Weekday,2016,12
7690,3877,Toast,Morning,Weekday,2016,12
7691,3877,Tea,Morning,Weekday,2016,12
7692,3877,Coffee,Morning,Weekday,2016,12
7693,3878,Bread,Morning,Weekday,2016,12
7694,3879,Farm House,Morning,Weekday,2016,12
7695,3880,Bread,Morning,Weekday,2016,12
7696,3881,Bread,Morning,Weekday,2016,12
7697,3882,Bread,Morning,Weekday,2016,12
7698,3882,Medialuna,Morning,Weekday,2016,12
7699,3882,Toast,Morning,Weekday,2016,12
7700,3882,Bread,Morning,Weekday,2016,12
7701,3883,Coffee,Morning,Weekday,2016,12
7702,3883,Coffee,Morning,Weekday,2016,12
7703,3883,Tea,Morning,Weekday,2016,12
7704,3883,Bread,Morning,Weekday,2016,12
7705,3884,Bread,Morning,Weekday,2016,12
7706,3884,Farm House,Morning,Weekday,2016,12
7707,3884,Bread,Morning,Weekday,2016,12
7708,3884,Coffee,Morning,Weekday,2016,12
7709,3884,Sandwich,Morning,Weekday,2016,12
7710,3884,Truffles,Morning,Weekday,2016,12
7711,3885,Coffee,Morning,Weekday,2016,12
7712,3886,Coffee,Morning,Weekday,2016,12
7713,3887,Coffee,Morning,Weekday,2016,12
7714,3887,Cake,Morning,Weekday,2016,12
7715,3888,Coffee,Morning,Weekday,2016,12
7716,3889,Coffee,Morning,Weekday,2016,12
7717,3889,Hot chocolate,Morning,Weekday,2016,12
7718,3889,Bread,Morning,Weekday,2016,12
7719,3889,Cookies,Morning,Weekday,2016,12
7720,3889,Bread,Morning,Weekday,2016,12
7721,3890,Hot chocolate,Morning,Weekday,2016,12
7722,3891,Medialuna,Morning,Weekday,2016,12
7723,3891,Bread,Morning,Weekday,2016,12
7724,3892,Bread,Morning,Weekday,2016,12
7725,3893,Bread,Morning,Weekday,2016,12
7726,3894,Coffee,Morning,Weekday,2016,12
7727,3895,Coffee,Morning,Weekday,2016,12
7728,3895,Bread,Morning,Weekday,2016,12
7729,3895,Cake,Morning,Weekday,2016,12
7730,3895,Bread,Morning,Weekday,2016,12
7731,3896,Bread,Afternoon,Weekday,2016,12
7732,3897,Muesli,Afternoon,Weekday,2016,12
7733,3897,Bread,Afternoon,Weekday,2016,12
7734,3898,Coffee,Afternoon,Weekday,2016,12
7735,3898,Coffee,Afternoon,Weekday,2016,12
7736,3898,Bread,Afternoon,Weekday,2016,12
7737,3899,Coffee,Afternoon,Weekday,2016,12
7738,3900,Coffee,Afternoon,Weekday,2016,12
7739,3901,Bread,Afternoon,Weekday,2016,12
7740,3901,Coffee,Afternoon,Weekday,2016,12
7741,3902,Coffee,Afternoon,Weekday,2016,12
7742,3903,Tea,Afternoon,Weekday,2016,12
7743,3904,Tea,Afternoon,Weekday,2016,12
7744,3905,Bread,Afternoon,Weekday,2016,12
7745,3905,Crisps,Afternoon,Weekday,2016,12
7746,3905,Juice,Afternoon,Weekday,2016,12
7747,3905,Coffee,Afternoon,Weekday,2016,12
7748,3905,Hot chocolate,Afternoon,Weekday,2016,12
7749,3905,Truffles,Afternoon,Weekday,2016,12
7750,3906,Cake,Afternoon,Weekday,2016,12
7751,3907,Fudge,Afternoon,Weekday,2016,12
7752,3908,Coffee,Afternoon,Weekday,2016,12
7753,3908,Tea,Afternoon,Weekday,2016,12
7754,3909,Coffee,Afternoon,Weekday,2016,12
7755,3909,Juice,Afternoon,Weekday,2016,12
7756,3909,Coffee,Afternoon,Weekday,2016,12
7757,3909,Coke,Afternoon,Weekday,2016,12
7758,3909,Sandwich,Afternoon,Weekday,2016,12
7759,3909,Sandwich,Afternoon,Weekday,2016,12
7760,3910,Sandwich,Afternoon,Weekday,2016,12
7761,3910,Sandwich,Afternoon,Weekday,2016,12
7762,3911,Bread,Afternoon,Weekday,2016,12
7763,3912,Coffee,Afternoon,Weekday,2016,12
7764,3912,Bread,Afternoon,Weekday,2016,12
7765,3913,Bread,Afternoon,Weekday,2016,12
7766,3913,Coffee,Afternoon,Weekday,2016,12
7767,3914,Bread,Afternoon,Weekday,2016,12
7768,3915,Coffee,Afternoon,Weekday,2016,12
7769,3916,Coffee,Afternoon,Weekday,2016,12
7770,3916,Coffee,Afternoon,Weekday,2016,12
7771,3916,Hot chocolate,Afternoon,Weekday,2016,12
7772,3916,Cake,Afternoon,Weekday,2016,12
7773,3916,Cake,Afternoon,Weekday,2016,12
7774,3917,Sandwich,Afternoon,Weekday,2016,12
7775,3917,Coffee,Afternoon,Weekday,2016,12
7776,3917,Hot chocolate,Afternoon,Weekday,2016,12
7777,3917,Cookies,Afternoon,Weekday,2016,12
7778,3917,Crisps,Afternoon,Weekday,2016,12
7779,3917,Bare Popcorn,Afternoon,Weekday,2016,12
7780,3917,Coffee,Afternoon,Weekday,2016,12
7781,3918,Coffee,Afternoon,Weekday,2016,12
7782,3919,Hot chocolate,Afternoon,Weekday,2016,12
7783,3919,Hot chocolate,Afternoon,Weekday,2016,12
7784,3920,Coffee,Morning,Weekday,2016,12
7785,3921,Bread,Morning,Weekday,2016,12
7786,3922,Coffee,Morning,Weekday,2016,12
7787,3923,Coffee,Morning,Weekday,2016,12
7788,3924,Tea,Morning,Weekday,2016,12
7789,3924,Bread,Morning,Weekday,2016,12
7790,3925,Bread,Morning,Weekday,2016,12
7791,3926,Coffee,Morning,Weekday,2016,12
7792,3926,Hot chocolate,Morning,Weekday,2016,12
7793,3926,Bread,Morning,Weekday,2016,12
7794,3927,Bread,Morning,Weekday,2016,12
7795,3928,Bread,Morning,Weekday,2016,12
7796,3928,Bread,Morning,Weekday,2016,12
7797,3929,Tea,Morning,Weekday,2016,12
7798,3929,Medialuna,Morning,Weekday,2016,12
7799,3929,Bread,Morning,Weekday,2016,12
7800,3930,Medialuna,Morning,Weekday,2016,12
7801,3930,Pastry,Morning,Weekday,2016,12
7802,3930,Coffee,Morning,Weekday,2016,12
7803,3930,Coffee,Morning,Weekday,2016,12
7804,3930,Toast,Morning,Weekday,2016,12
7805,3931,Medialuna,Morning,Weekday,2016,12
7806,3932,Bread,Morning,Weekday,2016,12
7807,3933,Farm House,Morning,Weekday,2016,12
7808,3934,Coffee,Morning,Weekday,2016,12
7809,3934,Coffee,Morning,Weekday,2016,12
7810,3934,Pastry,Morning,Weekday,2016,12
7811,3934,Toast,Morning,Weekday,2016,12
7812,3935,Coffee,Morning,Weekday,2016,12
7813,3935,Cookies,Morning,Weekday,2016,12
7814,3935,Bread,Morning,Weekday,2016,12
7815,3936,Cake,Morning,Weekday,2016,12
7816,3936,Bread,Morning,Weekday,2016,12
7817,3936,Jammie Dodgers,Morning,Weekday,2016,12
7818,3936,Coffee,Morning,Weekday,2016,12
7819,3936,Tea,Morning,Weekday,2016,12
7820,3936,Coffee,Morning,Weekday,2016,12
7821,3937,Coffee,Morning,Weekday,2016,12
7822,3937,Coffee,Morning,Weekday,2016,12
7823,3937,Smoothies,Morning,Weekday,2016,12
7824,3937,Toast,Morning,Weekday,2016,12
7825,3938,Coffee,Morning,Weekday,2016,12
7826,3938,Coffee,Morning,Weekday,2016,12
7827,3938,Smoothies,Morning,Weekday,2016,12
7828,3938,Toast,Morning,Weekday,2016,12
7829,3939,Toast,Afternoon,Weekday,2016,12
7830,3939,Coffee,Afternoon,Weekday,2016,12
7831,3939,Smoothies,Afternoon,Weekday,2016,12
7832,3940,Bread,Afternoon,Weekday,2016,12
7833,3941,Bread,Afternoon,Weekday,2016,12
7834,3941,Bread,Afternoon,Weekday,2016,12
7835,3942,Bread,Afternoon,Weekday,2016,12
7836,3942,Coffee,Afternoon,Weekday,2016,12
7837,3943,Fudge,Afternoon,Weekday,2016,12
7838,3943,Bread,Afternoon,Weekday,2016,12
7839,3943,Coffee,Afternoon,Weekday,2016,12
7840,3943,Bread,Afternoon,Weekday,2016,12
7841,3943,Cake,Afternoon,Weekday,2016,12
7842,3944,Bread,Afternoon,Weekday,2016,12
7843,3944,Pastry,Afternoon,Weekday,2016,12
7844,3945,Tea,Afternoon,Weekday,2016,12
7845,3945,Frittata,Afternoon,Weekday,2016,12
7846,3946,Sandwich,Afternoon,Weekday,2016,12
7847,3946,Coffee,Afternoon,Weekday,2016,12
7848,3946,Bread,Afternoon,Weekday,2016,12
7849,3947,Bread,Afternoon,Weekday,2016,12
7850,3948,Coffee,Afternoon,Weekday,2016,12
7851,3948,Hot chocolate,Afternoon,Weekday,2016,12
7852,3948,Bread,Afternoon,Weekday,2016,12
7853,3949,Bread,Afternoon,Weekday,2016,12
7854,3949,Bread,Afternoon,Weekday,2016,12
7855,3949,Juice,Afternoon,Weekday,2016,12
7856,3949,Juice,Afternoon,Weekday,2016,12
7857,3950,Coffee,Afternoon,Weekday,2016,12
7858,3951,Hot chocolate,Afternoon,Weekday,2016,12
7859,3951,Bread,Afternoon,Weekday,2016,12
7860,3952,Coffee,Afternoon,Weekday,2016,12
7861,3952,Coffee,Afternoon,Weekday,2016,12
7862,3952,Juice,Afternoon,Weekday,2016,12
7863,3952,Sandwich,Afternoon,Weekday,2016,12
7864,3952,Cake,Afternoon,Weekday,2016,12
7865,3952,Bread,Afternoon,Weekday,2016,12
7866,3952,Lemon and coconut,Afternoon,Weekday,2016,12
7867,3953,Bread,Afternoon,Weekday,2016,12
7868,3954,Hearty & Seasonal,Afternoon,Weekday,2016,12
7869,3954,Coffee,Afternoon,Weekday,2016,12
7870,3954,Coffee,Afternoon,Weekday,2016,12
7871,3955,Medialuna,Afternoon,Weekday,2016,12
7872,3956,Coffee,Afternoon,Weekday,2016,12
7873,3956,Coffee,Afternoon,Weekday,2016,12
7874,3957,Bread,Afternoon,Weekday,2016,12
7875,3957,Pastry,Afternoon,Weekday,2016,12
7876,3958,Pastry,Afternoon,Weekday,2016,12
7877,3958,Bread,Afternoon,Weekday,2016,12
7878,3958,Cake,Afternoon,Weekday,2016,12
7879,3959,Scandinavian,Afternoon,Weekday,2016,12
7880,3960,Coke,Afternoon,Weekday,2016,12
7881,3960,Tea,Afternoon,Weekday,2016,12
7882,3960,Hot chocolate,Afternoon,Weekday,2016,12
7883,3960,Medialuna,Afternoon,Weekday,2016,12
7884,3961,Coffee,Afternoon,Weekday,2016,12
7885,3962,Jammie Dodgers,Afternoon,Weekday,2016,12
7886,3962,Bread,Afternoon,Weekday,2016,12
7887,3964,Medialuna,Afternoon,Weekday,2016,12
7888,3964,Coffee,Afternoon,Weekday,2016,12
7889,3964,Coffee,Afternoon,Weekday,2016,12
7890,3965,Coffee,Afternoon,Weekday,2016,12
7891,3965,Bread,Afternoon,Weekday,2016,12
7892,3966,Hot chocolate,Afternoon,Weekday,2016,12
7893,3966,Coffee,Afternoon,Weekday,2016,12
7894,3967,Coffee,Afternoon,Weekday,2016,12
7895,3967,Bread,Afternoon,Weekday,2016,12
7896,3967,Juice,Afternoon,Weekday,2016,12
7897,3967,Truffles,Afternoon,Weekday,2016,12
7898,3967,Frittata,Afternoon,Weekday,2016,12
7899,3967,Cookies,Afternoon,Weekday,2016,12
7900,3967,Crisps,Afternoon,Weekday,2016,12
7901,3968,Bread,Afternoon,Weekday,2016,12
7902,3969,Coffee,Afternoon,Weekday,2016,12
7903,3969,Coffee,Afternoon,Weekday,2016,12
7904,3969,Cake,Afternoon,Weekday,2016,12
7905,3969,Frittata,Afternoon,Weekday,2016,12
7906,3970,Jammie Dodgers,Afternoon,Weekday,2016,12
7907,3971,Bread,Afternoon,Weekday,2016,12
7908,3971,Coffee,Afternoon,Weekday,2016,12
7909,3971,Cake,Afternoon,Weekday,2016,12
7910,3972,Bread,Afternoon,Weekday,2016,12
7911,3972,Coffee,Afternoon,Weekday,2016,12
7912,3972,Cake,Afternoon,Weekday,2016,12
7913,3974,Jam,Afternoon,Weekday,2016,12
7914,3975,Bread,Afternoon,Weekday,2016,12
7915,3975,Coffee,Afternoon,Weekday,2016,12
7916,3976,Coffee,Afternoon,Weekday,2016,12
7917,3976,Hot chocolate,Afternoon,Weekday,2016,12
7918,3976,Toast,Afternoon,Weekday,2016,12
7919,3977,Coffee,Afternoon,Weekday,2016,12
7920,3978,Coffee,Afternoon,Weekday,2016,12
7921,3979,Hot chocolate,Afternoon,Weekday,2016,12
7922,3979,Bread,Afternoon,Weekday,2016,12
7923,3980,Bread,Afternoon,Weekday,2016,12
7924,3980,Coffee,Afternoon,Weekday,2016,12
7925,3981,Bread,Afternoon,Weekday,2016,12
7926,3981,Hot chocolate,Afternoon,Weekday,2016,12
7927,3981,Cake,Afternoon,Weekday,2016,12
7928,3982,Hot chocolate,Evening,Weekday,2016,12
7929,3982,Coffee,Evening,Weekday,2016,12
7930,3982,Cookies,Evening,Weekday,2016,12
7931,3982,Medialuna,Evening,Weekday,2016,12
7932,3982,Cookies,Evening,Weekday,2016,12
7933,3983,Hot chocolate,Morning,Weekday,2016,12
7934,3983,Medialuna,Morning,Weekday,2016,12
7935,3983,Pastry,Morning,Weekday,2016,12
7936,3984,Bread,Morning,Weekday,2016,12
7937,3984,Bread,Morning,Weekday,2016,12
7938,3985,Coffee,Morning,Weekday,2016,12
7939,3985,Juice,Morning,Weekday,2016,12
7940,3985,Cake,Morning,Weekday,2016,12
7941,3985,Vegan mincepie,Morning,Weekday,2016,12
7942,3986,Medialuna,Morning,Weekday,2016,12
7943,3986,Coffee,Morning,Weekday,2016,12
7944,3987,Muesli,Morning,Weekday,2016,12
7945,3988,Bread,Morning,Weekday,2016,12
7946,3988,Coffee,Morning,Weekday,2016,12
7947,3988,Frittata,Morning,Weekday,2016,12
7948,3988,Farm House,Morning,Weekday,2016,12
7949,3989,Bread,Morning,Weekday,2016,12
7950,3990,Coffee,Morning,Weekday,2016,12
7951,3990,Muesli,Morning,Weekday,2016,12
7952,3991,Tea,Morning,Weekday,2016,12
7953,3992,Bread,Morning,Weekday,2016,12
7954,3992,Sandwich,Morning,Weekday,2016,12
7955,3992,Pastry,Morning,Weekday,2016,12
7956,3992,Bread,Morning,Weekday,2016,12
7957,3993,Sandwich,Morning,Weekday,2016,12
7958,3993,Hot chocolate,Morning,Weekday,2016,12
7959,3994,Coffee,Morning,Weekday,2016,12
7960,3994,Tea,Morning,Weekday,2016,12
7961,3994,Toast,Morning,Weekday,2016,12
7962,3995,Sandwich,Morning,Weekday,2016,12
7963,3995,Tea,Morning,Weekday,2016,12
7964,3995,Coffee,Morning,Weekday,2016,12
7965,3996,Hot chocolate,Afternoon,Weekday,2016,12
7966,3996,Coffee,Afternoon,Weekday,2016,12
7967,3996,Lemon and coconut,Afternoon,Weekday,2016,12
7968,3997,Bread,Afternoon,Weekday,2016,12
7969,3997,Coffee,Afternoon,Weekday,2016,12
7970,3998,Coffee,Afternoon,Weekday,2016,12
7971,3998,Cake,Afternoon,Weekday,2016,12
7972,3999,Medialuna,Afternoon,Weekday,2016,12
7973,3999,The Nomad,Afternoon,Weekday,2016,12
7974,3999,Bread,Afternoon,Weekday,2016,12
7975,4000,Coffee,Afternoon,Weekday,2016,12
7976,4001,Coffee,Afternoon,Weekday,2016,12
7977,4002,Hot chocolate,Afternoon,Weekday,2016,12
7978,4002,Hot chocolate,Afternoon,Weekday,2016,12
7979,4003,Farm House,Afternoon,Weekday,2016,12
7980,4004,Sandwich,Afternoon,Weekday,2016,12
7981,4004,Tea,Afternoon,Weekday,2016,12
7982,4005,Bread,Afternoon,Weekday,2016,12
7983,4006,Coffee,Afternoon,Weekday,2016,12
7984,4006,Smoothies,Afternoon,Weekday,2016,12
7985,4006,Frittata,Afternoon,Weekday,2016,12
7986,4007,Coffee,Afternoon,Weekday,2016,12
7987,4008,Bread,Afternoon,Weekday,2016,12
7988,4008,Pastry,Afternoon,Weekday,2016,12
7989,4008,Bread,Afternoon,Weekday,2016,12
7990,4009,Coffee,Afternoon,Weekday,2016,12
7991,4009,Toast,Afternoon,Weekday,2016,12
7992,4009,Bread,Afternoon,Weekday,2016,12
7993,4010,Coffee,Afternoon,Weekday,2016,12
7994,4011,Coffee,Afternoon,Weekday,2016,12
7995,4011,Jammie Dodgers,Afternoon,Weekday,2016,12
7996,4011,Bread,Afternoon,Weekday,2016,12
7997,4012,Coke,Afternoon,Weekday,2016,12
7998,4012,Sandwich,Afternoon,Weekday,2016,12
7999,4013,Medialuna,Afternoon,Weekday,2016,12
8000,4014,Coffee,Afternoon,Weekday,2016,12
8001,4015,Medialuna,Afternoon,Weekday,2016,12
8002,4016,Sandwich,Afternoon,Weekday,2016,12
8003,4016,Bread,Afternoon,Weekday,2016,12
8004,4016,Tea,Afternoon,Weekday,2016,12
8005,4016,Cake,Afternoon,Weekday,2016,12
8006,4017,Hot chocolate,Afternoon,Weekday,2016,12
8007,4018,Coffee,Afternoon,Weekday,2016,12
8008,4018,Frittata,Afternoon,Weekday,2016,12
8009,4019,Tea,Afternoon,Weekday,2016,12
8010,4020,Bread,Afternoon,Weekday,2016,12
8011,4020,Tea,Afternoon,Weekday,2016,12
8012,4022,Coffee,Afternoon,Weekday,2016,12
8013,4022,Jammie Dodgers,Afternoon,Weekday,2016,12
8014,4023,Bread,Afternoon,Weekday,2016,12
8015,4023,Coffee,Afternoon,Weekday,2016,12
8016,4023,Coffee,Afternoon,Weekday,2016,12
8017,4024,Coffee,Afternoon,Weekday,2016,12
8018,4024,Coffee,Afternoon,Weekday,2016,12
8019,4024,Jammie Dodgers,Afternoon,Weekday,2016,12
8020,4024,Bread,Afternoon,Weekday,2016,12
8021,4025,Coffee,Afternoon,Weekday,2016,12
8022,4025,Coffee,Afternoon,Weekday,2016,12
8023,4025,Bread,Afternoon,Weekday,2016,12
8024,4026,Coffee,Afternoon,Weekday,2016,12
8025,4026,Hot chocolate,Afternoon,Weekday,2016,12
8026,4026,Jammie Dodgers,Afternoon,Weekday,2016,12
8027,4026,Vegan mincepie,Afternoon,Weekday,2016,12
8028,4026,Cake,Afternoon,Weekday,2016,12
8029,4027,Coffee,Afternoon,Weekday,2016,12
8030,4027,Cookies,Afternoon,Weekday,2016,12
8031,4028,Coffee,Afternoon,Weekday,2016,12
8032,4028,Tea,Afternoon,Weekday,2016,12
8033,4028,Bread,Afternoon,Weekday,2016,12
8034,4029,Coffee,Afternoon,Weekday,2016,12
8035,4030,Bread,Afternoon,Weekday,2016,12
8036,4031,Bread,Afternoon,Weekday,2016,12
8037,4031,Bread,Afternoon,Weekday,2016,12
8038,4032,Tea,Afternoon,Weekday,2016,12
8039,4033,Bread,Morning,Weekend,2016,12
8040,4034,Bread,Morning,Weekend,2016,12
8041,4034,Coffee,Morning,Weekend,2016,12
8042,4035,Bread,Morning,Weekend,2016,12
8043,4035,Jammie Dodgers,Morning,Weekend,2016,12
8044,4035,Hot chocolate,Morning,Weekend,2016,12
8045,4035,Bread,Morning,Weekend,2016,12
8046,4035,Bread,Morning,Weekend,2016,12
8047,4036,Bread,Morning,Weekend,2016,12
8048,4036,Bread,Morning,Weekend,2016,12
8049,4037,Coffee,Morning,Weekend,2016,12
8050,4038,Pastry,Morning,Weekend,2016,12
8051,4039,Tea,Morning,Weekend,2016,12
8052,4040,Bread,Morning,Weekend,2016,12
8053,4040,Coffee,Morning,Weekend,2016,12
8054,4040,Coffee,Morning,Weekend,2016,12
8055,4040,Cookies,Morning,Weekend,2016,12
8056,4041,Bread,Morning,Weekend,2016,12
8057,4042,Coffee,Morning,Weekend,2016,12
8058,4042,Vegan mincepie,Morning,Weekend,2016,12
8059,4043,Tea,Morning,Weekend,2016,12
8060,4044,Coffee,Morning,Weekend,2016,12
8061,4045,Bread,Morning,Weekend,2016,12
8062,4045,Medialuna,Morning,Weekend,2016,12
8063,4046,Farm House,Morning,Weekend,2016,12
8064,4047,Coffee,Morning,Weekend,2016,12
8065,4047,Hot chocolate,Morning,Weekend,2016,12
8066,4047,Vegan mincepie,Morning,Weekend,2016,12
8067,4047,Jammie Dodgers,Morning,Weekend,2016,12
8068,4048,Coffee,Morning,Weekend,2016,12
8069,4048,Coffee,Morning,Weekend,2016,12
8070,4049,Coffee,Morning,Weekend,2016,12
8071,4050,Bread,Morning,Weekend,2016,12
8072,4050,Medialuna,Morning,Weekend,2016,12
8073,4051,Bread,Morning,Weekend,2016,12
8074,4052,Bread,Afternoon,Weekend,2016,12
8075,4053,Bread,Afternoon,Weekend,2016,12
8076,4053,Coffee,Afternoon,Weekend,2016,12
8077,4054,Bread,Afternoon,Weekend,2016,12
8078,4054,Farm House,Afternoon,Weekend,2016,12
8079,4055,Coffee,Afternoon,Weekend,2016,12
8080,4056,Coffee,Afternoon,Weekend,2016,12
8081,4057,Bread,Afternoon,Weekend,2016,12
8082,4057,Tea,Afternoon,Weekend,2016,12
8083,4057,Frittata,Afternoon,Weekend,2016,12
8084,4058,Farm House,Afternoon,Weekend,2016,12
8085,4059,Farm House,Afternoon,Weekend,2016,12
8086,4059,Pastry,Afternoon,Weekend,2016,12
8087,4060,Coffee,Afternoon,Weekend,2016,12
8088,4061,Bread,Afternoon,Weekend,2016,12
8089,4062,Coffee,Afternoon,Weekend,2016,12
8090,4062,Hot chocolate,Afternoon,Weekend,2016,12
8091,4062,Cake,Afternoon,Weekend,2016,12
8092,4063,Scandinavian,Afternoon,Weekend,2016,12
8093,4064,Coffee,Afternoon,Weekend,2016,12
8094,4064,Hot chocolate,Afternoon,Weekend,2016,12
8095,4064,Cake,Afternoon,Weekend,2016,12
8096,4064,Jammie Dodgers,Afternoon,Weekend,2016,12
8097,4064,Bread,Afternoon,Weekend,2016,12
8098,4064,Pastry,Afternoon,Weekend,2016,12
8099,4065,Coffee,Afternoon,Weekend,2016,12
8100,4065,Coffee,Afternoon,Weekend,2016,12
8101,4065,Bread,Afternoon,Weekend,2016,12
8102,4066,Scandinavian,Afternoon,Weekend,2016,12
8103,4067,Coffee,Afternoon,Weekend,2016,12
8104,4067,Coffee,Afternoon,Weekend,2016,12
8105,4067,Coffee,Afternoon,Weekend,2016,12
8106,4067,Sandwich,Afternoon,Weekend,2016,12
8107,4068,Tea,Afternoon,Weekend,2016,12
8108,4068,Tea,Afternoon,Weekend,2016,12
8109,4068,Hot chocolate,Afternoon,Weekend,2016,12
8110,4068,Toast,Afternoon,Weekend,2016,12
8111,4068,Sandwich,Afternoon,Weekend,2016,12
8112,4069,Sandwich,Afternoon,Weekend,2016,12
8113,4069,Tea,Afternoon,Weekend,2016,12
8114,4070,Farm House,Afternoon,Weekend,2016,12
8115,4071,Bread,Afternoon,Weekend,2016,12
8116,4072,Coffee,Afternoon,Weekend,2016,12
8117,4072,Jammie Dodgers,Afternoon,Weekend,2016,12
8118,4073,Coffee,Afternoon,Weekend,2016,12
8119,4074,Bread,Afternoon,Weekend,2016,12
8120,4075,Farm House,Afternoon,Weekend,2016,12
8121,4075,Medialuna,Afternoon,Weekend,2016,12
8122,4076,Coffee,Afternoon,Weekend,2016,12
8123,4077,Tea,Afternoon,Weekend,2016,12
8124,4077,Sandwich,Afternoon,Weekend,2016,12
8125,4078,Cookies,Afternoon,Weekend,2016,12
8126,4078,Tea,Afternoon,Weekend,2016,12
8127,4078,Bread,Afternoon,Weekend,2016,12
8128,4079,Coffee,Afternoon,Weekend,2016,12
8129,4080,Bread,Afternoon,Weekend,2016,12
8130,4081,Coffee,Afternoon,Weekend,2016,12
8131,4081,Bread,Afternoon,Weekend,2016,12
8132,4082,Tea,Afternoon,Weekend,2016,12
8133,4082,Hot chocolate,Afternoon,Weekend,2016,12
8134,4082,Sandwich,Afternoon,Weekend,2016,12
8135,4083,Tea,Afternoon,Weekend,2016,12
8136,4085,Sandwich,Afternoon,Weekend,2016,12
8137,4086,Coffee,Afternoon,Weekend,2016,12
8138,4086,Bread,Afternoon,Weekend,2016,12
8139,4087,Bread,Afternoon,Weekend,2016,12
8140,4088,Tea,Afternoon,Weekend,2016,12
8141,4088,Coke,Afternoon,Weekend,2016,12
8142,4089,Cake,Evening,Weekend,2016,12
8143,4089,Tea,Evening,Weekend,2016,12
8144,4090,Bread,Morning,Weekend,2017,01
8145,4094,Coffee,Morning,Weekday,2017,03
8146,4095,Coffee,Morning,Weekday,2017,03
8147,4095,Toast,Morning,Weekday,2017,03
8148,4096,Farm House,Morning,Weekday,2017,03
8149,4097,Bread,Morning,Weekday,2017,03
8150,4097,Bread,Morning,Weekday,2017,03
8151,4098,Coffee,Morning,Weekday,2017,03
8152,4098,Coffee,Morning,Weekday,2017,03
8153,4099,Coffee,Morning,Weekday,2017,03
8154,4100,Coffee,Morning,Weekday,2017,03
8155,4100,Coffee,Morning,Weekday,2017,03
8156,4100,Toast,Morning,Weekday,2017,03
8157,4101,Coffee,Morning,Weekday,2017,03
8158,4101,Coffee,Morning,Weekday,2017,03
8159,4101,Coffee,Morning,Weekday,2017,03
8160,4102,Toast,Morning,Weekday,2017,03
8161,4102,Bread,Morning,Weekday,2017,03
8162,4103,Bread,Morning,Weekday,2017,03
8163,4104,Coffee,Morning,Weekday,2017,03
8164,4105,Coffee,Morning,Weekday,2017,03
8165,4105,Coffee,Morning,Weekday,2017,03
8166,4105,Vegan mincepie,Morning,Weekday,2017,03
8167,4105,Vegan mincepie,Morning,Weekday,2017,03
8168,4106,Bread,Morning,Weekday,2017,03
8169,4107,Coffee,Morning,Weekday,2017,03
8170,4108,Coffee,Morning,Weekday,2017,03
8171,4108,Toast,Morning,Weekday,2017,03
8172,4109,Coffee,Morning,Weekday,2017,03
8173,4110,Cookies,Morning,Weekday,2017,03
8174,4110,Cake,Morning,Weekday,2017,03
8175,4110,Bread,Morning,Weekday,2017,03
8176,4110,Coffee,Morning,Weekday,2017,03
8177,4111,Tea,Morning,Weekday,2017,03
8178,4111,Cake,Morning,Weekday,2017,03
8179,4112,Bread,Morning,Weekday,2017,03
8180,4113,Coffee,Afternoon,Weekday,2017,03
8181,4113,Hot chocolate,Afternoon,Weekday,2017,03
8182,4113,Cookies,Afternoon,Weekday,2017,03
8183,4114,Coffee,Afternoon,Weekday,2017,03
8184,4115,Cake,Afternoon,Weekday,2017,03
8185,4116,Bread,Afternoon,Weekday,2017,03
8186,4117,Juice,Afternoon,Weekday,2017,03
8187,4117,Coffee,Afternoon,Weekday,2017,03
8188,4117,Sandwich,Afternoon,Weekday,2017,03
8189,4117,Sandwich,Afternoon,Weekday,2017,03
8190,4118,Coffee,Afternoon,Weekday,2017,03
8191,4119,Bread,Afternoon,Weekday,2017,03
8192,4119,Coffee,Afternoon,Weekday,2017,03
8193,4119,Frittata,Afternoon,Weekday,2017,03
8194,4119,Cookies,Afternoon,Weekday,2017,03
8195,4119,Mineral water,Afternoon,Weekday,2017,03
8196,4120,Coffee,Afternoon,Weekday,2017,03
8197,4120,Muffin,Afternoon,Weekday,2017,03
8198,4121,Sandwich,Afternoon,Weekday,2017,03
8199,4121,Coffee,Afternoon,Weekday,2017,03
8200,4121,Cake,Afternoon,Weekday,2017,03
8201,4123,Coffee,Afternoon,Weekday,2017,03
8202,4124,Coffee,Afternoon,Weekday,2017,03
8203,4124,Coffee,Afternoon,Weekday,2017,03
8204,4124,Vegan mincepie,Afternoon,Weekday,2017,03
8205,4124,Cake,Afternoon,Weekday,2017,03
8206,4125,Cake,Afternoon,Weekday,2017,03
8207,4125,Cake,Afternoon,Weekday,2017,03
8208,4125,Coffee,Afternoon,Weekday,2017,03
8209,4126,Coffee,Afternoon,Weekday,2017,03
8210,4127,Frittata,Afternoon,Weekday,2017,03
8211,4127,Coffee,Afternoon,Weekday,2017,03
8212,4128,Sandwich,Afternoon,Weekday,2017,03
8213,4128,Cookies,Afternoon,Weekday,2017,03
8214,4129,Tea,Afternoon,Weekday,2017,03
8215,4130,Tea,Afternoon,Weekday,2017,03
8216,4131,Tea,Afternoon,Weekday,2017,03
8217,4132,Bread,Afternoon,Weekday,2017,03
8218,4132,Vegan mincepie,Afternoon,Weekday,2017,03
8219,4133,Muffin,Afternoon,Weekday,2017,03
8220,4133,Coffee,Afternoon,Weekday,2017,03
8221,4133,Hot chocolate,Afternoon,Weekday,2017,03
8222,4134,Bread,Afternoon,Weekday,2017,03
8223,4135,Hot chocolate,Afternoon,Weekday,2017,03
8224,4135,Coffee,Afternoon,Weekday,2017,03
8225,4135,Cake,Afternoon,Weekday,2017,03
8226,4136,Coffee,Afternoon,Weekday,2017,03
8227,4138,Hot chocolate,Afternoon,Weekday,2017,03
8228,4138,Sandwich,Afternoon,Weekday,2017,03
8229,4139,Cake,Evening,Weekday,2017,03
8230,4139,Muffin,Evening,Weekday,2017,03
8231,4139,Coffee,Evening,Weekday,2017,03
8232,4140,Coffee,Morning,Weekday,2017,04
8233,4141,Coffee,Morning,Weekday,2017,04
8234,4141,Hot chocolate,Morning,Weekday,2017,04
8235,4141,Medialuna,Morning,Weekday,2017,04
8236,4142,Medialuna,Morning,Weekday,2017,04
8237,4142,Cake,Morning,Weekday,2017,04
8238,4142,Coffee,Morning,Weekday,2017,04
8239,4142,Coffee,Morning,Weekday,2017,04
8240,4143,Bread,Morning,Weekday,2017,04
8241,4144,Coffee,Morning,Weekday,2017,04
8242,4144,Coffee,Morning,Weekday,2017,04
8243,4144,Toast,Morning,Weekday,2017,04
8244,4145,Bread,Morning,Weekday,2017,04
8245,4146,Coffee,Morning,Weekday,2017,04
8246,4147,Bread,Morning,Weekday,2017,04
8247,4148,Coffee,Morning,Weekday,2017,04
8248,4148,Coffee,Morning,Weekday,2017,04
8249,4149,Coffee,Morning,Weekday,2017,04
8250,4149,Bread,Morning,Weekday,2017,04
8251,4150,Coffee,Morning,Weekday,2017,04
8252,4151,Coffee,Morning,Weekday,2017,04
8253,4152,Coffee,Morning,Weekday,2017,04
8254,4152,Cake,Morning,Weekday,2017,04
8255,4153,Coffee,Morning,Weekday,2017,04
8256,4153,Bread,Morning,Weekday,2017,04
8257,4154,Bread,Afternoon,Weekday,2017,04
8258,4154,Cake,Afternoon,Weekday,2017,04
8259,4155,Muesli,Afternoon,Weekday,2017,04
8260,4155,Cookies,Afternoon,Weekday,2017,04
8261,4155,Tea,Afternoon,Weekday,2017,04
8262,4155,Coffee,Afternoon,Weekday,2017,04
8263,4156,Coke,Afternoon,Weekday,2017,04
8264,4156,Pastry,Afternoon,Weekday,2017,04
8265,4156,Cake,Afternoon,Weekday,2017,04
8266,4157,Sandwich,Afternoon,Weekday,2017,04
8267,4157,Sandwich,Afternoon,Weekday,2017,04
8268,4157,Coffee,Afternoon,Weekday,2017,04
8269,4158,Juice,Afternoon,Weekday,2017,04
8270,4159,Coffee,Afternoon,Weekday,2017,04
8271,4159,Juice,Afternoon,Weekday,2017,04
8272,4159,Tea,Afternoon,Weekday,2017,04
8273,4159,Muffin,Afternoon,Weekday,2017,04
8274,4159,Sandwich,Afternoon,Weekday,2017,04
8275,4160,Medialuna,Afternoon,Weekday,2017,04
8276,4161,Pastry,Afternoon,Weekday,2017,04
8277,4161,Hot chocolate,Afternoon,Weekday,2017,04
8278,4161,Coffee,Afternoon,Weekday,2017,04
8279,4161,Bread,Afternoon,Weekday,2017,04
8280,4162,Farm House,Afternoon,Weekday,2017,04
8281,4162,Tea,Afternoon,Weekday,2017,04
8282,4163,Bread,Afternoon,Weekday,2017,04
8283,4163,Brownie,Afternoon,Weekday,2017,04
8284,4164,Coffee,Afternoon,Weekday,2017,04
8285,4164,Brownie,Afternoon,Weekday,2017,04
8286,4165,Coffee,Afternoon,Weekday,2017,04
8287,4165,Cookies,Afternoon,Weekday,2017,04
8288,4166,Coffee,Afternoon,Weekday,2017,04
8289,4166,Brownie,Afternoon,Weekday,2017,04
8290,4167,Bread,Afternoon,Weekday,2017,04
8291,4167,Cookies,Afternoon,Weekday,2017,04
8292,4168,Hot chocolate,Afternoon,Weekday,2017,04
8293,4169,Hot chocolate,Afternoon,Weekday,2017,04
8294,4169,Coffee,Afternoon,Weekday,2017,04
8295,4169,Pastry,Afternoon,Weekday,2017,04
8296,4170,Bread,Afternoon,Weekday,2017,04
8297,4170,Brownie,Afternoon,Weekday,2017,04
8298,4171,Coffee,Afternoon,Weekday,2017,04
8299,4171,Cake,Afternoon,Weekday,2017,04
8300,4172,Brownie,Afternoon,Weekday,2017,04
8301,4172,Tea,Afternoon,Weekday,2017,04
8302,4172,Coffee,Afternoon,Weekday,2017,04
8303,4173,Coffee,Afternoon,Weekday,2017,04
8304,4173,Coffee,Afternoon,Weekday,2017,04
8305,4174,Farm House,Evening,Weekday,2017,04
8306,4175,Bread,Evening,Weekday,2017,04
8307,4176,Bread,Evening,Weekday,2017,04
8308,4177,Coffee,Morning,Weekday,2017,05
8309,4178,Coffee,Morning,Weekday,2017,05
8310,4179,Coffee,Morning,Weekday,2017,05
8311,4180,Tea,Morning,Weekday,2017,05
8312,4180,Toast,Morning,Weekday,2017,05
8313,4181,Bread,Morning,Weekday,2017,05
8314,4181,Medialuna,Morning,Weekday,2017,05
8315,4182,Bread,Morning,Weekday,2017,05
8316,4182,Toast,Morning,Weekday,2017,05
8317,4183,Bread,Morning,Weekday,2017,05
8318,4183,Coffee,Morning,Weekday,2017,05
8319,4183,Medialuna,Morning,Weekday,2017,05
8320,4184,Coffee,Morning,Weekday,2017,05
8321,4184,Bread,Morning,Weekday,2017,05
8322,4185,Hot chocolate,Morning,Weekday,2017,05
8323,4185,Hot chocolate,Morning,Weekday,2017,05
8324,4185,Muffin,Morning,Weekday,2017,05
8325,4186,Bread,Morning,Weekday,2017,05
8326,4186,Coffee,Morning,Weekday,2017,05
8327,4186,Juice,Morning,Weekday,2017,05
8328,4187,Hot chocolate,Morning,Weekday,2017,05
8329,4187,Hot chocolate,Morning,Weekday,2017,05
8330,4188,Bread,Morning,Weekday,2017,05
8331,4188,Coffee,Morning,Weekday,2017,05
8332,4189,Coffee,Morning,Weekday,2017,05
8333,4189,Bread,Morning,Weekday,2017,05
8334,4189,Truffles,Morning,Weekday,2017,05
8335,4190,Brownie,Morning,Weekday,2017,05
8336,4191,Juice,Morning,Weekday,2017,05
8337,4191,Bread,Morning,Weekday,2017,05
8338,4191,Muffin,Morning,Weekday,2017,05
8339,4192,Farm House,Morning,Weekday,2017,05
8340,4192,Brownie,Morning,Weekday,2017,05
8341,4193,Coffee,Morning,Weekday,2017,05
8342,4193,Bread,Morning,Weekday,2017,05
8343,4194,Coffee,Morning,Weekday,2017,05
8344,4195,Farm House,Morning,Weekday,2017,05
8345,4196,Juice,Morning,Weekday,2017,05
8346,4196,Coffee,Morning,Weekday,2017,05
8347,4196,Sandwich,Morning,Weekday,2017,05
8348,4196,Ella's Kitchen Pouches,Morning,Weekday,2017,05
8349,4197,Coffee,Morning,Weekday,2017,05
8350,4197,Cake,Morning,Weekday,2017,05
8351,4198,Tea,Afternoon,Weekday,2017,05
8352,4198,Bread,Afternoon,Weekday,2017,05
8353,4199,Coffee,Afternoon,Weekday,2017,05
8354,4199,Coffee,Afternoon,Weekday,2017,05
8355,4200,Coffee,Afternoon,Weekday,2017,05
8356,4201,Cookies,Afternoon,Weekday,2017,05
8357,4202,Vegan mincepie,Afternoon,Weekday,2017,05
8358,4202,Cookies,Afternoon,Weekday,2017,05
8359,4202,Sandwich,Afternoon,Weekday,2017,05
8360,4202,Toast,Afternoon,Weekday,2017,05
8361,4203,Bread,Afternoon,Weekday,2017,05
8362,4204,Sandwich,Afternoon,Weekday,2017,05
8363,4205,Bread,Afternoon,Weekday,2017,05
8364,4206,Bread,Afternoon,Weekday,2017,05
8365,4206,Cookies,Afternoon,Weekday,2017,05
8366,4206,Frittata,Afternoon,Weekday,2017,05
8367,4208,Sandwich,Afternoon,Weekday,2017,05
8368,4209,Coffee,Afternoon,Weekday,2017,05
8369,4210,Frittata,Afternoon,Weekday,2017,05
8370,4210,Tea,Afternoon,Weekday,2017,05
8371,4210,Truffles,Afternoon,Weekday,2017,05
8372,4211,Coffee,Afternoon,Weekday,2017,05
8373,4211,Truffles,Afternoon,Weekday,2017,05
8374,4211,Frittata,Afternoon,Weekday,2017,05
8375,4211,Pastry,Afternoon,Weekday,2017,05
8376,4211,Fudge,Afternoon,Weekday,2017,05
8377,4212,Juice,Afternoon,Weekday,2017,05
8378,4212,Sandwich,Afternoon,Weekday,2017,05
8379,4212,Sandwich,Afternoon,Weekday,2017,05
8380,4213,Pastry,Afternoon,Weekday,2017,05
8381,4214,Sandwich,Afternoon,Weekday,2017,05
8382,4214,Medialuna,Afternoon,Weekday,2017,05
8383,4215,Coffee,Afternoon,Weekday,2017,05
8384,4215,Juice,Afternoon,Weekday,2017,05
8385,4216,Bread,Afternoon,Weekday,2017,05
8386,4217,Bread,Afternoon,Weekday,2017,05
8387,4218,Brownie,Afternoon,Weekday,2017,05
8388,4219,Bread,Afternoon,Weekday,2017,05
8389,4220,Coffee,Afternoon,Weekday,2017,05
8390,4221,Eggs,Afternoon,Weekday,2017,05
8391,4222,Bread,Afternoon,Weekday,2017,05
8392,4223,Coffee,Afternoon,Weekday,2017,05
8393,4223,Bread,Afternoon,Weekday,2017,05
8394,4224,Truffles,Afternoon,Weekday,2017,05
8395,4224,Bread,Afternoon,Weekday,2017,05
8396,4225,Toast,Afternoon,Weekday,2017,05
8397,4225,Coffee,Afternoon,Weekday,2017,05
8398,4225,Juice,Afternoon,Weekday,2017,05
8399,4226,Coffee,Afternoon,Weekday,2017,05
8400,4226,Coffee,Afternoon,Weekday,2017,05
8401,4226,Bread,Afternoon,Weekday,2017,05
8402,4227,Bread,Evening,Weekday,2017,05
8403,4228,Coffee,Morning,Weekday,2017,06
8404,4229,Bread,Morning,Weekday,2017,06
8405,4230,Tea,Morning,Weekday,2017,06
8406,4230,Toast,Morning,Weekday,2017,06
8407,4231,Toast,Morning,Weekday,2017,06
8408,4231,Coffee,Morning,Weekday,2017,06
8409,4232,Bread,Morning,Weekday,2017,06
8410,4233,Tea,Morning,Weekday,2017,06
8411,4233,Coffee,Morning,Weekday,2017,06
8412,4233,Coffee,Morning,Weekday,2017,06
8413,4233,Toast,Morning,Weekday,2017,06
8414,4234,Coffee,Morning,Weekday,2017,06
8415,4234,Cookies,Morning,Weekday,2017,06
8416,4234,Toast,Morning,Weekday,2017,06
8417,4235,Bread,Morning,Weekday,2017,06
8418,4236,Coffee,Morning,Weekday,2017,06
8419,4236,Toast,Morning,Weekday,2017,06
8420,4237,Coffee,Morning,Weekday,2017,06
8421,4237,Coffee,Morning,Weekday,2017,06
8422,4237,Coffee,Morning,Weekday,2017,06
8423,4237,Cookies,Morning,Weekday,2017,06
8424,4237,Cookies,Morning,Weekday,2017,06
8425,4238,Coffee,Morning,Weekday,2017,06
8426,4238,Medialuna,Morning,Weekday,2017,06
8427,4239,Bread,Morning,Weekday,2017,06
8428,4239,Cookies,Morning,Weekday,2017,06
8429,4240,Coffee,Morning,Weekday,2017,06
8430,4240,Toast,Morning,Weekday,2017,06
8431,4241,Coffee,Morning,Weekday,2017,06
8432,4241,Muffin,Morning,Weekday,2017,06
8433,4242,Tea,Morning,Weekday,2017,06
8434,4242,Cookies,Morning,Weekday,2017,06
8435,4242,Cake,Morning,Weekday,2017,06
8436,4242,Medialuna,Morning,Weekday,2017,06
8437,4243,Medialuna,Morning,Weekday,2017,06
8438,4243,Bread,Morning,Weekday,2017,06
8439,4243,Coffee,Morning,Weekday,2017,06
8440,4243,Coffee,Morning,Weekday,2017,06
8441,4243,Scandinavian,Morning,Weekday,2017,06
8442,4244,Medialuna,Morning,Weekday,2017,06
8443,4244,Coffee,Morning,Weekday,2017,06
8444,4245,Medialuna,Afternoon,Weekday,2017,06
8445,4245,Coffee,Afternoon,Weekday,2017,06
8446,4245,Bread,Afternoon,Weekday,2017,06
8447,4245,Frittata,Afternoon,Weekday,2017,06
8448,4245,Muffin,Afternoon,Weekday,2017,06
8449,4246,Coffee,Afternoon,Weekday,2017,06
8450,4246,Medialuna,Afternoon,Weekday,2017,06
8451,4247,Coffee,Afternoon,Weekday,2017,06
8452,4248,Bread,Afternoon,Weekday,2017,06
8453,4249,Bread,Afternoon,Weekday,2017,06
8454,4250,Coke,Afternoon,Weekday,2017,06
8455,4251,Coffee,Afternoon,Weekday,2017,06
8456,4251,Bread,Afternoon,Weekday,2017,06
8457,4251,Bread,Afternoon,Weekday,2017,06
8458,4252,Coffee,Afternoon,Weekday,2017,06
8459,4253,Sandwich,Afternoon,Weekday,2017,06
8460,4254,Bread,Afternoon,Weekday,2017,06
8461,4256,Coffee,Afternoon,Weekday,2017,06
8462,4257,Coffee,Afternoon,Weekday,2017,06
8463,4257,Coffee,Afternoon,Weekday,2017,06
8464,4257,Sandwich,Afternoon,Weekday,2017,06
8465,4258,Coffee,Afternoon,Weekday,2017,06
8466,4258,Pastry,Afternoon,Weekday,2017,06
8467,4259,Bread,Afternoon,Weekday,2017,06
8468,4259,Cake,Afternoon,Weekday,2017,06
8469,4260,Bread,Afternoon,Weekday,2017,06
8470,4261,Bread,Afternoon,Weekday,2017,06
8471,4262,Sandwich,Afternoon,Weekday,2017,06
8472,4263,Afternoon with the baker,Afternoon,Weekday,2017,06
8473,4264,Juice,Afternoon,Weekday,2017,06
8474,4265,Coffee,Afternoon,Weekday,2017,06
8475,4266,Farm House,Afternoon,Weekday,2017,06
8476,4266,Scone,Afternoon,Weekday,2017,06
8477,4267,Coffee,Afternoon,Weekday,2017,06
8478,4268,Farm House,Afternoon,Weekday,2017,06
8479,4269,Coffee,Afternoon,Weekday,2017,06
8480,4269,Coffee,Afternoon,Weekday,2017,06
8481,4269,Bread,Afternoon,Weekday,2017,06
8482,4269,Pastry,Afternoon,Weekday,2017,06
8483,4270,Coffee,Afternoon,Weekday,2017,06
8484,4270,Frittata,Afternoon,Weekday,2017,06
8485,4270,Bread,Afternoon,Weekday,2017,06
8486,4270,Tea,Afternoon,Weekday,2017,06
8487,4271,Pastry,Morning,Weekend,2017,07
8488,4272,Bread,Morning,Weekend,2017,07
8489,4272,Medialuna,Morning,Weekend,2017,07
8490,4273,Coffee,Morning,Weekend,2017,07
8491,4273,Coffee,Morning,Weekend,2017,07
8492,4274,Bread,Morning,Weekend,2017,07
8493,4275,Coffee,Morning,Weekend,2017,07
8494,4275,Hot chocolate,Morning,Weekend,2017,07
8495,4276,Bread,Morning,Weekend,2017,07
8496,4276,Bread,Morning,Weekend,2017,07
8497,4277,Medialuna,Morning,Weekend,2017,07
8498,4277,Medialuna,Morning,Weekend,2017,07
8499,4278,Coffee,Morning,Weekend,2017,07
8500,4279,Bread,Morning,Weekend,2017,07
8501,4280,Pastry,Morning,Weekend,2017,07
8502,4280,Bread,Morning,Weekend,2017,07
8503,4281,Coffee,Morning,Weekend,2017,07
8504,4281,Medialuna,Morning,Weekend,2017,07
8505,4283,Tea,Morning,Weekend,2017,07
8506,4283,Cake,Morning,Weekend,2017,07
8507,4284,Coffee,Morning,Weekend,2017,07
8508,4284,Bread,Morning,Weekend,2017,07
8509,4285,Coffee,Morning,Weekend,2017,07
8510,4285,Medialuna,Morning,Weekend,2017,07
8511,4285,Bread,Morning,Weekend,2017,07
8512,4286,Coffee,Morning,Weekend,2017,07
8513,4287,Bread,Morning,Weekend,2017,07
8514,4288,Coffee,Morning,Weekend,2017,07
8515,4288,Scone,Morning,Weekend,2017,07
8516,4289,Pastry,Morning,Weekend,2017,07
8517,4290,Coffee,Morning,Weekend,2017,07
8518,4290,Pastry,Morning,Weekend,2017,07
8519,4291,Coffee,Morning,Weekend,2017,07
8520,4291,Coffee,Morning,Weekend,2017,07
8521,4291,Toast,Morning,Weekend,2017,07
8522,4291,Scone,Morning,Weekend,2017,07
8523,4292,Coffee,Morning,Weekend,2017,07
8524,4292,Coffee,Morning,Weekend,2017,07
8525,4293,Scandinavian,Morning,Weekend,2017,07
8526,4294,Coffee,Morning,Weekend,2017,07
8527,4295,Coffee,Morning,Weekend,2017,07
8528,4295,Coffee,Morning,Weekend,2017,07
8529,4295,Pastry,Morning,Weekend,2017,07
8530,4295,Bread,Morning,Weekend,2017,07
8531,4296,Bread,Morning,Weekend,2017,07
8532,4297,Coffee,Morning,Weekend,2017,07
8533,4297,Coffee,Morning,Weekend,2017,07
8534,4298,Sandwich,Morning,Weekend,2017,07
8535,4298,Bread,Morning,Weekend,2017,07
8536,4298,Hot chocolate,Morning,Weekend,2017,07
8537,4298,Bread,Morning,Weekend,2017,07
8538,4299,Coffee,Morning,Weekend,2017,07
8539,4299,Coffee,Morning,Weekend,2017,07
8540,4299,Pastry,Morning,Weekend,2017,07
8541,4300,Bread,Morning,Weekend,2017,07
8542,4302,Bread,Morning,Weekend,2017,07
8543,4302,Bread,Morning,Weekend,2017,07
8544,4303,Coffee,Morning,Weekend,2017,07
8545,4304,Scandinavian,Morning,Weekend,2017,07
8546,4305,Cake,Morning,Weekend,2017,07
8547,4306,Scandinavian,Morning,Weekend,2017,07
8548,4306,Bread,Morning,Weekend,2017,07
8549,4307,Coffee,Morning,Weekend,2017,07
8550,4307,Bread,Morning,Weekend,2017,07
8551,4308,Medialuna,Afternoon,Weekend,2017,07
8552,4308,Coffee,Afternoon,Weekend,2017,07
8553,4309,Frittata,Afternoon,Weekend,2017,07
8554,4309,Tea,Afternoon,Weekend,2017,07
8555,4310,Coffee,Afternoon,Weekend,2017,07
8556,4310,Coffee,Afternoon,Weekend,2017,07
8557,4310,Jammie Dodgers,Afternoon,Weekend,2017,07
8558,4310,Scone,Afternoon,Weekend,2017,07
8559,4311,Coffee,Afternoon,Weekend,2017,07
8560,4312,Bread,Afternoon,Weekend,2017,07
8561,4312,Jammie Dodgers,Afternoon,Weekend,2017,07
8562,4312,Tea,Afternoon,Weekend,2017,07
8563,4312,Coffee,Afternoon,Weekend,2017,07
8564,4313,Coffee,Afternoon,Weekend,2017,07
8565,4313,Coffee,Afternoon,Weekend,2017,07
8566,4314,Sandwich,Afternoon,Weekend,2017,07
8567,4314,Smoothies,Afternoon,Weekend,2017,07
8568,4314,Truffles,Afternoon,Weekend,2017,07
8569,4314,Mineral water,Afternoon,Weekend,2017,07
8570,4315,Bread,Afternoon,Weekend,2017,07
8571,4315,Coffee,Afternoon,Weekend,2017,07
8572,4316,Sandwich,Afternoon,Weekend,2017,07
8573,4316,Coffee,Afternoon,Weekend,2017,07
8574,4317,Hot chocolate,Afternoon,Weekend,2017,07
8575,4317,Tea,Afternoon,Weekend,2017,07
8576,4319,Sandwich,Afternoon,Weekend,2017,07
8577,4319,Coke,Afternoon,Weekend,2017,07
8578,4320,Farm House,Afternoon,Weekend,2017,07
8579,4321,Coffee,Afternoon,Weekend,2017,07
8580,4321,Jammie Dodgers,Afternoon,Weekend,2017,07
8581,4322,Afternoon with the baker,Afternoon,Weekend,2017,07
8582,4323,Bread,Afternoon,Weekend,2017,07
8583,4323,Scandinavian,Afternoon,Weekend,2017,07
8584,4324,Medialuna,Afternoon,Weekend,2017,07
8585,4324,Scone,Afternoon,Weekend,2017,07
8586,4324,Focaccia,Afternoon,Weekend,2017,07
8587,4325,Bread,Afternoon,Weekend,2017,07
8588,4326,Sandwich,Afternoon,Weekend,2017,07
8589,4326,Coffee,Afternoon,Weekend,2017,07
8590,4327,Medialuna,Afternoon,Weekend,2017,07
8591,4327,Bread,Afternoon,Weekend,2017,07
8592,4328,Bread,Afternoon,Weekend,2017,07
8593,4329,Bread,Afternoon,Weekend,2017,07
8594,4330,Sandwich,Afternoon,Weekend,2017,07
8595,4330,Sandwich,Afternoon,Weekend,2017,07
8596,4330,Truffles,Afternoon,Weekend,2017,07
8597,4331,Scandinavian,Afternoon,Weekend,2017,07
8598,4332,Muffin,Afternoon,Weekend,2017,07
8599,4333,Coffee,Afternoon,Weekend,2017,07
8600,4333,Coffee,Afternoon,Weekend,2017,07
8601,4333,Bread,Afternoon,Weekend,2017,07
8602,4333,Scone,Afternoon,Weekend,2017,07
8603,4334,Tea,Afternoon,Weekend,2017,07
8604,4334,Hot chocolate,Afternoon,Weekend,2017,07
8605,4334,Coffee,Afternoon,Weekend,2017,07
8606,4334,Scone,Afternoon,Weekend,2017,07
8607,4334,Sandwich,Afternoon,Weekend,2017,07
8608,4335,Coffee,Afternoon,Weekend,2017,07
8609,4335,Tea,Afternoon,Weekend,2017,07
8610,4336,Scandinavian,Afternoon,Weekend,2017,07
8611,4337,Tea,Afternoon,Weekend,2017,07
8612,4337,Coffee,Afternoon,Weekend,2017,07
8613,4337,Frittata,Afternoon,Weekend,2017,07
8614,4338,Coffee,Afternoon,Weekend,2017,07
8615,4338,Coffee,Afternoon,Weekend,2017,07
8616,4338,Frittata,Afternoon,Weekend,2017,07
8617,4338,Muffin,Afternoon,Weekend,2017,07
8618,4338,Scandinavian,Afternoon,Weekend,2017,07
8619,4339,Coffee,Afternoon,Weekend,2017,07
8620,4340,Tea,Afternoon,Weekend,2017,07
8621,4340,Bread,Afternoon,Weekend,2017,07
8622,4341,Sandwich,Afternoon,Weekend,2017,07
8623,4341,Coffee,Afternoon,Weekend,2017,07
8624,4341,Coffee,Afternoon,Weekend,2017,07
8625,4341,Muffin,Afternoon,Weekend,2017,07
8626,4341,Jammie Dodgers,Afternoon,Weekend,2017,07
8627,4341,Fudge,Afternoon,Weekend,2017,07
8628,4341,Bread,Afternoon,Weekend,2017,07
8629,4342,Coffee,Afternoon,Weekend,2017,07
8630,4342,Coffee,Afternoon,Weekend,2017,07
8631,4343,Focaccia,Afternoon,Weekend,2017,07
8632,4344,Bread,Afternoon,Weekend,2017,07
8633,4344,Truffles,Afternoon,Weekend,2017,07
8634,4344,Muffin,Afternoon,Weekend,2017,07
8635,4345,Coffee,Afternoon,Weekend,2017,07
8636,4346,Scone,Afternoon,Weekend,2017,07
8637,4346,Frittata,Afternoon,Weekend,2017,07
8638,4346,Tea,Afternoon,Weekend,2017,07
8639,4346,Bread,Afternoon,Weekend,2017,07
8640,4347,Tea,Afternoon,Weekend,2017,07
8641,4347,Truffles,Afternoon,Weekend,2017,07
8642,4347,Sandwich,Afternoon,Weekend,2017,07
8643,4348,Bread,Afternoon,Weekend,2017,07
8644,4348,Tea,Afternoon,Weekend,2017,07
8645,4349,Tea,Afternoon,Weekend,2017,07
8646,4349,Bread,Afternoon,Weekend,2017,07
8647,4350,Coffee,Afternoon,Weekend,2017,07
8648,4350,Hot chocolate,Afternoon,Weekend,2017,07
8649,4350,Bread,Afternoon,Weekend,2017,07
8650,4350,Cake,Afternoon,Weekend,2017,07
8651,4350,Sandwich,Afternoon,Weekend,2017,07
8652,4351,Coffee,Afternoon,Weekend,2017,07
8653,4352,Bread,Afternoon,Weekend,2017,07
8654,4352,Coffee,Afternoon,Weekend,2017,07
8655,4352,Coffee,Afternoon,Weekend,2017,07
8656,4353,Sandwich,Afternoon,Weekend,2017,07
8657,4354,Tea,Afternoon,Weekend,2017,07
8658,4354,Coffee,Afternoon,Weekend,2017,07
8659,4354,Tiffin,Afternoon,Weekend,2017,07
8660,4354,Scone,Afternoon,Weekend,2017,07
8661,4355,Scone,Afternoon,Weekend,2017,07
8662,4356,Scone,Afternoon,Weekend,2017,07
8663,4356,Farm House,Afternoon,Weekend,2017,07
8664,4357,Coffee,Afternoon,Weekend,2017,07
8665,4357,Coffee,Afternoon,Weekend,2017,07
8666,4357,Cake,Afternoon,Weekend,2017,07
8667,4358,Tea,Afternoon,Weekend,2017,07
8668,4358,Bread,Afternoon,Weekend,2017,07
8669,4359,Cake,Afternoon,Weekend,2017,07
8670,4360,Bread,Afternoon,Weekend,2017,07
8671,4360,Coffee,Afternoon,Weekend,2017,07
8672,4361,Truffles,Afternoon,Weekend,2017,07
8673,4361,Toast,Afternoon,Weekend,2017,07
8674,4361,Frittata,Afternoon,Weekend,2017,07
8675,4362,Bread,Morning,Weekend,2017,08
8676,4362,Pastry,Morning,Weekend,2017,08
8677,4363,Medialuna,Morning,Weekend,2017,08
8678,4363,Coffee,Morning,Weekend,2017,08
8679,4364,Medialuna,Morning,Weekend,2017,08
8680,4364,Pastry,Morning,Weekend,2017,08
8681,4365,Bread,Morning,Weekend,2017,08
8682,4366,Bread,Morning,Weekend,2017,08
8683,4366,Coffee,Morning,Weekend,2017,08
8684,4366,Medialuna,Morning,Weekend,2017,08
8685,4367,Bread,Morning,Weekend,2017,08
8686,4368,Coffee,Morning,Weekend,2017,08
8687,4368,Tiffin,Morning,Weekend,2017,08
8688,4369,Bread,Morning,Weekend,2017,08
8689,4370,Bread,Morning,Weekend,2017,08
8690,4371,Bread,Morning,Weekend,2017,08
8691,4371,Coffee,Morning,Weekend,2017,08
8692,4371,Medialuna,Morning,Weekend,2017,08
8693,4372,Tea,Afternoon,Weekend,2017,08
8694,4372,Muesli,Afternoon,Weekend,2017,08
8695,4372,Bread,Afternoon,Weekend,2017,08
8696,4373,Scandinavian,Afternoon,Weekend,2017,08
8697,4374,Coffee,Afternoon,Weekend,2017,08
8698,4374,Hot chocolate,Afternoon,Weekend,2017,08
8699,4374,Tiffin,Afternoon,Weekend,2017,08
8700,4374,Bread,Afternoon,Weekend,2017,08
8701,4375,Coffee,Afternoon,Weekend,2017,08
8702,4376,Tea,Afternoon,Weekend,2017,08
8703,4376,Smoothies,Afternoon,Weekend,2017,08
8704,4376,Sandwich,Afternoon,Weekend,2017,08
8705,4377,Tiffin,Afternoon,Weekend,2017,08
8706,4377,Bread,Afternoon,Weekend,2017,08
8707,4377,Smoothies,Afternoon,Weekend,2017,08
8708,4377,Coffee,Afternoon,Weekend,2017,08
8709,4377,Jammie Dodgers,Afternoon,Weekend,2017,08
8710,4377,Sandwich,Afternoon,Weekend,2017,08
8711,4378,Coffee,Afternoon,Weekend,2017,08
8712,4378,Bread,Afternoon,Weekend,2017,08
8713,4379,Coffee,Afternoon,Weekend,2017,08
8714,4379,Coffee,Afternoon,Weekend,2017,08
8715,4379,Sandwich,Afternoon,Weekend,2017,08
8716,4379,Sandwich,Afternoon,Weekend,2017,08
8717,4380,Bread,Afternoon,Weekend,2017,08
8718,4381,Bread,Afternoon,Weekend,2017,08
8719,4382,Coffee,Afternoon,Weekend,2017,08
8720,4383,Bread,Afternoon,Weekend,2017,08
8721,4384,Coffee,Afternoon,Weekend,2017,08
8722,4385,Vegan mincepie,Afternoon,Weekend,2017,08
8723,4385,Jammie Dodgers,Afternoon,Weekend,2017,08
8724,4385,Cake,Afternoon,Weekend,2017,08
8725,4385,Tiffin,Afternoon,Weekend,2017,08
8726,4386,Farm House,Afternoon,Weekend,2017,08
8727,4387,The Nomad,Afternoon,Weekend,2017,08
8728,4387,Tea,Afternoon,Weekend,2017,08
8729,4388,Bread,Afternoon,Weekend,2017,08
8730,4389,Coffee,Afternoon,Weekend,2017,08
8731,4389,Coffee,Afternoon,Weekend,2017,08
8732,4389,Hot chocolate,Afternoon,Weekend,2017,08
8733,4389,Hot chocolate,Afternoon,Weekend,2017,08
8734,4389,Cookies,Afternoon,Weekend,2017,08
8735,4389,Sandwich,Afternoon,Weekend,2017,08
8736,4390,Coffee,Afternoon,Weekend,2017,08
8737,4391,Coffee,Afternoon,Weekend,2017,08
8738,4391,Cake,Afternoon,Weekend,2017,08
8739,4392,Coffee,Afternoon,Weekend,2017,08
8740,4392,Truffles,Afternoon,Weekend,2017,08
8741,4392,The Nomad,Afternoon,Weekend,2017,08
8742,4392,Muffin,Afternoon,Weekend,2017,08
8743,4393,The Nomad,Afternoon,Weekend,2017,08
8744,4393,Frittata,Afternoon,Weekend,2017,08
8745,4393,Sandwich,Afternoon,Weekend,2017,08
8746,4393,Coffee,Afternoon,Weekend,2017,08
8747,4393,Coffee,Afternoon,Weekend,2017,08
8748,4393,Bread,Afternoon,Weekend,2017,08
8749,4394,Coffee,Afternoon,Weekend,2017,08
8750,4394,Coffee,Afternoon,Weekend,2017,08
8751,4395,Coffee,Afternoon,Weekend,2017,08
8752,4395,Coffee,Afternoon,Weekend,2017,08
8753,4396,Bread,Afternoon,Weekend,2017,08
8754,4396,Sandwich,Afternoon,Weekend,2017,08
8755,4397,Coffee,Afternoon,Weekend,2017,08
8756,4397,Coffee,Afternoon,Weekend,2017,08
8757,4398,Coffee,Afternoon,Weekend,2017,08
8758,4398,Bread,Afternoon,Weekend,2017,08
8759,4398,Cake,Afternoon,Weekend,2017,08
8760,4398,Tiffin,Afternoon,Weekend,2017,08
8761,4399,Tiffin,Afternoon,Weekend,2017,08
8762,4399,Muffin,Afternoon,Weekend,2017,08
8763,4399,The Nomad,Afternoon,Weekend,2017,08
8764,4399,Truffles,Afternoon,Weekend,2017,08
8765,4399,Bread,Afternoon,Weekend,2017,08
8766,4400,Tea,Afternoon,Weekend,2017,08
8767,4401,Juice,Afternoon,Weekend,2017,08
8768,4402,Bread,Afternoon,Weekend,2017,08
8769,4402,Vegan mincepie,Afternoon,Weekend,2017,08
8770,4403,Bread,Afternoon,Weekend,2017,08
8771,4403,Coffee,Afternoon,Weekend,2017,08
8772,4403,Medialuna,Afternoon,Weekend,2017,08
8773,4403,Hearty & Seasonal,Afternoon,Weekend,2017,08
8774,4403,Bread,Afternoon,Weekend,2017,08
8775,4404,Tea,Afternoon,Weekend,2017,08
8776,4404,Hot chocolate,Afternoon,Weekend,2017,08
8777,4405,Afternoon with the baker,Afternoon,Weekend,2017,08
8778,4406,Bread,Morning,Weekday,2017,09
8779,4407,Coffee,Morning,Weekday,2017,09
8780,4408,Bread,Morning,Weekday,2017,09
8781,4409,Bread,Morning,Weekday,2017,09
8782,4410,Tea,Morning,Weekday,2017,09
8783,4411,Juice,Morning,Weekday,2017,09
8784,4411,Pastry,Morning,Weekday,2017,09
8785,4412,Coffee,Morning,Weekday,2017,09
8786,4413,Coffee,Morning,Weekday,2017,09
8787,4414,Bread,Morning,Weekday,2017,09
8788,4415,Coffee,Morning,Weekday,2017,09
8789,4415,Toast,Morning,Weekday,2017,09
8790,4415,Cookies,Morning,Weekday,2017,09
8791,4415,Coffee,Morning,Weekday,2017,09
8792,4416,Bread,Morning,Weekday,2017,09
8793,4417,Coffee,Morning,Weekday,2017,09
8794,4417,Coffee,Morning,Weekday,2017,09
8795,4417,Pastry,Morning,Weekday,2017,09
8796,4417,Medialuna,Morning,Weekday,2017,09
8797,4418,Coffee,Morning,Weekday,2017,09
8798,4418,Coffee,Morning,Weekday,2017,09
8799,4418,Muffin,Morning,Weekday,2017,09
8800,4419,Coffee,Morning,Weekday,2017,09
8801,4420,Bread,Morning,Weekday,2017,09
8802,4420,Scone,Morning,Weekday,2017,09
8803,4421,Muffin,Morning,Weekday,2017,09
8804,4421,Coffee,Morning,Weekday,2017,09
8805,4421,Coffee,Morning,Weekday,2017,09
8806,4422,Bread,Morning,Weekday,2017,09
8807,4423,Coffee,Morning,Weekday,2017,09
8808,4423,Tea,Morning,Weekday,2017,09
8809,4424,Juice,Morning,Weekday,2017,09
8810,4424,Pastry,Morning,Weekday,2017,09
8811,4424,Medialuna,Morning,Weekday,2017,09
8812,4425,Pastry,Morning,Weekday,2017,09
8813,4425,Coffee,Morning,Weekday,2017,09
8814,4426,Coffee,Morning,Weekday,2017,09
8815,4426,Coffee,Morning,Weekday,2017,09
8816,4426,Cookies,Morning,Weekday,2017,09
8817,4426,Scone,Morning,Weekday,2017,09
8818,4427,Tea,Morning,Weekday,2017,09
8819,4427,Coffee,Morning,Weekday,2017,09
8820,4428,Coffee,Morning,Weekday,2017,09
8821,4429,Farm House,Morning,Weekday,2017,09
8822,4429,Farm House,Morning,Weekday,2017,09
8823,4430,Medialuna,Afternoon,Weekday,2017,09
8824,4430,Coke,Afternoon,Weekday,2017,09
8825,4430,Juice,Afternoon,Weekday,2017,09
8826,4431,Coffee,Afternoon,Weekday,2017,09
8827,4432,Coffee,Afternoon,Weekday,2017,09
8828,4433,Coffee,Afternoon,Weekday,2017,09
8829,4433,Tea,Afternoon,Weekday,2017,09
8830,4433,Cake,Afternoon,Weekday,2017,09
8831,4434,Coffee,Afternoon,Weekday,2017,09
8832,4435,Sandwich,Afternoon,Weekday,2017,09
8833,4435,Coffee,Afternoon,Weekday,2017,09
8834,4435,Scone,Afternoon,Weekday,2017,09
8835,4436,Tea,Afternoon,Weekday,2017,09
8836,4436,Toast,Afternoon,Weekday,2017,09
8837,4437,Coffee,Afternoon,Weekday,2017,09
8838,4438,Bread,Afternoon,Weekday,2017,09
8839,4439,Farm House,Afternoon,Weekday,2017,09
8840,4440,Tea,Afternoon,Weekday,2017,09
8841,4440,Jammie Dodgers,Afternoon,Weekday,2017,09
8842,4440,Scone,Afternoon,Weekday,2017,09
8843,4441,Coffee,Afternoon,Weekday,2017,09
8844,4441,Scone,Afternoon,Weekday,2017,09
8845,4442,The Nomad,Afternoon,Weekday,2017,09
8846,4442,Cake,Afternoon,Weekday,2017,09
8847,4443,Coffee,Afternoon,Weekday,2017,09
8848,4443,Coffee,Afternoon,Weekday,2017,09
8849,4443,Medialuna,Afternoon,Weekday,2017,09
8850,4443,Cake,Afternoon,Weekday,2017,09
8851,4444,Jammie Dodgers,Afternoon,Weekday,2017,09
8852,4444,Farm House,Afternoon,Weekday,2017,09
8853,4445,Coffee,Afternoon,Weekday,2017,09
8854,4445,Bread,Afternoon,Weekday,2017,09
8855,4445,Tea,Afternoon,Weekday,2017,09
8856,4446,Bread,Afternoon,Weekday,2017,09
8857,4446,Tea,Afternoon,Weekday,2017,09
8858,4447,Tea,Afternoon,Weekday,2017,09
8859,4447,Cookies,Afternoon,Weekday,2017,09
8860,4448,Bread,Morning,Weekday,2017,10
8861,4449,Coffee,Morning,Weekday,2017,10
8862,4450,Bread,Morning,Weekday,2017,10
8863,4451,Farm House,Morning,Weekday,2017,10
8864,4451,Coffee,Morning,Weekday,2017,10
8865,4452,Farm House,Morning,Weekday,2017,10
8866,4453,Tea,Morning,Weekday,2017,10
8867,4453,Cookies,Morning,Weekday,2017,10
8868,4454,Coffee,Morning,Weekday,2017,10
8869,4455,Bread,Morning,Weekday,2017,10
8870,4456,Hot chocolate,Morning,Weekday,2017,10
8871,4456,Pastry,Morning,Weekday,2017,10
8872,4456,Bread,Morning,Weekday,2017,10
8873,4457,Coffee,Morning,Weekday,2017,10
8874,4457,Cake,Morning,Weekday,2017,10
8875,4458,Tea,Morning,Weekday,2017,10
8876,4459,Bread,Morning,Weekday,2017,10
8877,4460,Bread,Morning,Weekday,2017,10
8878,4461,Coffee,Morning,Weekday,2017,10
8879,4461,Scone,Morning,Weekday,2017,10
8880,4462,Scone,Morning,Weekday,2017,10
8881,4462,Coffee,Morning,Weekday,2017,10
8882,4463,Coffee,Morning,Weekday,2017,10
8883,4464,Farm House,Afternoon,Weekday,2017,10
8884,4464,Scandinavian,Afternoon,Weekday,2017,10
8885,4464,Coffee,Afternoon,Weekday,2017,10
8886,4464,Toast,Afternoon,Weekday,2017,10
8887,4464,Cake,Afternoon,Weekday,2017,10
8888,4465,Coffee,Afternoon,Weekday,2017,10
8889,4465,Bread,Afternoon,Weekday,2017,10
8890,4468,Coffee,Afternoon,Weekday,2017,10
8891,4468,Farm House,Afternoon,Weekday,2017,10
8892,4471,Sandwich,Afternoon,Weekday,2017,10
8893,4471,Tea,Afternoon,Weekday,2017,10
8894,4472,Muffin,Afternoon,Weekday,2017,10
8895,4475,Sandwich,Afternoon,Weekday,2017,10
8896,4475,Coffee,Afternoon,Weekday,2017,10
8897,4475,Scone,Afternoon,Weekday,2017,10
8898,4476,Farm House,Afternoon,Weekday,2017,10
8899,4477,Sandwich,Afternoon,Weekday,2017,10
8900,4478,Coffee,Afternoon,Weekday,2017,10
8901,4478,Bread,Afternoon,Weekday,2017,10
8902,4479,Tea,Afternoon,Weekday,2017,10
8903,4479,Tea,Afternoon,Weekday,2017,10
8904,4480,Sandwich,Afternoon,Weekday,2017,10
8905,4482,Coke,Afternoon,Weekday,2017,10
8906,4483,Jammie Dodgers,Afternoon,Weekday,2017,10
8907,4484,Scone,Afternoon,Weekday,2017,10
8908,4484,Muffin,Afternoon,Weekday,2017,10
8909,4484,Pastry,Afternoon,Weekday,2017,10
8910,4484,Frittata,Afternoon,Weekday,2017,10
8911,4485,Cake,Afternoon,Weekday,2017,10
8912,4486,Pastry,Afternoon,Weekday,2017,10
8913,4486,Coffee,Afternoon,Weekday,2017,10
8914,4487,Cake,Afternoon,Weekday,2017,10
8915,4487,Cake,Afternoon,Weekday,2017,10
8916,4489,Hearty & Seasonal,Afternoon,Weekday,2017,10
8917,4489,Coffee,Afternoon,Weekday,2017,10
8918,4489,Tea,Afternoon,Weekday,2017,10
8919,4490,Fudge,Afternoon,Weekday,2017,10
8920,4490,Bread,Afternoon,Weekday,2017,10
8921,4491,Coffee,Afternoon,Weekday,2017,10
8922,4492,Bread,Afternoon,Weekday,2017,10
8923,4493,Coffee,Afternoon,Weekday,2017,10
8924,4493,Cake,Afternoon,Weekday,2017,10
8925,4494,Coffee,Afternoon,Weekday,2017,10
8926,4495,Coffee,Afternoon,Weekday,2017,10
8927,4496,Tea,Afternoon,Weekday,2017,10
8928,4497,Bread,Afternoon,Weekday,2017,10
8929,4498,Bread,Afternoon,Weekday,2017,10
8930,4499,Bread,Afternoon,Weekday,2017,10
8931,4500,Toast,Morning,Weekday,2017,11
8932,4500,Coffee,Morning,Weekday,2017,11
8933,4500,Coffee,Morning,Weekday,2017,11
8934,4500,Muffin,Morning,Weekday,2017,11
8935,4501,Medialuna,Morning,Weekday,2017,11
8936,4501,Medialuna,Morning,Weekday,2017,11
8937,4501,Hot chocolate,Morning,Weekday,2017,11
8938,4501,Coffee,Morning,Weekday,2017,11
8939,4502,Bread,Morning,Weekday,2017,11
8940,4503,Bread,Morning,Weekday,2017,11
8941,4503,Pastry,Morning,Weekday,2017,11
8942,4504,Bread,Morning,Weekday,2017,11
8943,4505,Coffee,Morning,Weekday,2017,11
8944,4506,Tea,Morning,Weekday,2017,11
8945,4506,Sandwich,Morning,Weekday,2017,11
8946,4507,Coffee,Morning,Weekday,2017,11
8947,4508,Medialuna,Morning,Weekday,2017,11
8948,4508,Coffee,Morning,Weekday,2017,11
8949,4508,Farm House,Morning,Weekday,2017,11
8950,4509,Coffee,Morning,Weekday,2017,11
8951,4509,Muffin,Morning,Weekday,2017,11
8952,4510,Hot chocolate,Morning,Weekday,2017,11
8953,4510,Coffee,Morning,Weekday,2017,11
8954,4511,Coffee,Morning,Weekday,2017,11
8955,4512,Tea,Morning,Weekday,2017,11
8956,4512,Toast,Morning,Weekday,2017,11
8957,4512,Tiffin,Morning,Weekday,2017,11
8958,4512,Muffin,Morning,Weekday,2017,11
8959,4513,Cookies,Morning,Weekday,2017,11
8960,4513,Bread,Morning,Weekday,2017,11
8961,4513,Farm House,Morning,Weekday,2017,11
8962,4514,Bread,Morning,Weekday,2017,11
8963,4515,Granola,Morning,Weekday,2017,11
8964,4516,Scone,Morning,Weekday,2017,11
8965,4516,Coffee,Morning,Weekday,2017,11
8966,4516,Coffee,Morning,Weekday,2017,11
8967,4517,Bread,Morning,Weekday,2017,11
8968,4518,Coffee,Morning,Weekday,2017,11
8969,4518,Medialuna,Morning,Weekday,2017,11
8970,4519,Coffee,Morning,Weekday,2017,11
8971,4519,Coffee,Morning,Weekday,2017,11
8972,4519,Pastry,Morning,Weekday,2017,11
8973,4519,Muffin,Morning,Weekday,2017,11
8974,4520,Hot chocolate,Morning,Weekday,2017,11
8975,4520,Coffee,Morning,Weekday,2017,11
8976,4521,Bread,Morning,Weekday,2017,11
8977,4522,Bread,Morning,Weekday,2017,11
8978,4524,Bread,Morning,Weekday,2017,11
8979,4524,Coffee,Morning,Weekday,2017,11
8980,4525,Bread,Morning,Weekday,2017,11
8981,4527,Coffee,Afternoon,Weekday,2017,11
8982,4527,Hearty & Seasonal,Afternoon,Weekday,2017,11
8983,4528,Bread,Afternoon,Weekday,2017,11
8984,4529,Coffee,Afternoon,Weekday,2017,11
8985,4529,Coffee,Afternoon,Weekday,2017,11
8986,4529,Art Tray,Afternoon,Weekday,2017,11
8987,4529,Sandwich,Afternoon,Weekday,2017,11
8988,4529,Bread,Afternoon,Weekday,2017,11
8989,4530,Bread,Afternoon,Weekday,2017,11
8990,4530,Cake,Afternoon,Weekday,2017,11
8991,4531,Muffin,Afternoon,Weekday,2017,11
8992,4531,Alfajores,Afternoon,Weekday,2017,11
8993,4531,Tiffin,Afternoon,Weekday,2017,11
8994,4531,Tea,Afternoon,Weekday,2017,11
8995,4532,Coffee,Afternoon,Weekday,2017,11
8996,4533,Scandinavian,Afternoon,Weekday,2017,11
8997,4534,Afternoon with the baker,Afternoon,Weekday,2017,11
8998,4534,Cake,Afternoon,Weekday,2017,11
8999,4535,Bread,Afternoon,Weekday,2017,11
9000,4536,Bread,Afternoon,Weekday,2017,11
9001,4536,Cake,Afternoon,Weekday,2017,11
9002,4536,Coffee,Afternoon,Weekday,2017,11
9003,4536,Tea,Afternoon,Weekday,2017,11
9004,4536,Scandinavian,Afternoon,Weekday,2017,11
9005,4537,Scandinavian,Afternoon,Weekday,2017,11
9006,4539,Coffee,Afternoon,Weekday,2017,11
9007,4539,Coffee,Afternoon,Weekday,2017,11
9008,4540,Bread,Afternoon,Weekday,2017,11
9009,4540,Sandwich,Afternoon,Weekday,2017,11
9010,4541,Afternoon with the baker,Afternoon,Weekday,2017,11
9011,4542,Cake,Afternoon,Weekday,2017,11
9012,4543,Tea,Afternoon,Weekday,2017,11
9013,4545,Coffee,Afternoon,Weekday,2017,11
9014,4545,Cake,Afternoon,Weekday,2017,11
9015,4546,Coffee,Afternoon,Weekday,2017,11
9016,4547,Coffee,Afternoon,Weekday,2017,11
9017,4547,Bread,Afternoon,Weekday,2017,11
9018,4547,Cake,Afternoon,Weekday,2017,11
9019,4548,Scone,Afternoon,Weekday,2017,11
9020,4548,Coffee,Afternoon,Weekday,2017,11
9021,4549,Hot chocolate,Afternoon,Weekday,2017,11
9022,4549,Hot chocolate,Afternoon,Weekday,2017,11
9023,4550,Tea,Afternoon,Weekday,2017,11
9024,4550,Cookies,Afternoon,Weekday,2017,11
9025,4550,Cake,Afternoon,Weekday,2017,11
9026,4551,Coffee,Morning,Weekday,2017,12
9027,4552,Pastry,Morning,Weekday,2017,12
9028,4552,Pastry,Morning,Weekday,2017,12
9029,4552,Tea,Morning,Weekday,2017,12
9030,4552,Bread,Morning,Weekday,2017,12
9031,4553,Coffee,Morning,Weekday,2017,12
9032,4553,Toast,Morning,Weekday,2017,12
9033,4554,Bread,Morning,Weekday,2017,12
9034,4554,Coffee,Morning,Weekday,2017,12
9035,4555,Coffee,Morning,Weekday,2017,12
9036,4556,Farm House,Morning,Weekday,2017,12
9037,4557,Tea,Morning,Weekday,2017,12
9038,4557,Coffee,Morning,Weekday,2017,12
9039,4558,Cookies,Morning,Weekday,2017,12
9040,4559,Coffee,Morning,Weekday,2017,12
9041,4560,Bread,Morning,Weekday,2017,12
9042,4561,Jammie Dodgers,Morning,Weekday,2017,12
9043,4561,Juice,Morning,Weekday,2017,12
9044,4562,Bread,Morning,Weekday,2017,12
9045,4563,Cake,Morning,Weekday,2017,12
9046,4563,Coffee,Morning,Weekday,2017,12
9047,4563,Tea,Morning,Weekday,2017,12
9048,4564,Hot chocolate,Morning,Weekday,2017,12
9049,4565,Coffee,Morning,Weekday,2017,12
9050,4565,Alfajores,Morning,Weekday,2017,12
9051,4565,Alfajores,Morning,Weekday,2017,12
9052,4565,Bread,Morning,Weekday,2017,12
9053,4566,Tiffin,Morning,Weekday,2017,12
9054,4566,Cookies,Morning,Weekday,2017,12
9055,4566,Coffee,Morning,Weekday,2017,12
9056,4567,Jammie Dodgers,Morning,Weekday,2017,12
9057,4568,Coffee,Morning,Weekday,2017,12
9058,4568,Tea,Morning,Weekday,2017,12
9059,4568,Cake,Morning,Weekday,2017,12
9060,4568,Toast,Morning,Weekday,2017,12
9061,4569,Coffee,Morning,Weekday,2017,12
9062,4569,Coffee,Morning,Weekday,2017,12
9063,4570,Coffee,Morning,Weekday,2017,12
9064,4570,Vegan mincepie,Morning,Weekday,2017,12
9065,4571,Bread,Morning,Weekday,2017,12
9066,4571,Tea,Morning,Weekday,2017,12
9067,4572,Toast,Morning,Weekday,2017,12
9068,4572,Coffee,Morning,Weekday,2017,12
9069,4572,Coffee,Morning,Weekday,2017,12
9070,4573,Tea,Morning,Weekday,2017,12
9071,4574,Coffee,Morning,Weekday,2017,12
9072,4575,Cake,Morning,Weekday,2017,12
9073,4576,Coffee,Morning,Weekday,2017,12
9074,4577,Bread,Morning,Weekday,2017,12
9075,4578,Toast,Morning,Weekday,2017,12
9076,4578,Coffee,Morning,Weekday,2017,12
9077,4579,Cookies,Morning,Weekday,2017,12
9078,4581,Tea,Afternoon,Weekday,2017,12
9079,4581,Toast,Afternoon,Weekday,2017,12
9080,4582,Farm House,Afternoon,Weekday,2017,12
9081,4583,Coke,Afternoon,Weekday,2017,12
9082,4584,Coke,Afternoon,Weekday,2017,12
9083,4585,Bread,Afternoon,Weekday,2017,12
9084,4586,Toast,Afternoon,Weekday,2017,12
9085,4587,Bread,Afternoon,Weekday,2017,12
9086,4587,Tiffin,Afternoon,Weekday,2017,12
9087,4587,Coffee,Afternoon,Weekday,2017,12
9088,4588,Coffee,Afternoon,Weekday,2017,12
9089,4588,Jammie Dodgers,Afternoon,Weekday,2017,12
9090,4588,Frittata,Afternoon,Weekday,2017,12
9091,4589,Frittata,Afternoon,Weekday,2017,12
9092,4589,Coffee,Afternoon,Weekday,2017,12
9093,4589,Coffee,Afternoon,Weekday,2017,12
9094,4590,Tea,Afternoon,Weekday,2017,12
9095,4590,Bread,Afternoon,Weekday,2017,12
9096,4591,Coffee,Afternoon,Weekday,2017,12
9097,4592,Bread,Afternoon,Weekday,2017,12
9098,4593,Tea,Morning,Weekday,2017,01
9099,4594,Scandinavian,Morning,Weekday,2017,01
9100,4595,Farm House,Morning,Weekday,2017,01
9101,4595,Hot chocolate,Morning,Weekday,2017,01
9102,4595,Coffee,Morning,Weekday,2017,01
9103,4596,Pastry,Morning,Weekday,2017,01
9104,4596,Scandinavian,Morning,Weekday,2017,01
9105,4597,Coffee,Morning,Weekday,2017,01
9106,4597,Coffee,Morning,Weekday,2017,01
9107,4597,Toast,Morning,Weekday,2017,01
9108,4597,Coffee,Morning,Weekday,2017,01
9109,4598,Bread,Morning,Weekday,2017,01
9110,4599,Coffee,Morning,Weekday,2017,01
9111,4599,Coffee,Morning,Weekday,2017,01
9112,4599,Coffee,Morning,Weekday,2017,01
9113,4599,Cake,Morning,Weekday,2017,01
9114,4599,Cookies,Morning,Weekday,2017,01
9115,4600,Bread,Morning,Weekday,2017,01
9116,4600,Toast,Morning,Weekday,2017,01
9117,4601,Coffee,Morning,Weekday,2017,01
9118,4601,Sandwich,Morning,Weekday,2017,01
9119,4601,Bread,Morning,Weekday,2017,01
9120,4602,Coffee,Morning,Weekday,2017,01
9121,4603,Bread,Morning,Weekday,2017,01
9122,4603,Scandinavian,Morning,Weekday,2017,01
9123,4604,Coffee,Morning,Weekday,2017,01
9124,4604,Medialuna,Morning,Weekday,2017,01
9125,4604,Alfajores,Morning,Weekday,2017,01
9126,4605,Coffee,Morning,Weekday,2017,01
9127,4606,Pastry,Morning,Weekday,2017,01
9128,4606,Coffee,Morning,Weekday,2017,01
9129,4607,Coffee,Afternoon,Weekday,2017,01
9130,4607,Coffee,Afternoon,Weekday,2017,01
9131,4607,Juice,Afternoon,Weekday,2017,01
9132,4608,Coffee,Afternoon,Weekday,2017,01
9133,4609,Coffee,Afternoon,Weekday,2017,01
9134,4609,Bread,Afternoon,Weekday,2017,01
9135,4609,Salad,Afternoon,Weekday,2017,01
9136,4609,Pastry,Afternoon,Weekday,2017,01
9137,4610,Coffee,Afternoon,Weekday,2017,01
9138,4611,Bread,Afternoon,Weekday,2017,01
9139,4612,Bread,Afternoon,Weekday,2017,01
9140,4613,Hot chocolate,Afternoon,Weekday,2017,01
9141,4614,Coffee,Afternoon,Weekday,2017,01
9142,4614,Toast,Afternoon,Weekday,2017,01
9143,4615,Sandwich,Afternoon,Weekday,2017,01
9144,4616,Truffles,Afternoon,Weekday,2017,01
9145,4617,Medialuna,Afternoon,Weekday,2017,01
9146,4617,Cake,Afternoon,Weekday,2017,01
9147,4617,Toast,Afternoon,Weekday,2017,01
9148,4617,Coffee,Afternoon,Weekday,2017,01
9149,4617,Coffee,Afternoon,Weekday,2017,01
9150,4618,Coffee,Afternoon,Weekday,2017,01
9151,4619,Coffee,Afternoon,Weekday,2017,01
9152,4619,Cake,Afternoon,Weekday,2017,01
9153,4619,Vegan mincepie,Afternoon,Weekday,2017,01
9154,4620,Bread,Afternoon,Weekday,2017,01
9155,4622,Farm House,Afternoon,Weekday,2017,01
9156,4623,Coffee,Afternoon,Weekday,2017,01
9157,4624,Scone,Afternoon,Weekday,2017,01
9158,4624,Tea,Afternoon,Weekday,2017,01
9159,4624,Sandwich,Afternoon,Weekday,2017,01
9160,4625,Bread,Afternoon,Weekday,2017,01
9161,4625,Coffee,Afternoon,Weekday,2017,01
9162,4626,Coffee,Afternoon,Weekday,2017,01
9163,4626,Jammie Dodgers,Afternoon,Weekday,2017,01
9164,4627,Tea,Afternoon,Weekday,2017,01
9165,4627,Coffee,Afternoon,Weekday,2017,01
9166,4627,Toast,Afternoon,Weekday,2017,01
9167,4628,Tea,Afternoon,Weekday,2017,01
9168,4628,Coffee,Afternoon,Weekday,2017,01
9169,4628,Bread,Afternoon,Weekday,2017,01
9170,4628,Salad,Afternoon,Weekday,2017,01
9171,4628,Tiffin,Afternoon,Weekday,2017,01
9172,4629,Cake,Afternoon,Weekday,2017,01
9173,4629,Pastry,Afternoon,Weekday,2017,01
9174,4629,Pastry,Afternoon,Weekday,2017,01
9175,4629,Alfajores,Afternoon,Weekday,2017,01
9176,4629,Alfajores,Afternoon,Weekday,2017,01
9177,4629,Coffee,Afternoon,Weekday,2017,01
9178,4629,Bread,Afternoon,Weekday,2017,01
9179,4630,Coffee,Afternoon,Weekday,2017,01
9180,4630,Scone,Afternoon,Weekday,2017,01
9181,4631,Tea,Afternoon,Weekday,2017,01
9182,4632,Brownie,Afternoon,Weekday,2017,01
9183,4632,Pastry,Afternoon,Weekday,2017,01
9184,4632,Coffee,Afternoon,Weekday,2017,01
9185,4634,Bread,Afternoon,Weekday,2017,01
9186,4635,Tea,Afternoon,Weekday,2017,01
9187,4636,Scone,Afternoon,Weekday,2017,01
9188,4637,Bread,Afternoon,Weekday,2017,01
9189,4638,Tea,Afternoon,Weekday,2017,01
9190,4638,Scone,Afternoon,Weekday,2017,01
9191,4639,Coffee,Afternoon,Weekday,2017,01
9192,4639,Tea,Afternoon,Weekday,2017,01
9193,4639,Scone,Afternoon,Weekday,2017,01
9194,4639,Cake,Afternoon,Weekday,2017,01
9195,4640,Coffee,Afternoon,Weekday,2017,01
9196,4640,Truffles,Afternoon,Weekday,2017,01
9197,4640,Cake,Afternoon,Weekday,2017,01
9198,4640,Vegan mincepie,Afternoon,Weekday,2017,01
9199,4641,Bread,Afternoon,Weekday,2017,01
9200,4642,Hot chocolate,Afternoon,Weekday,2017,01
9201,4642,Medialuna,Afternoon,Weekday,2017,01
9202,4643,Tea,Evening,Weekday,2017,01
9203,4643,Hot chocolate,Evening,Weekday,2017,01
9204,4643,Cookies,Evening,Weekday,2017,01
9205,4643,Jammie Dodgers,Evening,Weekday,2017,01
9206,4643,Bread,Evening,Weekday,2017,01
9207,4644,Bread,Morning,Weekend,2017,01
9208,4645,Coffee,Morning,Weekend,2017,01
9209,4645,Coffee,Morning,Weekend,2017,01
9210,4645,Toast,Morning,Weekend,2017,01
9211,4646,Coffee,Morning,Weekend,2017,01
9212,4647,Scandinavian,Morning,Weekend,2017,01
9213,4647,Bread,Morning,Weekend,2017,01
9214,4649,Tea,Morning,Weekend,2017,01
9215,4649,Cookies,Morning,Weekend,2017,01
9216,4649,Tiffin,Morning,Weekend,2017,01
9217,4649,Brownie,Morning,Weekend,2017,01
9218,4649,Coffee,Morning,Weekend,2017,01
9219,4650,Tiffin,Morning,Weekend,2017,01
9220,4651,Coffee,Morning,Weekend,2017,01
9221,4652,Coffee,Morning,Weekend,2017,01
9222,4652,Toast,Morning,Weekend,2017,01
9223,4652,Tiffin,Morning,Weekend,2017,01
9224,4652,Farm House,Morning,Weekend,2017,01
9225,4653,Hot chocolate,Morning,Weekend,2017,01
9226,4653,Bread,Morning,Weekend,2017,01
9227,4653,Medialuna,Morning,Weekend,2017,01
9228,4653,Toast,Morning,Weekend,2017,01
9229,4654,Hot chocolate,Morning,Weekend,2017,01
9230,4654,Bread,Morning,Weekend,2017,01
9231,4654,Medialuna,Morning,Weekend,2017,01
9232,4654,Toast,Morning,Weekend,2017,01
9233,4655,Hot chocolate,Morning,Weekend,2017,01
9234,4655,Bread,Morning,Weekend,2017,01
9235,4655,Medialuna,Morning,Weekend,2017,01
9236,4655,Toast,Morning,Weekend,2017,01
9237,4656,Alfajores,Morning,Weekend,2017,01
9238,4656,Scone,Morning,Weekend,2017,01
9239,4657,Coffee,Morning,Weekend,2017,01
9240,4657,Cookies,Morning,Weekend,2017,01
9241,4658,Coffee,Morning,Weekend,2017,01
9242,4659,Brownie,Morning,Weekend,2017,01
9243,4659,Pastry,Morning,Weekend,2017,01
9244,4659,Bread,Morning,Weekend,2017,01
9245,4660,Bread,Morning,Weekend,2017,01
9246,4661,Pastry,Morning,Weekend,2017,01
9247,4661,Bread,Morning,Weekend,2017,01
9248,4662,Coffee,Morning,Weekend,2017,01
9249,4663,Coffee,Morning,Weekend,2017,01
9250,4663,Hot chocolate,Morning,Weekend,2017,01
9251,4663,Hearty & Seasonal,Morning,Weekend,2017,01
9252,4663,Bread,Morning,Weekend,2017,01
9253,4664,Coffee,Morning,Weekend,2017,01
9254,4665,Bread,Morning,Weekend,2017,01
9255,4666,Cake,Morning,Weekend,2017,01
9256,4667,Coffee,Morning,Weekend,2017,01
9257,4667,Coffee,Morning,Weekend,2017,01
9258,4667,Cookies,Morning,Weekend,2017,01
9259,4667,Scone,Morning,Weekend,2017,01
9260,4668,Coffee,Morning,Weekend,2017,01
9261,4668,Coffee,Morning,Weekend,2017,01
9262,4668,Medialuna,Morning,Weekend,2017,01
9263,4668,Cake,Morning,Weekend,2017,01
9264,4668,Tiffin,Morning,Weekend,2017,01
9265,4669,Coffee,Morning,Weekend,2017,01
9266,4669,Medialuna,Morning,Weekend,2017,01
9267,4669,Medialuna,Morning,Weekend,2017,01
9268,4669,Medialuna,Morning,Weekend,2017,01
9269,4670,Tea,Morning,Weekend,2017,01
9270,4670,Truffles,Morning,Weekend,2017,01
9271,4670,Medialuna,Morning,Weekend,2017,01
9272,4671,Pastry,Morning,Weekend,2017,01
9273,4671,Coffee,Morning,Weekend,2017,01
9274,4672,Coffee,Morning,Weekend,2017,01
9275,4672,Coffee,Morning,Weekend,2017,01
9276,4672,Hot chocolate,Morning,Weekend,2017,01
9277,4673,Scandinavian,Morning,Weekend,2017,01
9278,4674,Coffee,Morning,Weekend,2017,01
9279,4674,Coffee,Morning,Weekend,2017,01
9280,4674,Tea,Morning,Weekend,2017,01
9281,4674,Scone,Morning,Weekend,2017,01
9282,4675,Coffee,Morning,Weekend,2017,01
9283,4676,Hot chocolate,Morning,Weekend,2017,01
9284,4676,Coffee,Morning,Weekend,2017,01
9285,4676,Bread,Morning,Weekend,2017,01
9286,4676,Scone,Morning,Weekend,2017,01
9287,4676,Cookies,Morning,Weekend,2017,01
9288,4676,Hearty & Seasonal,Morning,Weekend,2017,01
9289,4677,Bread,Afternoon,Weekend,2017,01
9290,4678,Bread,Afternoon,Weekend,2017,01
9291,4679,Coffee,Afternoon,Weekend,2017,01
9292,4679,Alfajores,Afternoon,Weekend,2017,01
9293,4679,Pastry,Afternoon,Weekend,2017,01
9294,4680,Cake,Afternoon,Weekend,2017,01
9295,4680,Tiffin,Afternoon,Weekend,2017,01
9296,4680,Bread,Afternoon,Weekend,2017,01
9297,4680,Hot chocolate,Afternoon,Weekend,2017,01
9298,4680,Coffee,Afternoon,Weekend,2017,01
9299,4681,Cake,Afternoon,Weekend,2017,01
9300,4681,Farm House,Afternoon,Weekend,2017,01
9301,4682,Coffee,Afternoon,Weekend,2017,01
9302,4682,Pastry,Afternoon,Weekend,2017,01
9303,4683,Coffee,Afternoon,Weekend,2017,01
9304,4683,Alfajores,Afternoon,Weekend,2017,01
9305,4684,Tea,Afternoon,Weekend,2017,01
9306,4685,Coffee,Afternoon,Weekend,2017,01
9307,4685,Hearty & Seasonal,Afternoon,Weekend,2017,01
9308,4686,Coffee,Afternoon,Weekend,2017,01
9309,4686,Coffee,Afternoon,Weekend,2017,01
9310,4687,Bread,Afternoon,Weekend,2017,01
9311,4687,Tea,Afternoon,Weekend,2017,01
9312,4687,Tiffin,Afternoon,Weekend,2017,01
9313,4688,Tea,Afternoon,Weekend,2017,01
9314,4689,Bread,Afternoon,Weekend,2017,01
9315,4690,Coffee,Afternoon,Weekend,2017,01
9316,4690,Tea,Afternoon,Weekend,2017,01
9317,4691,Bread,Afternoon,Weekend,2017,01
9318,4692,Coffee,Afternoon,Weekend,2017,01
9319,4692,Tea,Afternoon,Weekend,2017,01
9320,4692,Tea,Afternoon,Weekend,2017,01
9321,4692,Hearty & Seasonal,Afternoon,Weekend,2017,01
9322,4692,Tiffin,Afternoon,Weekend,2017,01
9323,4692,Bread,Afternoon,Weekend,2017,01
9324,4692,Cake,Afternoon,Weekend,2017,01
9325,4693,Bread,Afternoon,Weekend,2017,01
9326,4694,Bread,Afternoon,Weekend,2017,01
9327,4695,Hot chocolate,Afternoon,Weekend,2017,01
9328,4696,Coffee,Afternoon,Weekend,2017,01
9329,4696,Coffee,Afternoon,Weekend,2017,01
9330,4696,Brownie,Afternoon,Weekend,2017,01
9331,4696,Pastry,Afternoon,Weekend,2017,01
9332,4696,Bread,Afternoon,Weekend,2017,01
9333,4697,Scone,Afternoon,Weekend,2017,01
9334,4698,Coffee,Afternoon,Weekend,2017,01
9335,4698,Brownie,Afternoon,Weekend,2017,01
9336,4698,Alfajores,Afternoon,Weekend,2017,01
9337,4698,Toast,Afternoon,Weekend,2017,01
9338,4698,Juice,Afternoon,Weekend,2017,01
9339,4699,Coffee,Afternoon,Weekend,2017,01
9340,4699,Coffee,Afternoon,Weekend,2017,01
9341,4699,Tea,Afternoon,Weekend,2017,01
9342,4699,Bread,Afternoon,Weekend,2017,01
9343,4699,Cake,Afternoon,Weekend,2017,01
9344,4699,Alfajores,Afternoon,Weekend,2017,01
9345,4699,Toast,Afternoon,Weekend,2017,01
9346,4701,Hearty & Seasonal,Afternoon,Weekend,2017,01
9347,4701,Sandwich,Afternoon,Weekend,2017,01
9348,4701,Coffee,Afternoon,Weekend,2017,01
9349,4702,Juice,Afternoon,Weekend,2017,01
9350,4702,Hot chocolate,Afternoon,Weekend,2017,01
9351,4702,Coffee,Afternoon,Weekend,2017,01
9352,4702,Hearty & Seasonal,Afternoon,Weekend,2017,01
9353,4703,Brownie,Afternoon,Weekend,2017,01
9354,4703,Bread,Afternoon,Weekend,2017,01
9355,4704,Coffee,Afternoon,Weekend,2017,01
9356,4704,Coffee,Afternoon,Weekend,2017,01
9357,4704,Cake,Afternoon,Weekend,2017,01
9358,4704,Sandwich,Afternoon,Weekend,2017,01
9359,4704,Hearty & Seasonal,Afternoon,Weekend,2017,01
9360,4705,Coffee,Afternoon,Weekend,2017,01
9361,4706,Fudge,Afternoon,Weekend,2017,01
9362,4707,Tiffin,Afternoon,Weekend,2017,01
9363,4707,Scone,Afternoon,Weekend,2017,01
9364,4707,Tea,Afternoon,Weekend,2017,01
9365,4708,Coffee,Afternoon,Weekend,2017,01
9366,4708,Sandwich,Afternoon,Weekend,2017,01
9367,4709,Frittata,Afternoon,Weekend,2017,01
9368,4709,Tea,Afternoon,Weekend,2017,01
9369,4709,Bread,Afternoon,Weekend,2017,01
9370,4710,Coffee,Afternoon,Weekend,2017,01
9371,4711,Farm House,Afternoon,Weekend,2017,01
9372,4712,Bread,Afternoon,Weekend,2017,01
9373,4712,Cake,Afternoon,Weekend,2017,01
9374,4712,Alfajores,Afternoon,Weekend,2017,01
9375,4712,Bread,Afternoon,Weekend,2017,01
9376,4713,Coffee,Afternoon,Weekend,2017,01
9377,4713,Bread,Afternoon,Weekend,2017,01
9378,4713,Cake,Afternoon,Weekend,2017,01
9379,4714,Mineral water,Afternoon,Weekend,2017,01
9380,4715,Bread,Afternoon,Weekend,2017,01
9381,4716,Focaccia,Afternoon,Weekend,2017,01
9382,4717,Tea,Afternoon,Weekend,2017,01
9383,4717,Bread,Afternoon,Weekend,2017,01
9384,4718,Scandinavian,Afternoon,Weekend,2017,01
9385,4719,Cake,Afternoon,Weekend,2017,01
9386,4720,Tiffin,Afternoon,Weekend,2017,01
9387,4721,Muffin,Afternoon,Weekend,2017,01
9388,4721,Cookies,Afternoon,Weekend,2017,01
9389,4722,Coffee,Afternoon,Weekend,2017,01
9390,4722,Cake,Afternoon,Weekend,2017,01
9391,4723,Afternoon with the baker,Evening,Weekend,2017,01
9392,4724,Afternoon with the baker,Evening,Weekend,2017,01
9393,4725,Afternoon with the baker,Evening,Weekend,2017,01
9394,4726,Coffee,Morning,Weekend,2017,01
9395,4726,Cake,Morning,Weekend,2017,01
9396,4727,Medialuna,Morning,Weekend,2017,01
9397,4728,Cake,Morning,Weekend,2017,01
9398,4728,Bread,Morning,Weekend,2017,01
9399,4728,Jammie Dodgers,Morning,Weekend,2017,01
9400,4729,Bread,Morning,Weekend,2017,01
9401,4730,Coffee,Morning,Weekend,2017,01
9402,4730,The Nomad,Morning,Weekend,2017,01
9403,4731,The Nomad,Morning,Weekend,2017,01
9404,4731,Tea,Morning,Weekend,2017,01
9405,4731,Bread,Morning,Weekend,2017,01
9406,4731,Tiffin,Morning,Weekend,2017,01
9407,4732,Coffee,Morning,Weekend,2017,01
9408,4732,Bread,Morning,Weekend,2017,01
9409,4733,Coffee,Morning,Weekend,2017,01
9410,4734,Bread,Morning,Weekend,2017,01
9411,4734,Coffee,Morning,Weekend,2017,01
9412,4734,Brioche and salami,Morning,Weekend,2017,01
9413,4735,Coffee,Morning,Weekend,2017,01
9414,4735,Coffee,Morning,Weekend,2017,01
9415,4735,Granola,Morning,Weekend,2017,01
9416,4735,Bread,Morning,Weekend,2017,01
9417,4736,Coffee,Morning,Weekend,2017,01
9418,4736,Coffee,Morning,Weekend,2017,01
9419,4736,Juice,Morning,Weekend,2017,01
9420,4736,Cake,Morning,Weekend,2017,01
9421,4736,Scone,Morning,Weekend,2017,01
9422,4737,Coffee,Morning,Weekend,2017,01
9423,4737,Bread,Morning,Weekend,2017,01
9424,4738,Bread,Morning,Weekend,2017,01
9425,4738,Bread,Morning,Weekend,2017,01
9426,4739,Bread,Morning,Weekend,2017,01
9427,4740,Bread,Morning,Weekend,2017,01
9428,4740,Farm House,Morning,Weekend,2017,01
9429,4741,Medialuna,Morning,Weekend,2017,01
9430,4741,Pastry,Morning,Weekend,2017,01
9431,4741,Coffee,Morning,Weekend,2017,01
9432,4741,Coffee,Morning,Weekend,2017,01
9433,4741,Bread,Morning,Weekend,2017,01
9434,4742,Coffee,Afternoon,Weekend,2017,01
9435,4742,Bread,Afternoon,Weekend,2017,01
9436,4742,Farm House,Afternoon,Weekend,2017,01
9437,4743,Coffee,Afternoon,Weekend,2017,01
9438,4743,Pastry,Afternoon,Weekend,2017,01
9439,4744,Pastry,Afternoon,Weekend,2017,01
9440,4744,Bread,Afternoon,Weekend,2017,01
9441,4745,Bread,Afternoon,Weekend,2017,01
9442,4746,Coffee,Afternoon,Weekend,2017,01
9443,4746,Bread,Afternoon,Weekend,2017,01
9444,4747,Coffee,Afternoon,Weekend,2017,01
9445,4748,Bread,Afternoon,Weekend,2017,01
9446,4748,Juice,Afternoon,Weekend,2017,01
9447,4748,Jammie Dodgers,Afternoon,Weekend,2017,01
9448,4748,Brownie,Afternoon,Weekend,2017,01
9449,4749,Toast,Afternoon,Weekend,2017,01
9450,4749,Granola,Afternoon,Weekend,2017,01
9451,4749,Pastry,Afternoon,Weekend,2017,01
9452,4749,Coffee,Afternoon,Weekend,2017,01
9453,4749,Bread,Afternoon,Weekend,2017,01
9454,4750,Coffee,Afternoon,Weekend,2017,01
9455,4750,Cake,Afternoon,Weekend,2017,01
9456,4750,Tiffin,Afternoon,Weekend,2017,01
9457,4750,Granola,Afternoon,Weekend,2017,01
9458,4751,Gingerbread syrup,Afternoon,Weekend,2017,01
9459,4751,Coffee,Afternoon,Weekend,2017,01
9460,4752,Hearty & Seasonal,Afternoon,Weekend,2017,01
9461,4752,Coffee,Afternoon,Weekend,2017,01
9462,4752,Cake,Afternoon,Weekend,2017,01
9463,4753,Pastry,Afternoon,Weekend,2017,01
9464,4753,Tea,Afternoon,Weekend,2017,01
9465,4753,Coffee,Afternoon,Weekend,2017,01
9466,4753,Bread,Afternoon,Weekend,2017,01
9467,4754,Coffee,Afternoon,Weekend,2017,01
9468,4754,Alfajores,Afternoon,Weekend,2017,01
9469,4756,Medialuna,Afternoon,Weekend,2017,01
9470,4756,Jammie Dodgers,Afternoon,Weekend,2017,01
9471,4756,Muffin,Afternoon,Weekend,2017,01
9472,4756,Sandwich,Afternoon,Weekend,2017,01
9473,4757,Bread,Afternoon,Weekend,2017,01
9474,4758,Coffee,Afternoon,Weekend,2017,01
9475,4758,Tea,Afternoon,Weekend,2017,01
9476,4758,Juice,Afternoon,Weekend,2017,01
9477,4759,Alfajores,Afternoon,Weekend,2017,01
9478,4760,Hearty & Seasonal,Afternoon,Weekend,2017,01
9479,4760,Truffles,Afternoon,Weekend,2017,01
9480,4760,Mineral water,Afternoon,Weekend,2017,01
9481,4760,Bread,Afternoon,Weekend,2017,01
9482,4760,Scone,Afternoon,Weekend,2017,01
9483,4760,Bread,Afternoon,Weekend,2017,01
9484,4761,Coffee,Afternoon,Weekend,2017,01
9485,4761,Jammie Dodgers,Afternoon,Weekend,2017,01
9486,4761,Cookies,Afternoon,Weekend,2017,01
9487,4762,Bread,Afternoon,Weekend,2017,01
9488,4762,Toast,Afternoon,Weekend,2017,01
9489,4763,Coffee,Afternoon,Weekend,2017,01
9490,4763,Bread,Afternoon,Weekend,2017,01
9491,4763,Bread,Afternoon,Weekend,2017,01
9492,4764,Coffee,Afternoon,Weekend,2017,01
9493,4764,Truffles,Afternoon,Weekend,2017,01
9494,4765,Scone,Afternoon,Weekend,2017,01
9495,4765,Bread,Afternoon,Weekend,2017,01
9496,4765,Bread,Afternoon,Weekend,2017,01
9497,4766,Coffee,Afternoon,Weekend,2017,01
9498,4766,Tea,Afternoon,Weekend,2017,01
9499,4766,Cake,Afternoon,Weekend,2017,01
9500,4766,Jammie Dodgers,Afternoon,Weekend,2017,01
9501,4767,Coffee,Afternoon,Weekend,2017,01
9502,4767,Jammie Dodgers,Afternoon,Weekend,2017,01
9503,4768,Bread,Afternoon,Weekend,2017,01
9504,4769,Medialuna,Afternoon,Weekend,2017,01
9505,4769,Alfajores,Afternoon,Weekend,2017,01
9506,4769,Coffee,Afternoon,Weekend,2017,01
9507,4769,Tea,Afternoon,Weekend,2017,01
9508,4770,Brownie,Afternoon,Weekend,2017,01
9509,4770,Alfajores,Afternoon,Weekend,2017,01
9510,4770,Hot chocolate,Afternoon,Weekend,2017,01
9511,4770,Tea,Afternoon,Weekend,2017,01
9512,4770,Bread,Afternoon,Weekend,2017,01
9513,4771,Coffee,Morning,Weekday,2017,01
9514,4771,Scone,Morning,Weekday,2017,01
9515,4772,Bread,Morning,Weekday,2017,01
9516,4773,Afternoon with the baker,Morning,Weekday,2017,01
9517,4774,Bread,Morning,Weekday,2017,01
9518,4775,Coffee,Morning,Weekday,2017,01
9519,4776,Bread,Morning,Weekday,2017,01
9520,4777,Bread,Morning,Weekday,2017,01
9521,4778,Bread,Morning,Weekday,2017,01
9522,4779,Scandinavian,Morning,Weekday,2017,01
9523,4779,Bread,Morning,Weekday,2017,01
9524,4779,Cookies,Morning,Weekday,2017,01
9525,4780,Coffee,Morning,Weekday,2017,01
9526,4781,Coffee,Morning,Weekday,2017,01
9527,4782,Coffee,Morning,Weekday,2017,01
9528,4782,Medialuna,Morning,Weekday,2017,01
9529,4782,Cookies,Morning,Weekday,2017,01
9530,4783,Cookies,Morning,Weekday,2017,01
9531,4783,Coffee,Morning,Weekday,2017,01
9532,4783,Bread,Morning,Weekday,2017,01
9533,4783,Juice,Morning,Weekday,2017,01
9534,4784,Hot chocolate,Morning,Weekday,2017,01
9535,4784,Hot chocolate,Morning,Weekday,2017,01
9536,4784,Cookies,Morning,Weekday,2017,01
9537,4785,Bread,Morning,Weekday,2017,01
9538,4786,Coffee,Morning,Weekday,2017,01
9539,4787,Tea,Morning,Weekday,2017,01
9540,4787,Cake,Morning,Weekday,2017,01
9541,4788,Cookies,Morning,Weekday,2017,01
9542,4788,Tea,Morning,Weekday,2017,01
9543,4789,Coffee,Morning,Weekday,2017,01
9544,4790,Bread,Afternoon,Weekday,2017,01
9545,4790,Medialuna,Afternoon,Weekday,2017,01
9546,4791,Scone,Afternoon,Weekday,2017,01
9547,4791,Coffee,Afternoon,Weekday,2017,01
9548,4791,Tea,Afternoon,Weekday,2017,01
9549,4792,Bread,Afternoon,Weekday,2017,01
9550,4792,Brownie,Afternoon,Weekday,2017,01
9551,4793,Sandwich,Afternoon,Weekday,2017,01
9552,4794,Coffee,Afternoon,Weekday,2017,01
9553,4795,Toast,Afternoon,Weekday,2017,01
9554,4796,Bread,Afternoon,Weekday,2017,01
9555,4797,Bread,Afternoon,Weekday,2017,01
9556,4798,Coffee,Afternoon,Weekday,2017,01
9557,4798,Coffee,Afternoon,Weekday,2017,01
9558,4799,Coffee,Afternoon,Weekday,2017,01
9559,4800,Tea,Afternoon,Weekday,2017,01
9560,4800,Bread,Afternoon,Weekday,2017,01
9561,4801,Coffee,Afternoon,Weekday,2017,01
9562,4802,Coke,Afternoon,Weekday,2017,01
9563,4803,Jammie Dodgers,Afternoon,Weekday,2017,01
9564,4803,Bread,Afternoon,Weekday,2017,01
9565,4804,Bread,Afternoon,Weekday,2017,01
9566,4804,Medialuna,Afternoon,Weekday,2017,01
9567,4804,Alfajores,Afternoon,Weekday,2017,01
9568,4805,Medialuna,Afternoon,Weekday,2017,01
9569,4806,Coffee,Afternoon,Weekday,2017,01
9570,4807,Bread,Afternoon,Weekday,2017,01
9571,4807,Coffee,Afternoon,Weekday,2017,01
9572,4808,Coke,Afternoon,Weekday,2017,01
9573,4808,Tea,Afternoon,Weekday,2017,01
9574,4811,Truffles,Afternoon,Weekday,2017,01
9575,4812,Muffin,Afternoon,Weekday,2017,01
9576,4813,Alfajores,Afternoon,Weekday,2017,01
9577,4813,Bread,Afternoon,Weekday,2017,01
9578,4814,Bread,Afternoon,Weekday,2017,01
9579,4816,Coffee,Morning,Weekday,2017,01
9580,4816,Pastry,Morning,Weekday,2017,01
9581,4817,Tea,Morning,Weekday,2017,01
9582,4817,Coffee,Morning,Weekday,2017,01
9583,4817,Coffee,Morning,Weekday,2017,01
9584,4818,Coffee,Morning,Weekday,2017,01
9585,4818,Toast,Morning,Weekday,2017,01
9586,4819,Coffee,Morning,Weekday,2017,01
9587,4819,Coffee,Morning,Weekday,2017,01
9588,4820,Coffee,Morning,Weekday,2017,01
9589,4820,Pastry,Morning,Weekday,2017,01
9590,4821,Sandwich,Morning,Weekday,2017,01
9591,4821,Bread,Morning,Weekday,2017,01
9592,4822,Coffee,Morning,Weekday,2017,01
9593,4822,Coffee,Morning,Weekday,2017,01
9594,4822,Alfajores,Morning,Weekday,2017,01
9595,4823,Bread,Morning,Weekday,2017,01
9596,4823,Medialuna,Morning,Weekday,2017,01
9597,4824,Bread,Morning,Weekday,2017,01
9598,4825,Tea,Morning,Weekday,2017,01
9599,4826,Coffee,Morning,Weekday,2017,01
9600,4826,Coffee,Morning,Weekday,2017,01
9601,4827,Alfajores,Morning,Weekday,2017,01
9602,4828,Alfajores,Morning,Weekday,2017,01
9603,4828,Bread,Morning,Weekday,2017,01
9604,4830,Coffee,Morning,Weekday,2017,01
9605,4831,Coffee,Afternoon,Weekday,2017,01
9606,4831,Coffee,Afternoon,Weekday,2017,01
9607,4832,Coffee,Afternoon,Weekday,2017,01
9608,4832,Cake,Afternoon,Weekday,2017,01
9609,4833,Bread,Afternoon,Weekday,2017,01
9610,4833,Jammie Dodgers,Afternoon,Weekday,2017,01
9611,4834,Coffee,Afternoon,Weekday,2017,01
9612,4834,Coffee,Afternoon,Weekday,2017,01
9613,4834,Toast,Afternoon,Weekday,2017,01
9614,4834,Sandwich,Afternoon,Weekday,2017,01
9615,4835,Coffee,Afternoon,Weekday,2017,01
9616,4835,Smoothies,Afternoon,Weekday,2017,01
9617,4835,Sandwich,Afternoon,Weekday,2017,01
9618,4835,Hearty & Seasonal,Afternoon,Weekday,2017,01
9619,4835,Cake,Afternoon,Weekday,2017,01
9620,4836,Bread,Afternoon,Weekday,2017,01
9621,4837,Sandwich,Afternoon,Weekday,2017,01
9622,4837,Truffles,Afternoon,Weekday,2017,01
9623,4838,Salad,Afternoon,Weekday,2017,01
9624,4838,Sandwich,Afternoon,Weekday,2017,01
9625,4838,Coffee,Afternoon,Weekday,2017,01
9626,4839,Muffin,Afternoon,Weekday,2017,01
9627,4839,Cookies,Afternoon,Weekday,2017,01
9628,4839,Bread,Afternoon,Weekday,2017,01
9629,4839,Hot chocolate,Afternoon,Weekday,2017,01
9630,4839,Hearty & Seasonal,Afternoon,Weekday,2017,01
9631,4840,Farm House,Afternoon,Weekday,2017,01
9632,4841,Truffles,Afternoon,Weekday,2017,01
9633,4841,Cake,Afternoon,Weekday,2017,01
9634,4841,Scandinavian,Afternoon,Weekday,2017,01
9635,4841,Coffee,Afternoon,Weekday,2017,01
9636,4842,Tea,Afternoon,Weekday,2017,01
9637,4843,Salad,Afternoon,Weekday,2017,01
9638,4843,Sandwich,Afternoon,Weekday,2017,01
9639,4843,Bread,Afternoon,Weekday,2017,01
9640,4843,Coffee,Afternoon,Weekday,2017,01
9641,4843,Alfajores,Afternoon,Weekday,2017,01
9642,4844,Coffee,Afternoon,Weekday,2017,01
9643,4844,Bread,Afternoon,Weekday,2017,01
9644,4844,Toast,Afternoon,Weekday,2017,01
9645,4845,Coffee,Afternoon,Weekday,2017,01
9646,4845,Cake,Afternoon,Weekday,2017,01
9647,4846,Truffles,Afternoon,Weekday,2017,01
9648,4846,Coffee,Afternoon,Weekday,2017,01
9649,4846,Alfajores,Afternoon,Weekday,2017,01
9650,4847,Coffee,Afternoon,Weekday,2017,01
9651,4847,Tea,Afternoon,Weekday,2017,01
9652,4847,Chicken Stew,Afternoon,Weekday,2017,01
9653,4848,Coffee,Afternoon,Weekday,2017,01
9654,4848,Pastry,Afternoon,Weekday,2017,01
9655,4849,Coffee,Afternoon,Weekday,2017,01
9656,4850,Coffee,Afternoon,Weekday,2017,01
9657,4851,Coffee,Afternoon,Weekday,2017,01
9658,4852,Coffee,Afternoon,Weekday,2017,01
9659,4852,Soup,Afternoon,Weekday,2017,01
9660,4852,Cake,Afternoon,Weekday,2017,01
9661,4853,Tea,Afternoon,Weekday,2017,01
9662,4854,Coffee,Afternoon,Weekday,2017,01
9663,4855,Tea,Afternoon,Weekday,2017,01
9664,4856,Coffee,Afternoon,Weekday,2017,01
9665,4857,Tea,Afternoon,Weekday,2017,01
9666,4857,Bread,Afternoon,Weekday,2017,01
9667,4857,Cake,Afternoon,Weekday,2017,01
9668,4858,Bread,Afternoon,Weekday,2017,01
9669,4859,Tea,Evening,Weekday,2017,01
9670,4860,Bread,Morning,Weekday,2017,01
9671,4861,Coffee,Morning,Weekday,2017,01
9672,4862,Bread,Morning,Weekday,2017,01
9673,4863,Tea,Morning,Weekday,2017,01
9674,4863,Coffee,Morning,Weekday,2017,01
9675,4863,Coffee,Morning,Weekday,2017,01
9676,4863,Muffin,Morning,Weekday,2017,01
9677,4863,Cake,Morning,Weekday,2017,01
9678,4864,Scandinavian,Morning,Weekday,2017,01
9679,4865,Bread,Morning,Weekday,2017,01
9680,4865,Bread,Morning,Weekday,2017,01
9681,4866,Farm House,Morning,Weekday,2017,01
9682,4867,Tea,Morning,Weekday,2017,01
9683,4868,Tea,Morning,Weekday,2017,01
9684,4868,Coffee,Morning,Weekday,2017,01
9685,4869,Medialuna,Morning,Weekday,2017,01
9686,4869,Coffee,Morning,Weekday,2017,01
9687,4869,Tea,Morning,Weekday,2017,01
9688,4870,Bread,Morning,Weekday,2017,01
9689,4871,Pastry,Morning,Weekday,2017,01
9690,4871,Muffin,Morning,Weekday,2017,01
9691,4871,Coffee,Morning,Weekday,2017,01
9692,4871,Tea,Morning,Weekday,2017,01
9693,4872,Coffee,Morning,Weekday,2017,01
9694,4872,Tea,Morning,Weekday,2017,01
9695,4873,Hot chocolate,Morning,Weekday,2017,01
9696,4873,Coke,Morning,Weekday,2017,01
9697,4873,Cake,Morning,Weekday,2017,01
9698,4874,Soup,Morning,Weekday,2017,01
9699,4874,Pastry,Morning,Weekday,2017,01
9700,4874,Tea,Morning,Weekday,2017,01
9701,4875,Sandwich,Morning,Weekday,2017,01
9702,4875,Alfajores,Morning,Weekday,2017,01
9703,4876,Sandwich,Afternoon,Weekday,2017,01
9704,4877,Bread,Afternoon,Weekday,2017,01
9705,4877,Focaccia,Afternoon,Weekday,2017,01
9706,4878,Coffee,Afternoon,Weekday,2017,01
9707,4878,Juice,Afternoon,Weekday,2017,01
9708,4878,Sandwich,Afternoon,Weekday,2017,01
9709,4878,Crisps,Afternoon,Weekday,2017,01
9710,4879,Tea,Afternoon,Weekday,2017,01
9711,4879,Coffee,Afternoon,Weekday,2017,01
9712,4879,Soup,Afternoon,Weekday,2017,01
9713,4879,Salad,Afternoon,Weekday,2017,01
9714,4880,Coffee,Afternoon,Weekday,2017,01
9715,4880,Cookies,Afternoon,Weekday,2017,01
9716,4881,Tea,Afternoon,Weekday,2017,01
9717,4881,Cookies,Afternoon,Weekday,2017,01
9718,4882,Cake,Afternoon,Weekday,2017,01
9719,4883,Cake,Afternoon,Weekday,2017,01
9720,4883,Coffee,Afternoon,Weekday,2017,01
9721,4883,Coke,Afternoon,Weekday,2017,01
9722,4883,Tea,Afternoon,Weekday,2017,01
9723,4884,Coffee,Afternoon,Weekday,2017,01
9724,4884,Jammie Dodgers,Afternoon,Weekday,2017,01
9725,4885,Coke,Afternoon,Weekday,2017,01
9726,4885,Sandwich,Afternoon,Weekday,2017,01
9727,4886,Medialuna,Afternoon,Weekday,2017,01
9728,4886,Cookies,Afternoon,Weekday,2017,01
9729,4886,Juice,Afternoon,Weekday,2017,01
9730,4886,Ella's Kitchen Pouches,Afternoon,Weekday,2017,01
9731,4886,Tea,Afternoon,Weekday,2017,01
9732,4887,Muffin,Afternoon,Weekday,2017,01
9733,4887,Jammie Dodgers,Afternoon,Weekday,2017,01
9734,4887,Cake,Afternoon,Weekday,2017,01
9735,4887,Bread,Afternoon,Weekday,2017,01
9736,4887,Hot chocolate,Afternoon,Weekday,2017,01
9737,4888,Coffee,Afternoon,Weekday,2017,01
9738,4888,Coffee,Afternoon,Weekday,2017,01
9739,4888,Cake,Afternoon,Weekday,2017,01
9740,4889,Cake,Afternoon,Weekday,2017,01
9741,4890,Cake,Afternoon,Weekday,2017,01
9742,4890,Tea,Afternoon,Weekday,2017,01
9743,4891,Coffee,Afternoon,Weekday,2017,01
9744,4891,Tea,Afternoon,Weekday,2017,01
9745,4891,Coffee,Afternoon,Weekday,2017,01
9746,4891,Cake,Afternoon,Weekday,2017,01
9747,4891,Cookies,Afternoon,Weekday,2017,01
9748,4892,Cookies,Evening,Weekday,2017,01
9749,4892,Tea,Evening,Weekday,2017,01
9750,4893,Focaccia,Evening,Weekday,2017,01
9751,4893,Fudge,Evening,Weekday,2017,01
9752,4894,Pastry,Morning,Weekday,2017,01
9753,4894,Toast,Morning,Weekday,2017,01
9754,4894,Coffee,Morning,Weekday,2017,01
9755,4895,Tea,Morning,Weekday,2017,01
9756,4895,Sandwich,Morning,Weekday,2017,01
9757,4896,Tea,Morning,Weekday,2017,01
9758,4896,Hot chocolate,Morning,Weekday,2017,01
9759,4896,Spanish Brunch,Morning,Weekday,2017,01
9760,4896,Granola,Morning,Weekday,2017,01
9761,4896,Sandwich,Morning,Weekday,2017,01
9762,4897,Coffee,Morning,Weekday,2017,01
9763,4897,Medialuna,Morning,Weekday,2017,01
9764,4898,Bread,Morning,Weekday,2017,01
9765,4899,Coffee,Morning,Weekday,2017,01
9766,4900,Coffee,Morning,Weekday,2017,01
9767,4900,Toast,Morning,Weekday,2017,01
9768,4901,Coffee,Morning,Weekday,2017,01
9769,4901,Coffee,Morning,Weekday,2017,01
9770,4901,Pastry,Morning,Weekday,2017,01
9771,4902,Bread,Morning,Weekday,2017,01
9772,4903,Farm House,Morning,Weekday,2017,01
9773,4904,Bread,Morning,Weekday,2017,01
9774,4904,Cookies,Morning,Weekday,2017,01
9775,4905,Bread,Morning,Weekday,2017,01
9776,4906,Hot chocolate,Morning,Weekday,2017,01
9777,4906,Hot chocolate,Morning,Weekday,2017,01
9778,4906,Cake,Morning,Weekday,2017,01
9779,4907,Pastry,Morning,Weekday,2017,01
9780,4907,Cake,Morning,Weekday,2017,01
9781,4907,Mineral water,Morning,Weekday,2017,01
9782,4908,Tea,Morning,Weekday,2017,01
9783,4909,Tea,Morning,Weekday,2017,01
9784,4909,Jammie Dodgers,Morning,Weekday,2017,01
9785,4909,Cake,Morning,Weekday,2017,01
9786,4909,Juice,Morning,Weekday,2017,01
9787,4910,Tiffin,Morning,Weekday,2017,01
9788,4911,Cake,Morning,Weekday,2017,01
9789,4911,Muffin,Morning,Weekday,2017,01
9790,4912,Coffee,Morning,Weekday,2017,01
9791,4912,Coke,Morning,Weekday,2017,01
9792,4912,Juice,Morning,Weekday,2017,01
9793,4912,Truffles,Morning,Weekday,2017,01
9794,4912,Medialuna,Morning,Weekday,2017,01
9795,4913,Coffee,Morning,Weekday,2017,01
9796,4914,Coffee,Morning,Weekday,2017,01
9797,4915,Coffee,Morning,Weekday,2017,01
9798,4915,Coffee,Morning,Weekday,2017,01
9799,4916,Coffee,Morning,Weekday,2017,01
9800,4917,Coffee,Morning,Weekday,2017,01
9801,4917,Pastry,Morning,Weekday,2017,01
9802,4918,Cake,Morning,Weekday,2017,01
9803,4918,Coffee,Morning,Weekday,2017,01
9804,4919,Bread,Morning,Weekday,2017,01
9805,4919,Tiffin,Morning,Weekday,2017,01
9806,4920,Scandinavian,Morning,Weekday,2017,01
9807,4920,Bread,Morning,Weekday,2017,01
9808,4921,Coffee,Morning,Weekday,2017,01
9809,4921,Tea,Morning,Weekday,2017,01
9810,4921,Alfajores,Morning,Weekday,2017,01
9811,4922,Chicken Stew,Morning,Weekday,2017,01
9812,4923,Coffee,Afternoon,Weekday,2017,01
9813,4924,Coffee,Afternoon,Weekday,2017,01
9814,4924,Juice,Afternoon,Weekday,2017,01
9815,4924,Medialuna,Afternoon,Weekday,2017,01
9816,4924,Crisps,Afternoon,Weekday,2017,01
9817,4925,Coffee,Afternoon,Weekday,2017,01
9818,4926,Farm House,Afternoon,Weekday,2017,01
9819,4927,Salad,Afternoon,Weekday,2017,01
9820,4927,Coffee,Afternoon,Weekday,2017,01
9821,4928,Bread,Afternoon,Weekday,2017,01
9822,4929,Bread,Afternoon,Weekday,2017,01
9823,4929,Medialuna,Afternoon,Weekday,2017,01
9824,4930,Coffee,Afternoon,Weekday,2017,01
9825,4930,Coffee,Afternoon,Weekday,2017,01
9826,4930,Sandwich,Afternoon,Weekday,2017,01
9827,4931,Hot chocolate,Afternoon,Weekday,2017,01
9828,4931,Chicken Stew,Afternoon,Weekday,2017,01
9829,4932,Coffee,Afternoon,Weekday,2017,01
9830,4932,Tea,Afternoon,Weekday,2017,01
9831,4932,Sandwich,Afternoon,Weekday,2017,01
9832,4932,Medialuna,Afternoon,Weekday,2017,01
9833,4933,Bread,Afternoon,Weekday,2017,01
9834,4933,Tea,Afternoon,Weekday,2017,01
9835,4933,Chicken Stew,Afternoon,Weekday,2017,01
9836,4933,Soup,Afternoon,Weekday,2017,01
9837,4933,Cake,Afternoon,Weekday,2017,01
9838,4933,Pastry,Afternoon,Weekday,2017,01
9839,4933,Alfajores,Afternoon,Weekday,2017,01
9840,4933,Focaccia,Afternoon,Weekday,2017,01
9841,4934,Bread,Afternoon,Weekday,2017,01
9842,4934,Coffee,Afternoon,Weekday,2017,01
9843,4934,Soup,Afternoon,Weekday,2017,01
9844,4934,Muffin,Afternoon,Weekday,2017,01
9845,4935,Bread,Afternoon,Weekday,2017,01
9846,4936,Coffee,Afternoon,Weekday,2017,01
9847,4936,Tea,Afternoon,Weekday,2017,01
9848,4936,Cake,Afternoon,Weekday,2017,01
9849,4937,Sandwich,Afternoon,Weekday,2017,01
9850,4937,Sandwich,Afternoon,Weekday,2017,01
9851,4937,Coffee,Afternoon,Weekday,2017,01
9852,4937,Tea,Afternoon,Weekday,2017,01
9853,4938,Coffee,Afternoon,Weekday,2017,01
9854,4938,Coffee,Afternoon,Weekday,2017,01
9855,4939,Bread,Afternoon,Weekday,2017,01
9856,4940,Coffee,Afternoon,Weekday,2017,01
9857,4941,Bread,Afternoon,Weekday,2017,01
9858,4942,Hot chocolate,Afternoon,Weekday,2017,01
9859,4943,Coffee,Afternoon,Weekday,2017,01
9860,4943,Bread,Afternoon,Weekday,2017,01
9861,4943,Tiffin,Afternoon,Weekday,2017,01
9862,4943,Bread,Afternoon,Weekday,2017,01
9863,4944,Hot chocolate,Afternoon,Weekday,2017,01
9864,4945,Hot chocolate,Afternoon,Weekday,2017,01
9865,4945,Coffee,Afternoon,Weekday,2017,01
9866,4945,Tiffin,Afternoon,Weekday,2017,01
9867,4946,Coffee,Afternoon,Weekday,2017,01
9868,4946,Cookies,Afternoon,Weekday,2017,01
9869,4946,Bread,Afternoon,Weekday,2017,01
9870,4948,Farm House,Evening,Weekday,2017,01
9871,4949,Afternoon with the baker,Morning,Weekday,2017,01
9872,4949,Coffee,Morning,Weekday,2017,01
9873,4949,Scandinavian,Morning,Weekday,2017,01
9874,4950,Coffee,Morning,Weekday,2017,01
9875,4950,Bread,Morning,Weekday,2017,01
9876,4951,Coffee,Morning,Weekday,2017,01
9877,4951,Tea,Morning,Weekday,2017,01
9878,4951,Toast,Morning,Weekday,2017,01
9879,4952,Coffee,Morning,Weekday,2017,01
9880,4952,Toast,Morning,Weekday,2017,01
9881,4953,Coffee,Morning,Weekday,2017,01
9882,4954,Coffee,Morning,Weekday,2017,01
9883,4954,Toast,Morning,Weekday,2017,01
9884,4955,Coffee,Morning,Weekday,2017,01
9885,4955,Medialuna,Morning,Weekday,2017,01
9886,4956,Coffee,Morning,Weekday,2017,01
9887,4957,Cake,Morning,Weekday,2017,01
9888,4958,Pastry,Morning,Weekday,2017,01
9889,4958,Bread,Morning,Weekday,2017,01
9890,4959,Coffee,Morning,Weekday,2017,01
9891,4960,Bread,Morning,Weekday,2017,01
9892,4961,Farm House,Morning,Weekday,2017,01
9893,4962,Coffee,Morning,Weekday,2017,01
9894,4962,Coffee,Morning,Weekday,2017,01
9895,4962,Coffee,Morning,Weekday,2017,01
9896,4962,Toast,Morning,Weekday,2017,01
9897,4962,Cookies,Morning,Weekday,2017,01
9898,4963,Pastry,Morning,Weekday,2017,01
9899,4963,Coffee,Morning,Weekday,2017,01
9900,4963,Coffee,Morning,Weekday,2017,01
9901,4964,Coffee,Morning,Weekday,2017,01
9902,4965,Bread,Morning,Weekday,2017,01
9903,4966,Bread,Morning,Weekday,2017,01
9904,4966,Tea,Morning,Weekday,2017,01
9905,4966,Granola,Morning,Weekday,2017,01
9906,4967,Bread,Morning,Weekday,2017,01
9907,4967,Tea,Morning,Weekday,2017,01
9908,4967,Scone,Morning,Weekday,2017,01
9909,4967,Sandwich,Morning,Weekday,2017,01
9910,4968,Coffee,Morning,Weekday,2017,01
9911,4968,Coffee,Morning,Weekday,2017,01
9912,4968,Pastry,Morning,Weekday,2017,01
9913,4969,Pastry,Morning,Weekday,2017,01
9914,4969,Pastry,Morning,Weekday,2017,01
9915,4969,Coffee,Morning,Weekday,2017,01
9916,4969,Coffee,Morning,Weekday,2017,01
9917,4969,Bread,Morning,Weekday,2017,01
9918,4971,Bread,Morning,Weekday,2017,01
9919,4972,Bread,Morning,Weekday,2017,01
9920,4973,Muffin,Morning,Weekday,2017,01
9921,4973,Muffin,Morning,Weekday,2017,01
9922,4974,Farm House,Afternoon,Weekday,2017,01
9923,4975,Coffee,Afternoon,Weekday,2017,01
9924,4975,Tea,Afternoon,Weekday,2017,01
9925,4975,Scone,Afternoon,Weekday,2017,01
9926,4976,Coffee,Afternoon,Weekday,2017,01
9927,4976,Coffee,Afternoon,Weekday,2017,01
9928,4977,Bread,Afternoon,Weekday,2017,01
9929,4978,Bread,Afternoon,Weekday,2017,01
9930,4979,Coffee,Afternoon,Weekday,2017,01
9931,4979,Scone,Afternoon,Weekday,2017,01
9932,4980,Bread,Afternoon,Weekday,2017,01
9933,4981,Chicken Stew,Afternoon,Weekday,2017,01
9934,4982,Tea,Afternoon,Weekday,2017,01
9935,4982,Tea,Afternoon,Weekday,2017,01
9936,4982,Coffee,Afternoon,Weekday,2017,01
9937,4983,Coffee,Afternoon,Weekday,2017,01
9938,4983,Tea,Afternoon,Weekday,2017,01
9939,4983,Scone,Afternoon,Weekday,2017,01
9940,4984,Cake,Afternoon,Weekday,2017,01
9941,4984,Pastry,Afternoon,Weekday,2017,01
9942,4984,Farm House,Afternoon,Weekday,2017,01
9943,4984,Scandinavian,Afternoon,Weekday,2017,01
9944,4985,Smoothies,Afternoon,Weekday,2017,01
9945,4985,Muffin,Afternoon,Weekday,2017,01
9946,4986,Coffee,Afternoon,Weekday,2017,01
9947,4986,Tea,Afternoon,Weekday,2017,01
9948,4986,Sandwich,Afternoon,Weekday,2017,01
9949,4986,Salad,Afternoon,Weekday,2017,01
9950,4987,Sandwich,Afternoon,Weekday,2017,01
9951,4987,Truffles,Afternoon,Weekday,2017,01
9952,4988,Coffee,Afternoon,Weekday,2017,01
9953,4988,Sandwich,Afternoon,Weekday,2017,01
9954,4989,Bread,Afternoon,Weekday,2017,01
9955,4989,Coffee,Afternoon,Weekday,2017,01
9956,4990,Chicken Stew,Afternoon,Weekday,2017,01
9957,4991,Bread,Afternoon,Weekday,2017,01
9958,4991,Coffee,Afternoon,Weekday,2017,01
9959,4991,Bread,Afternoon,Weekday,2017,01
9960,4992,Coffee,Afternoon,Weekday,2017,01
9961,4993,Coffee,Afternoon,Weekday,2017,01
9962,4993,Sandwich,Afternoon,Weekday,2017,01
9963,4994,Hot chocolate,Afternoon,Weekday,2017,01
9964,4995,Medialuna,Afternoon,Weekday,2017,01
9965,4996,Hot chocolate,Afternoon,Weekday,2017,01
9966,4997,Coffee,Afternoon,Weekday,2017,01
9967,4998,Cake,Afternoon,Weekday,2017,01
9968,4999,Coffee,Afternoon,Weekday,2017,01
9969,4999,Alfajores,Afternoon,Weekday,2017,01
9970,5000,Bread,Afternoon,Weekday,2017,01
9971,5000,Coffee,Afternoon,Weekday,2017,01
9972,5001,Bread,Afternoon,Weekday,2017,01
9973,5002,Bread,Afternoon,Weekday,2017,01
9974,5002,Muffin,Afternoon,Weekday,2017,01
9975,5003,Coffee,Afternoon,Weekday,2017,01
9976,5003,Bread,Afternoon,Weekday,2017,01
9977,5004,Coffee,Afternoon,Weekday,2017,01
9978,5004,Coffee,Afternoon,Weekday,2017,01
9979,5004,Cake,Afternoon,Weekday,2017,01
9980,5005,Bread,Afternoon,Weekday,2017,01
9981,5005,Muffin,Afternoon,Weekday,2017,01
9982,5006,Tea,Afternoon,Weekday,2017,01
9983,5006,Tiffin,Afternoon,Weekday,2017,01
9984,5007,Coffee,Afternoon,Weekday,2017,01
9985,5008,Bread,Afternoon,Weekday,2017,01
9986,5008,Sandwich,Afternoon,Weekday,2017,01
9987,5008,Tea,Afternoon,Weekday,2017,01
9988,5009,Coffee,Afternoon,Weekday,2017,01
9989,5009,Pastry,Afternoon,Weekday,2017,01
9990,5010,Scandinavian,Afternoon,Weekday,2017,01
9991,5011,Medialuna,Afternoon,Weekday,2017,01
9992,5011,Vegan mincepie,Afternoon,Weekday,2017,01
9993,5011,Juice,Afternoon,Weekday,2017,01
9994,5011,Tea,Afternoon,Weekday,2017,01
9995,5012,Coffee,Afternoon,Weekday,2017,01
9996,5012,Scone,Afternoon,Weekday,2017,01
9997,5013,Tea,Afternoon,Weekday,2017,01
9998,5013,Brownie,Afternoon,Weekday,2017,01
9999,5013,Raspberry shortbread sandwich,Afternoon,Weekday,2017,01
10000,5014,Tea,Afternoon,Weekday,2017,01
10001,5014,Sandwich,Afternoon,Weekday,2017,01
10002,5015,Coffee,Afternoon,Weekday,2017,01
10003,5015,Cookies,Afternoon,Weekday,2017,01
10004,5016,Cookies,Afternoon,Weekday,2017,01
10005,5017,Farm House,Afternoon,Weekday,2017,01
10006,5018,Bread,Evening,Weekday,2017,01
10007,5019,Bread,Morning,Weekend,2017,01
10008,5020,Coffee,Morning,Weekend,2017,01
10009,5020,Medialuna,Morning,Weekend,2017,01
10010,5021,Coffee,Morning,Weekend,2017,01
10011,5021,Pastry,Morning,Weekend,2017,01
10012,5022,Coffee,Morning,Weekend,2017,01
10013,5022,Medialuna,Morning,Weekend,2017,01
10014,5022,Pastry,Morning,Weekend,2017,01
10015,5023,Coffee,Morning,Weekend,2017,01
10016,5024,Cake,Morning,Weekend,2017,01
10017,5025,Medialuna,Morning,Weekend,2017,01
10018,5026,Coffee,Morning,Weekend,2017,01
10019,5027,Farm House,Morning,Weekend,2017,01
10020,5028,Bread,Morning,Weekend,2017,01
10021,5028,Brownie,Morning,Weekend,2017,01
10022,5029,Brownie,Morning,Weekend,2017,01
10023,5029,Coffee,Morning,Weekend,2017,01
10024,5030,Scandinavian,Morning,Weekend,2017,01
10025,5030,Bread,Morning,Weekend,2017,01
10026,5030,Alfajores,Morning,Weekend,2017,01
10027,5031,Bread,Morning,Weekend,2017,01
10028,5032,Medialuna,Morning,Weekend,2017,01
10029,5032,Bread,Morning,Weekend,2017,01
10030,5033,Bread,Morning,Weekend,2017,01
10031,5033,Pastry,Morning,Weekend,2017,01
10032,5034,Coffee,Morning,Weekend,2017,01
10033,5035,Scone,Morning,Weekend,2017,01
10034,5035,Tea,Morning,Weekend,2017,01
10035,5035,Juice,Morning,Weekend,2017,01
10036,5035,Medialuna,Morning,Weekend,2017,01
10037,5036,Tiffin,Morning,Weekend,2017,01
10038,5036,Coffee,Morning,Weekend,2017,01
10039,5037,Coffee,Morning,Weekend,2017,01
10040,5037,Cake,Morning,Weekend,2017,01
10041,5038,Bread,Morning,Weekend,2017,01
10042,5038,Scone,Morning,Weekend,2017,01
10043,5039,Medialuna,Morning,Weekend,2017,01
10044,5039,Coffee,Morning,Weekend,2017,01
10045,5040,Coffee,Morning,Weekend,2017,01
10046,5041,Spanish Brunch,Morning,Weekend,2017,01
10047,5041,Tea,Morning,Weekend,2017,01
10048,5041,Alfajores,Morning,Weekend,2017,01
10049,5042,Cake,Morning,Weekend,2017,01
10050,5043,Coffee,Morning,Weekend,2017,01
10051,5043,Coffee,Morning,Weekend,2017,01
10052,5043,Toast,Morning,Weekend,2017,01
10053,5043,Tiffin,Morning,Weekend,2017,01
10054,5044,Brownie,Morning,Weekend,2017,01
10055,5045,Pastry,Morning,Weekend,2017,01
10056,5046,Afternoon with the baker,Morning,Weekend,2017,01
10057,5047,Farm House,Morning,Weekend,2017,01
10058,5048,Coffee,Morning,Weekend,2017,01
10059,5048,Coffee,Morning,Weekend,2017,01
10060,5048,Coke,Morning,Weekend,2017,01
10061,5048,Juice,Morning,Weekend,2017,01
10062,5048,Cake,Morning,Weekend,2017,01
10063,5049,Bread,Morning,Weekend,2017,01
10064,5049,Tiffin,Morning,Weekend,2017,01
10065,5049,Cookies,Morning,Weekend,2017,01
10066,5050,Scone,Morning,Weekend,2017,01
10067,5050,Cake,Morning,Weekend,2017,01
10068,5050,Coffee,Morning,Weekend,2017,01
10069,5051,Coffee,Morning,Weekend,2017,01
10070,5052,Coffee,Morning,Weekend,2017,01
10071,5052,Coffee,Morning,Weekend,2017,01
10072,5052,Alfajores,Morning,Weekend,2017,01
10073,5052,Tiffin,Morning,Weekend,2017,01
10074,5052,Brownie,Morning,Weekend,2017,01
10075,5052,Bread,Morning,Weekend,2017,01
10076,5054,Coffee,Morning,Weekend,2017,01
10077,5054,Medialuna,Morning,Weekend,2017,01
10078,5054,Cake,Morning,Weekend,2017,01
10079,5055,Granola,Morning,Weekend,2017,01
10080,5055,Coffee,Morning,Weekend,2017,01
10081,5056,Cake,Morning,Weekend,2017,01
10082,5056,Hot chocolate,Morning,Weekend,2017,01
10083,5057,Tea,Morning,Weekend,2017,01
10084,5057,Scone,Morning,Weekend,2017,01
10085,5057,Tiffin,Morning,Weekend,2017,01
10086,5058,Bread,Morning,Weekend,2017,01
10087,5059,Tea,Afternoon,Weekend,2017,01
10088,5060,Coffee,Afternoon,Weekend,2017,01
10089,5060,Bread,Afternoon,Weekend,2017,01
10090,5061,Coffee,Afternoon,Weekend,2017,01
10091,5061,Coffee,Afternoon,Weekend,2017,01
10092,5061,Juice,Afternoon,Weekend,2017,01
10093,5061,Cake,Afternoon,Weekend,2017,01
10094,5061,Scone,Afternoon,Weekend,2017,01
10095,5061,Toast,Afternoon,Weekend,2017,01
10096,5062,Jammie Dodgers,Afternoon,Weekend,2017,01
10097,5062,Scone,Afternoon,Weekend,2017,01
10098,5062,Tiffin,Afternoon,Weekend,2017,01
10099,5062,Bread,Afternoon,Weekend,2017,01
10100,5062,Hot chocolate,Afternoon,Weekend,2017,01
10101,5062,Tea,Afternoon,Weekend,2017,01
10102,5062,Coffee,Afternoon,Weekend,2017,01
10103,5063,Scandinavian,Afternoon,Weekend,2017,01
10104,5064,Afternoon with the baker,Afternoon,Weekend,2017,01
10105,5065,Bread,Afternoon,Weekend,2017,01
10106,5066,Cookies,Afternoon,Weekend,2017,01
10107,5067,Bread,Afternoon,Weekend,2017,01
10108,5068,Bread,Afternoon,Weekend,2017,01
10109,5069,Spanish Brunch,Afternoon,Weekend,2017,01
10110,5069,Coffee,Afternoon,Weekend,2017,01
10111,5070,Scandinavian,Afternoon,Weekend,2017,01
10112,5071,Scandinavian,Afternoon,Weekend,2017,01
10113,5072,Brownie,Afternoon,Weekend,2017,01
10114,5072,Scone,Afternoon,Weekend,2017,01
10115,5073,Jammie Dodgers,Afternoon,Weekend,2017,01
10116,5073,Cake,Afternoon,Weekend,2017,01
10117,5075,Sandwich,Afternoon,Weekend,2017,01
10118,5076,Hot chocolate,Afternoon,Weekend,2017,01
10119,5077,Coffee,Afternoon,Weekend,2017,01
10120,5077,Coffee,Afternoon,Weekend,2017,01
10121,5078,Coffee,Afternoon,Weekend,2017,01
10122,5078,Tea,Afternoon,Weekend,2017,01
10123,5079,Sandwich,Afternoon,Weekend,2017,01
10124,5079,Cake,Afternoon,Weekend,2017,01
10125,5079,Smoothies,Afternoon,Weekend,2017,01
10126,5079,Bread,Afternoon,Weekend,2017,01
10127,5080,Spanish Brunch,Afternoon,Weekend,2017,01
10128,5080,Sandwich,Afternoon,Weekend,2017,01
10129,5080,Coffee,Afternoon,Weekend,2017,01
10130,5080,Truffles,Afternoon,Weekend,2017,01
10131,5081,Cookies,Afternoon,Weekend,2017,01
10132,5082,Sandwich,Afternoon,Weekend,2017,01
10133,5082,Toast,Afternoon,Weekend,2017,01
10134,5082,Tea,Afternoon,Weekend,2017,01
10135,5082,Fudge,Afternoon,Weekend,2017,01
10136,5083,Coffee,Afternoon,Weekend,2017,01
10137,5083,Jammie Dodgers,Afternoon,Weekend,2017,01
10138,5084,Cake,Afternoon,Weekend,2017,01
10139,5084,Jammie Dodgers,Afternoon,Weekend,2017,01
10140,5086,Frittata,Afternoon,Weekend,2017,01
10141,5086,Bread,Afternoon,Weekend,2017,01
10142,5087,Coffee,Afternoon,Weekend,2017,01
10143,5088,Afternoon with the baker,Afternoon,Weekend,2017,01
10144,5089,Raspberry shortbread sandwich,Afternoon,Weekend,2017,01
10145,5089,Bread,Afternoon,Weekend,2017,01
10146,5089,Coffee,Afternoon,Weekend,2017,01
10147,5090,Sandwich,Afternoon,Weekend,2017,01
10148,5090,Extra Salami or Feta,Afternoon,Weekend,2017,01
10149,5090,Tea,Afternoon,Weekend,2017,01
10150,5090,Bread,Afternoon,Weekend,2017,01
10151,5090,Cake,Afternoon,Weekend,2017,01
10152,5092,Tea,Afternoon,Weekend,2017,01
10153,5092,Duck egg,Afternoon,Weekend,2017,01
10154,5093,Scandinavian,Afternoon,Weekend,2017,01
10155,5094,Coffee,Afternoon,Weekend,2017,01
10156,5094,Hot chocolate,Afternoon,Weekend,2017,01
10157,5094,Brownie,Afternoon,Weekend,2017,01
10158,5095,Spanish Brunch,Afternoon,Weekend,2017,01
10159,5095,Bread,Afternoon,Weekend,2017,01
10160,5096,Bread,Afternoon,Weekend,2017,01
10161,5096,Coffee,Afternoon,Weekend,2017,01
10162,5097,Jam,Afternoon,Weekend,2017,01
10163,5098,Coffee,Afternoon,Weekend,2017,01
10164,5098,Frittata,Afternoon,Weekend,2017,01
10165,5098,Scone,Afternoon,Weekend,2017,01
10166,5099,Coffee,Afternoon,Weekend,2017,01
10167,5099,Coffee,Afternoon,Weekend,2017,01
10168,5099,Cake,Afternoon,Weekend,2017,01
10169,5099,Bread,Afternoon,Weekend,2017,01
10170,5100,Coffee,Afternoon,Weekend,2017,01
10171,5100,Hot chocolate,Afternoon,Weekend,2017,01
10172,5100,Cake,Afternoon,Weekend,2017,01
10173,5100,Brownie,Afternoon,Weekend,2017,01
10174,5100,Extra Salami or Feta,Afternoon,Weekend,2017,01
10175,5101,Fudge,Afternoon,Weekend,2017,01
10176,5102,Coffee,Afternoon,Weekend,2017,01
10177,5103,Hot chocolate,Afternoon,Weekend,2017,01
10178,5103,Bread,Afternoon,Weekend,2017,01
10179,5103,Scone,Afternoon,Weekend,2017,01
10180,5104,Cake,Afternoon,Weekend,2017,01
10181,5105,Bread,Afternoon,Weekend,2017,01
10182,5105,Bread,Afternoon,Weekend,2017,01
10183,5105,Frittata,Afternoon,Weekend,2017,01
10184,5106,Coffee,Afternoon,Weekend,2017,01
10185,5106,Bread,Afternoon,Weekend,2017,01
10186,5107,Brownie,Afternoon,Weekend,2017,01
10187,5108,Cake,Afternoon,Weekend,2017,01
10188,5108,Muffin,Afternoon,Weekend,2017,01
10189,5109,Cake,Afternoon,Weekend,2017,01
10190,5110,Hot chocolate,Afternoon,Weekend,2017,01
10191,5110,Coffee,Afternoon,Weekend,2017,01
10192,5111,Tea,Afternoon,Weekend,2017,01
10193,5111,Frittata,Afternoon,Weekend,2017,01
10194,5112,Coffee,Afternoon,Weekend,2017,01
10195,5113,Tea,Afternoon,Weekend,2017,01
10196,5113,Hot chocolate,Afternoon,Weekend,2017,01
10197,5113,Juice,Afternoon,Weekend,2017,01
10198,5113,Cookies,Afternoon,Weekend,2017,01
10199,5114,Cake,Afternoon,Weekend,2017,01
10200,5114,Bread,Afternoon,Weekend,2017,01
10201,5114,Hot chocolate,Afternoon,Weekend,2017,01
10202,5115,Bread,Morning,Weekend,2017,01
10203,5116,Scone,Morning,Weekend,2017,01
10204,5116,Cookies,Morning,Weekend,2017,01
10205,5116,Coffee,Morning,Weekend,2017,01
10206,5116,Juice,Morning,Weekend,2017,01
10207,5117,Coffee,Morning,Weekend,2017,01
10208,5117,Coffee,Morning,Weekend,2017,01
10209,5117,Brownie,Morning,Weekend,2017,01
10210,5117,Scone,Morning,Weekend,2017,01
10211,5118,Coffee,Morning,Weekend,2017,01
10212,5119,Tea,Morning,Weekend,2017,01
10213,5119,Raspberry shortbread sandwich,Morning,Weekend,2017,01
10214,5120,Afternoon with the baker,Morning,Weekend,2017,01
10215,5121,Hot chocolate,Morning,Weekend,2017,01
10216,5121,Coffee,Morning,Weekend,2017,01
10217,5121,Tea,Morning,Weekend,2017,01
10218,5121,Alfajores,Morning,Weekend,2017,01
10219,5121,Pastry,Morning,Weekend,2017,01
10220,5121,Tiffin,Morning,Weekend,2017,01
10221,5122,Coffee,Morning,Weekend,2017,01
10222,5122,Medialuna,Morning,Weekend,2017,01
10223,5123,Toast,Morning,Weekend,2017,01
10224,5123,Coffee,Morning,Weekend,2017,01
10225,5124,Coffee,Morning,Weekend,2017,01
10226,5125,Coffee,Morning,Weekend,2017,01
10227,5125,Coffee,Morning,Weekend,2017,01
10228,5125,Toast,Morning,Weekend,2017,01
10229,5126,Coffee,Morning,Weekend,2017,01
10230,5127,Bread,Morning,Weekend,2017,01
10231,5127,Coffee,Morning,Weekend,2017,01
10232,5127,Bread,Morning,Weekend,2017,01
10233,5128,Bread,Morning,Weekend,2017,01
10234,5128,Eggs,Morning,Weekend,2017,01
10235,5129,Bread,Morning,Weekend,2017,01
10236,5130,Bread,Morning,Weekend,2017,01
10237,5130,Bread,Morning,Weekend,2017,01
10238,5130,Coffee,Morning,Weekend,2017,01
10239,5130,Scone,Morning,Weekend,2017,01
10240,5130,Frittata,Morning,Weekend,2017,01
10241,5131,Medialuna,Morning,Weekend,2017,01
10242,5132,Bread,Morning,Weekend,2017,01
10243,5133,Coffee,Morning,Weekend,2017,01
10244,5133,Bread,Morning,Weekend,2017,01
10245,5133,Bread,Morning,Weekend,2017,01
10246,5134,Coffee,Morning,Weekend,2017,01
10247,5134,Coffee,Morning,Weekend,2017,01
10248,5134,Toast,Morning,Weekend,2017,01
10249,5135,Medialuna,Morning,Weekend,2017,01
10250,5136,Scone,Morning,Weekend,2017,01
10251,5137,Tea,Morning,Weekend,2017,01
10252,5137,Coffee,Morning,Weekend,2017,01
10253,5137,Toast,Morning,Weekend,2017,01
10254,5137,Bread,Morning,Weekend,2017,01
10255,5138,Bread,Morning,Weekend,2017,01
10256,5138,Alfajores,Morning,Weekend,2017,01
10257,5139,Coffee,Morning,Weekend,2017,01
10258,5139,Cake,Morning,Weekend,2017,01
10259,5140,Coffee,Morning,Weekend,2017,01
10260,5140,Cake,Morning,Weekend,2017,01
10261,5140,Bread,Morning,Weekend,2017,01
10262,5141,Bread,Morning,Weekend,2017,01
10263,5141,Coffee,Morning,Weekend,2017,01
10264,5141,Tea,Morning,Weekend,2017,01
10265,5142,Hot chocolate,Morning,Weekend,2017,01
10266,5142,Cake,Morning,Weekend,2017,01
10267,5142,Bread,Morning,Weekend,2017,01
10268,5143,Tea,Morning,Weekend,2017,01
10269,5144,Alfajores,Afternoon,Weekend,2017,01
10270,5144,Coffee,Afternoon,Weekend,2017,01
10271,5145,Hot chocolate,Afternoon,Weekend,2017,01
10272,5145,Coffee,Afternoon,Weekend,2017,01
10273,5146,Hot chocolate,Afternoon,Weekend,2017,01
10274,5146,Smoothies,Afternoon,Weekend,2017,01
10275,5146,The Nomad,Afternoon,Weekend,2017,01
10276,5146,Bread,Afternoon,Weekend,2017,01
10277,5146,Afternoon with the baker,Afternoon,Weekend,2017,01
10278,5147,Tea,Afternoon,Weekend,2017,01
10279,5148,Bread,Afternoon,Weekend,2017,01
10280,5149,Jammie Dodgers,Afternoon,Weekend,2017,01
10281,5150,The Nomad,Afternoon,Weekend,2017,01
10282,5150,Juice,Afternoon,Weekend,2017,01
10283,5150,Coffee,Afternoon,Weekend,2017,01
10284,5150,Coffee,Afternoon,Weekend,2017,01
10285,5151,Bread,Afternoon,Weekend,2017,01
10286,5151,Scone,Afternoon,Weekend,2017,01
10287,5151,Pastry,Afternoon,Weekend,2017,01
10288,5151,Cake,Afternoon,Weekend,2017,01
10289,5151,Bread,Afternoon,Weekend,2017,01
10290,5152,Coffee,Afternoon,Weekend,2017,01
10291,5152,Scone,Afternoon,Weekend,2017,01
10292,5152,Sandwich,Afternoon,Weekend,2017,01
10293,5153,Coffee,Afternoon,Weekend,2017,01
10294,5153,Cake,Afternoon,Weekend,2017,01
10295,5153,Pastry,Afternoon,Weekend,2017,01
10296,5154,Tea,Afternoon,Weekend,2017,01
10297,5154,Cookies,Afternoon,Weekend,2017,01
10298,5154,Soup,Afternoon,Weekend,2017,01
10299,5155,Hot chocolate,Afternoon,Weekend,2017,01
10300,5155,Bread,Afternoon,Weekend,2017,01
10301,5155,Cake,Afternoon,Weekend,2017,01
10302,5155,Jammie Dodgers,Afternoon,Weekend,2017,01
10303,5156,Soup,Afternoon,Weekend,2017,01
10304,5157,Salad,Afternoon,Weekend,2017,01
10305,5158,Pastry,Afternoon,Weekend,2017,01
10306,5158,Frittata,Afternoon,Weekend,2017,01
10307,5159,Bread,Afternoon,Weekend,2017,01
10308,5160,Alfajores,Afternoon,Weekend,2017,01
10309,5160,Jammie Dodgers,Afternoon,Weekend,2017,01
10310,5160,Cake,Afternoon,Weekend,2017,01
10311,5160,Tiffin,Afternoon,Weekend,2017,01
10312,5160,Cake,Afternoon,Weekend,2017,01
10313,5161,Soup,Afternoon,Weekend,2017,01
10314,5161,Salad,Afternoon,Weekend,2017,01
10315,5161,Extra Salami or Feta,Afternoon,Weekend,2017,01
10316,5161,Sandwich,Afternoon,Weekend,2017,01
10317,5161,Coffee,Afternoon,Weekend,2017,01
10318,5161,Coffee,Afternoon,Weekend,2017,01
10319,5161,Coffee,Afternoon,Weekend,2017,01
10320,5162,Coffee,Afternoon,Weekend,2017,01
10321,5162,Coffee,Afternoon,Weekend,2017,01
10322,5162,Alfajores,Afternoon,Weekend,2017,01
10323,5163,Cake,Afternoon,Weekend,2017,01
10324,5164,Tea,Afternoon,Weekend,2017,01
10325,5164,Tea,Afternoon,Weekend,2017,01
10326,5165,Smoothies,Afternoon,Weekend,2017,01
10327,5165,Tea,Afternoon,Weekend,2017,01
10328,5165,Hot chocolate,Afternoon,Weekend,2017,01
10329,5165,Jammie Dodgers,Afternoon,Weekend,2017,01
10330,5166,Coffee,Afternoon,Weekend,2017,01
10331,5166,Bread,Afternoon,Weekend,2017,01
10332,5167,Toast,Afternoon,Weekend,2017,01
10333,5167,Soup,Afternoon,Weekend,2017,01
10334,5167,Coffee,Afternoon,Weekend,2017,01
10335,5167,Juice,Afternoon,Weekend,2017,01
10336,5168,Alfajores,Afternoon,Weekend,2017,01
10337,5168,Coffee,Afternoon,Weekend,2017,01
10338,5168,Bread,Afternoon,Weekend,2017,01
10339,5169,Coffee,Afternoon,Weekend,2017,01
10340,5169,Coffee,Afternoon,Weekend,2017,01
10341,5169,Spanish Brunch,Afternoon,Weekend,2017,01
10342,5169,Duck egg,Afternoon,Weekend,2017,01
10343,5170,Soup,Afternoon,Weekend,2017,01
10344,5170,Coffee,Afternoon,Weekend,2017,01
10345,5170,Cake,Afternoon,Weekend,2017,01
10346,5171,Coffee,Afternoon,Weekend,2017,01
10347,5172,Sandwich,Afternoon,Weekend,2017,01
10348,5173,Coffee,Afternoon,Weekend,2017,01
10349,5173,Coffee,Afternoon,Weekend,2017,01
10350,5173,Sandwich,Afternoon,Weekend,2017,01
10351,5173,Sandwich,Afternoon,Weekend,2017,01
10352,5174,Tea,Afternoon,Weekend,2017,01
10353,5174,Toast,Afternoon,Weekend,2017,01
10354,5175,Coffee,Afternoon,Weekend,2017,01
10355,5176,Truffles,Afternoon,Weekend,2017,01
10356,5176,Juice,Afternoon,Weekend,2017,01
10357,5176,Bread,Afternoon,Weekend,2017,01
10358,5176,Jammie Dodgers,Afternoon,Weekend,2017,01
10359,5176,Cake,Afternoon,Weekend,2017,01
10360,5176,Medialuna,Afternoon,Weekend,2017,01
10361,5177,Coffee,Afternoon,Weekend,2017,01
10362,5177,Jammie Dodgers,Afternoon,Weekend,2017,01
10363,5178,Bread,Afternoon,Weekend,2017,01
10364,5179,Smoothies,Afternoon,Weekend,2017,01
10365,5179,Tea,Afternoon,Weekend,2017,01
10366,5179,Bread,Afternoon,Weekend,2017,01
10367,5179,Fudge,Afternoon,Weekend,2017,01
10368,5180,Bread,Morning,Weekday,2017,01
10369,5181,Bread,Morning,Weekday,2017,01
10370,5182,Coffee,Morning,Weekday,2017,01
10371,5182,Coffee,Morning,Weekday,2017,01
10372,5183,Coffee,Morning,Weekday,2017,01
10373,5184,Hot chocolate,Morning,Weekday,2017,01
10374,5184,Toast,Morning,Weekday,2017,01
10375,5185,Tea,Morning,Weekday,2017,01
10376,5185,Hot chocolate,Morning,Weekday,2017,01
10377,5185,Sandwich,Morning,Weekday,2017,01
10378,5187,Tea,Morning,Weekday,2017,01
10379,5187,Coffee,Morning,Weekday,2017,01
10380,5187,Hot chocolate,Morning,Weekday,2017,01
10381,5188,Cake,Morning,Weekday,2017,01
10382,5189,Coffee,Morning,Weekday,2017,01
10383,5189,Coffee,Morning,Weekday,2017,01
10384,5189,Toast,Morning,Weekday,2017,01
10385,5189,Extra Salami or Feta,Morning,Weekday,2017,01
10386,5189,Cake,Morning,Weekday,2017,01
10387,5190,Bread,Morning,Weekday,2017,01
10388,5190,Coffee,Morning,Weekday,2017,01
10389,5190,Pastry,Morning,Weekday,2017,01
10390,5191,Coffee,Morning,Weekday,2017,01
10391,5191,Toast,Morning,Weekday,2017,01
10392,5192,Sandwich,Afternoon,Weekday,2017,01
10393,5192,Bread,Afternoon,Weekday,2017,01
10394,5193,Coffee,Afternoon,Weekday,2017,01
10395,5194,Sandwich,Afternoon,Weekday,2017,01
10396,5194,Cake,Afternoon,Weekday,2017,01
10397,5194,Hot chocolate,Afternoon,Weekday,2017,01
10398,5195,Farm House,Afternoon,Weekday,2017,01
10399,5195,Pastry,Afternoon,Weekday,2017,01
10400,5196,Coffee,Afternoon,Weekday,2017,01
10401,5196,Soup,Afternoon,Weekday,2017,01
10402,5197,Soup,Afternoon,Weekday,2017,01
10403,5197,Bread,Afternoon,Weekday,2017,01
10404,5198,Tea,Afternoon,Weekday,2017,01
10405,5198,Tea,Afternoon,Weekday,2017,01
10406,5199,Cake,Afternoon,Weekday,2017,01
10407,5199,Frittata,Afternoon,Weekday,2017,01
10408,5200,Tea,Afternoon,Weekday,2017,01
10409,5200,Coffee,Afternoon,Weekday,2017,01
10410,5200,Cake,Afternoon,Weekday,2017,01
10411,5201,Cookies,Afternoon,Weekday,2017,01
10412,5201,Cake,Afternoon,Weekday,2017,01
10413,5202,Tea,Afternoon,Weekday,2017,01
10414,5202,Cake,Afternoon,Weekday,2017,01
10415,5202,Cake,Afternoon,Weekday,2017,01
10416,5203,Cake,Afternoon,Weekday,2017,01
10417,5204,Cookies,Afternoon,Weekday,2017,01
10418,5205,Cake,Afternoon,Weekday,2017,01
10419,5205,Cookies,Afternoon,Weekday,2017,01
10420,5205,Sandwich,Afternoon,Weekday,2017,01
10421,5205,Soup,Afternoon,Weekday,2017,01
10422,5205,Coffee,Afternoon,Weekday,2017,01
10423,5205,Tea,Afternoon,Weekday,2017,01
10424,5206,Tea,Afternoon,Weekday,2017,01
10425,5206,Cookies,Afternoon,Weekday,2017,01
10426,5207,Bread,Afternoon,Weekday,2017,01
10427,5208,Sandwich,Afternoon,Weekday,2017,01
10428,5208,Sandwich,Afternoon,Weekday,2017,01
10429,5208,Coke,Afternoon,Weekday,2017,01
10430,5208,Cake,Afternoon,Weekday,2017,01
10431,5208,Crisps,Afternoon,Weekday,2017,01
10432,5209,Coffee,Afternoon,Weekday,2017,01
10433,5209,Soup,Afternoon,Weekday,2017,01
10434,5210,Spanish Brunch,Afternoon,Weekday,2017,01
10435,5210,Tea,Afternoon,Weekday,2017,01
10436,5210,Bread,Afternoon,Weekday,2017,01
10437,5210,Cake,Afternoon,Weekday,2017,01
10438,5211,Coffee,Afternoon,Weekday,2017,01
10439,5212,Bread,Afternoon,Weekday,2017,01
10440,5213,Coffee,Afternoon,Weekday,2017,01
10441,5214,Coffee,Afternoon,Weekday,2017,01
10442,5215,Coffee,Afternoon,Weekday,2017,01
10443,5215,Bread,Afternoon,Weekday,2017,01
10444,5216,Bread,Afternoon,Weekday,2017,01
10445,5216,Coffee,Afternoon,Weekday,2017,01
10446,5216,Cake,Afternoon,Weekday,2017,01
10447,5217,Coffee,Afternoon,Weekday,2017,01
10448,5217,Coffee,Afternoon,Weekday,2017,01
10449,5217,Medialuna,Afternoon,Weekday,2017,01
10450,5218,Cake,Afternoon,Weekday,2017,01
10451,5219,Soup,Afternoon,Weekday,2017,01
10452,5219,Coffee,Afternoon,Weekday,2017,01
10453,5219,Coffee,Afternoon,Weekday,2017,01
10454,5219,Coffee,Afternoon,Weekday,2017,01
10455,5219,Cake,Afternoon,Weekday,2017,01
10456,5220,Alfajores,Afternoon,Weekday,2017,01
10457,5220,Coffee,Afternoon,Weekday,2017,01
10458,5221,Coffee,Afternoon,Weekday,2017,01
10459,5221,Chicken Stew,Afternoon,Weekday,2017,01
10460,5221,Juice,Afternoon,Weekday,2017,01
10461,5222,Coffee,Afternoon,Weekday,2017,01
10462,5222,Hot chocolate,Afternoon,Weekday,2017,01
10463,5222,Cake,Afternoon,Weekday,2017,01
10464,5223,Cookies,Afternoon,Weekday,2017,01
10465,5223,Hot chocolate,Afternoon,Weekday,2017,01
10466,5223,Tea,Afternoon,Weekday,2017,01
10467,5223,Toast,Afternoon,Weekday,2017,01
10468,5224,Coffee,Afternoon,Weekday,2017,01
10469,5225,Hot chocolate,Afternoon,Weekday,2017,01
10470,5225,Coffee,Afternoon,Weekday,2017,01
10471,5225,Coffee,Afternoon,Weekday,2017,01
10472,5225,Cake,Afternoon,Weekday,2017,01
10473,5225,Cookies,Afternoon,Weekday,2017,01
10474,5226,Hot chocolate,Afternoon,Weekday,2017,01
10475,5226,Cake,Afternoon,Weekday,2017,01
10476,5227,Bread,Morning,Weekday,2017,01
10477,5228,Bread,Morning,Weekday,2017,01
10478,5229,Bread,Morning,Weekday,2017,01
10479,5230,Coffee,Morning,Weekday,2017,01
10480,5230,Coffee,Morning,Weekday,2017,01
10481,5230,Pastry,Morning,Weekday,2017,01
10482,5231,Coffee,Morning,Weekday,2017,01
10483,5232,Coffee,Morning,Weekday,2017,01
10484,5232,Scandinavian,Morning,Weekday,2017,01
10485,5232,Focaccia,Morning,Weekday,2017,01
10486,5233,Bread,Morning,Weekday,2017,01
10487,5234,Coffee,Morning,Weekday,2017,01
10488,5234,Coffee,Morning,Weekday,2017,01
10489,5235,Coffee,Morning,Weekday,2017,01
10490,5236,Coffee,Morning,Weekday,2017,01
10491,5237,Coffee,Morning,Weekday,2017,01
10492,5238,Bread,Morning,Weekday,2017,01
10493,5238,Cookies,Morning,Weekday,2017,01
10494,5239,Scandinavian,Morning,Weekday,2017,01
10495,5240,Scandinavian,Morning,Weekday,2017,01
10496,5241,Scandinavian,Morning,Weekday,2017,01
10497,5242,Farm House,Morning,Weekday,2017,01
10498,5243,Coffee,Morning,Weekday,2017,01
10499,5243,Coffee,Morning,Weekday,2017,01
10500,5244,Bread,Morning,Weekday,2017,01
10501,5245,Farm House,Morning,Weekday,2017,01
10502,5247,Coffee,Morning,Weekday,2017,01
10503,5247,Vegan mincepie,Morning,Weekday,2017,01
10504,5248,Coffee,Morning,Weekday,2017,01
10505,5249,Coffee,Morning,Weekday,2017,01
10506,5249,Medialuna,Morning,Weekday,2017,01
10507,5249,Bread,Morning,Weekday,2017,01
10508,5250,Muffin,Morning,Weekday,2017,01
10509,5250,Pastry,Morning,Weekday,2017,01
10510,5250,Coffee,Morning,Weekday,2017,01
10511,5250,Tea,Morning,Weekday,2017,01
10512,5251,Cake,Morning,Weekday,2017,01
10513,5252,Chicken Stew,Afternoon,Weekday,2017,01
10514,5253,Tea,Afternoon,Weekday,2017,01
10515,5254,Soup,Afternoon,Weekday,2017,01
10516,5255,Bread,Afternoon,Weekday,2017,01
10517,5255,Coffee,Afternoon,Weekday,2017,01
10518,5255,Salad,Afternoon,Weekday,2017,01
10519,5255,Spanish Brunch,Afternoon,Weekday,2017,01
10520,5256,Coke,Afternoon,Weekday,2017,01
10521,5257,Tea,Afternoon,Weekday,2017,01
10522,5258,Chicken Stew,Afternoon,Weekday,2017,01
10523,5259,Bread,Afternoon,Weekday,2017,01
10524,5260,Tea,Afternoon,Weekday,2017,01
10525,5260,Coffee,Afternoon,Weekday,2017,01
10526,5260,Soup,Afternoon,Weekday,2017,01
10527,5260,Art Tray,Afternoon,Weekday,2017,01
10528,5261,Bread,Afternoon,Weekday,2017,01
10529,5261,Focaccia,Afternoon,Weekday,2017,01
10530,5261,Medialuna,Afternoon,Weekday,2017,01
10531,5261,Cookies,Afternoon,Weekday,2017,01
10532,5261,Coffee,Afternoon,Weekday,2017,01
10533,5262,Bread,Afternoon,Weekday,2017,01
10534,5263,Soup,Afternoon,Weekday,2017,01
10535,5264,Chicken Stew,Afternoon,Weekday,2017,01
10536,5264,Art Tray,Afternoon,Weekday,2017,01
10537,5264,Pastry,Afternoon,Weekday,2017,01
10538,5264,Truffles,Afternoon,Weekday,2017,01
10539,5264,Coffee,Afternoon,Weekday,2017,01
10540,5264,Coke,Afternoon,Weekday,2017,01
10541,5264,Bread,Afternoon,Weekday,2017,01
10542,5265,Bread,Afternoon,Weekday,2017,01
10543,5265,Focaccia,Afternoon,Weekday,2017,01
10544,5267,Frittata,Afternoon,Weekday,2017,01
10545,5267,Tea,Afternoon,Weekday,2017,01
10546,5268,Coffee,Afternoon,Weekday,2017,01
10547,5268,Chicken Stew,Afternoon,Weekday,2017,01
10548,5268,Art Tray,Afternoon,Weekday,2017,01
10549,5269,Bread,Afternoon,Weekday,2017,01
10550,5269,Scandinavian,Afternoon,Weekday,2017,01
10551,5271,Tea,Afternoon,Weekday,2017,01
10552,5271,Tea,Afternoon,Weekday,2017,01
10553,5271,Spanish Brunch,Afternoon,Weekday,2017,01
10554,5271,Salad,Afternoon,Weekday,2017,01
10555,5272,Cake,Afternoon,Weekday,2017,01
10556,5273,Coffee,Afternoon,Weekday,2017,01
10557,5273,Coffee,Afternoon,Weekday,2017,01
10558,5273,Hot chocolate,Afternoon,Weekday,2017,01
10559,5274,Spanish Brunch,Afternoon,Weekday,2017,01
10560,5274,Juice,Afternoon,Weekday,2017,01
10561,5274,Truffles,Afternoon,Weekday,2017,01
10562,5275,Coffee,Afternoon,Weekday,2017,01
10563,5275,Pastry,Afternoon,Weekday,2017,01
10564,5276,Cake,Afternoon,Weekday,2017,01
10565,5277,Fudge,Afternoon,Weekday,2017,01
10566,5277,Sandwich,Afternoon,Weekday,2017,01
10567,5278,Muffin,Afternoon,Weekday,2017,01
10568,5278,Cookies,Afternoon,Weekday,2017,01
10569,5279,Bread,Afternoon,Weekday,2017,01
10570,5279,Bread,Afternoon,Weekday,2017,01
10571,5280,Coffee,Afternoon,Weekday,2017,01
10572,5281,Coffee,Afternoon,Weekday,2017,01
10573,5281,Cake,Afternoon,Weekday,2017,01
10574,5282,Tea,Afternoon,Weekday,2017,01
10575,5282,Chicken Stew,Afternoon,Weekday,2017,01
10576,5283,Bread,Afternoon,Weekday,2017,01
10577,5283,Coffee,Afternoon,Weekday,2017,01
10578,5283,Cake,Afternoon,Weekday,2017,01
10579,5284,Bread,Afternoon,Weekday,2017,01
10580,5284,Cake,Afternoon,Weekday,2017,01
10581,5285,Bread,Afternoon,Weekday,2017,01
10582,5286,Coffee,Afternoon,Weekday,2017,01
10583,5286,Bread,Afternoon,Weekday,2017,01
10584,5287,Coffee,Afternoon,Weekday,2017,01
10585,5287,Pastry,Afternoon,Weekday,2017,01
10586,5288,Tea,Evening,Weekday,2017,01
10587,5288,Cake,Evening,Weekday,2017,01
10588,5289,Bread,Morning,Weekday,2017,01
10589,5290,Bread,Morning,Weekday,2017,01
10590,5291,Coffee,Morning,Weekday,2017,01
10591,5291,Toast,Morning,Weekday,2017,01
10592,5292,Coffee,Morning,Weekday,2017,01
10593,5293,Bread,Morning,Weekday,2017,01
10594,5293,Medialuna,Morning,Weekday,2017,01
10595,5294,Eggs,Morning,Weekday,2017,01
10596,5294,Coffee,Morning,Weekday,2017,01
10597,5294,Pastry,Morning,Weekday,2017,01
10598,5295,Coffee,Morning,Weekday,2017,01
10599,5296,Scandinavian,Morning,Weekday,2017,01
10600,5296,Cookies,Morning,Weekday,2017,01
10601,5297,Bread,Morning,Weekday,2017,01
10602,5298,Bread,Morning,Weekday,2017,01
10603,5299,Bread,Morning,Weekday,2017,01
10604,5300,Medialuna,Morning,Weekday,2017,01
10605,5301,Farm House,Morning,Weekday,2017,01
10606,5302,Baguette,Morning,Weekday,2017,01
10607,5302,Bread,Morning,Weekday,2017,01
10608,5303,Bread,Morning,Weekday,2017,01
10609,5304,Baguette,Morning,Weekday,2017,01
10610,5305,Soup,Afternoon,Weekday,2017,01
10611,5306,Tea,Afternoon,Weekday,2017,01
10612,5307,Coffee,Afternoon,Weekday,2017,01
10613,5307,Tea,Afternoon,Weekday,2017,01
10614,5307,Cookies,Afternoon,Weekday,2017,01
10615,5307,Pastry,Afternoon,Weekday,2017,01
10616,5308,Bread,Afternoon,Weekday,2017,01
10617,5309,Bread,Afternoon,Weekday,2017,01
10618,5310,Coffee,Afternoon,Weekday,2017,01
10619,5310,Tea,Afternoon,Weekday,2017,01
10620,5310,Sandwich,Afternoon,Weekday,2017,01
10621,5310,Chicken Stew,Afternoon,Weekday,2017,01
10622,5311,Sandwich,Afternoon,Weekday,2017,01
10623,5311,Coffee,Afternoon,Weekday,2017,01
10624,5311,Coke,Afternoon,Weekday,2017,01
10625,5312,Sandwich,Afternoon,Weekday,2017,01
10626,5313,Sandwich,Afternoon,Weekday,2017,01
10627,5314,Coffee,Afternoon,Weekday,2017,01
10628,5315,Bread,Afternoon,Weekday,2017,01
10629,5316,Sandwich,Afternoon,Weekday,2017,01
10630,5316,Tea,Afternoon,Weekday,2017,01
10631,5316,Coffee,Afternoon,Weekday,2017,01
10632,5317,Hot chocolate,Afternoon,Weekday,2017,01
10633,5317,Bread,Afternoon,Weekday,2017,01
10634,5318,Tea,Afternoon,Weekday,2017,01
10635,5318,The Nomad,Afternoon,Weekday,2017,01
10636,5318,Cake,Afternoon,Weekday,2017,01
10637,5319,Bread,Afternoon,Weekday,2017,01
10638,5319,Tea,Afternoon,Weekday,2017,01
10639,5319,Soup,Afternoon,Weekday,2017,01
10640,5320,Tea,Afternoon,Weekday,2017,01
10641,5320,Soup,Afternoon,Weekday,2017,01
10642,5320,Sandwich,Afternoon,Weekday,2017,01
10643,5320,Medialuna,Afternoon,Weekday,2017,01
10644,5321,Coffee,Afternoon,Weekday,2017,01
10645,5321,Tea,Afternoon,Weekday,2017,01
10646,5321,Cake,Afternoon,Weekday,2017,01
10647,5322,Sandwich,Afternoon,Weekday,2017,01
10648,5323,Tea,Afternoon,Weekday,2017,01
10649,5324,Coke,Afternoon,Weekday,2017,01
10650,5325,Bread,Afternoon,Weekday,2017,01
10651,5326,Tea,Afternoon,Weekday,2017,01
10652,5327,Juice,Afternoon,Weekday,2017,01
10653,5327,Cake,Afternoon,Weekday,2017,01
10654,5328,Cake,Afternoon,Weekday,2017,01
10655,5328,Coffee,Afternoon,Weekday,2017,01
10656,5329,Muffin,Afternoon,Weekday,2017,01
10657,5336,Bread,Morning,Weekday,2017,01
10658,5337,Bread,Morning,Weekday,2017,01
10659,5337,Medialuna,Morning,Weekday,2017,01
10660,5338,Tea,Morning,Weekday,2017,01
10661,5339,Bread,Morning,Weekday,2017,01
10662,5339,Coffee,Morning,Weekday,2017,01
10663,5340,Bread,Morning,Weekday,2017,01
10664,5341,Farm House,Morning,Weekday,2017,01
10665,5342,Bread,Morning,Weekday,2017,01
10666,5342,Coffee,Morning,Weekday,2017,01
10667,5342,Tea,Morning,Weekday,2017,01
10668,5342,Cookies,Morning,Weekday,2017,01
10669,5342,Hot chocolate,Morning,Weekday,2017,01
10670,5343,Coffee,Morning,Weekday,2017,01
10671,5344,Coffee,Morning,Weekday,2017,01
10672,5345,Bread,Morning,Weekday,2017,01
10673,5345,Muffin,Morning,Weekday,2017,01
10674,5345,Coffee,Morning,Weekday,2017,01
10675,5346,Muffin,Morning,Weekday,2017,01
10676,5347,Cookies,Morning,Weekday,2017,01
10677,5347,Juice,Morning,Weekday,2017,01
10678,5348,Cookies,Morning,Weekday,2017,01
10679,5348,Cookies,Morning,Weekday,2017,01
10680,5348,Coffee,Morning,Weekday,2017,01
10681,5348,Hot chocolate,Morning,Weekday,2017,01
10682,5349,Tea,Morning,Weekday,2017,01
10683,5349,Muffin,Morning,Weekday,2017,01
10684,5349,Cake,Morning,Weekday,2017,01
10685,5349,Juice,Morning,Weekday,2017,01
10686,5349,Coffee,Morning,Weekday,2017,01
10687,5350,Tea,Morning,Weekday,2017,01
10688,5350,Muffin,Morning,Weekday,2017,01
10689,5350,Cake,Morning,Weekday,2017,01
10690,5350,Juice,Morning,Weekday,2017,01
10691,5350,Coffee,Morning,Weekday,2017,01
10692,5352,Coffee,Morning,Weekday,2017,01
10693,5353,Bread,Morning,Weekday,2017,01
10694,5353,Coffee,Morning,Weekday,2017,01
10695,5353,Toast,Morning,Weekday,2017,01
10696,5354,Coffee,Morning,Weekday,2017,01
10697,5354,Hot chocolate,Morning,Weekday,2017,01
10698,5354,Art Tray,Morning,Weekday,2017,01
10699,5354,Sandwich,Morning,Weekday,2017,01
10700,5355,Juice,Morning,Weekday,2017,01
10701,5355,Tea,Morning,Weekday,2017,01
10702,5355,Muffin,Morning,Weekday,2017,01
10703,5356,Coffee,Morning,Weekday,2017,01
10704,5356,Coffee,Morning,Weekday,2017,01
10705,5357,Coffee,Morning,Weekday,2017,01
10706,5358,Coffee,Afternoon,Weekday,2017,01
10707,5358,Coffee,Afternoon,Weekday,2017,01
10708,5358,Cookies,Afternoon,Weekday,2017,01
10709,5359,Bread,Afternoon,Weekday,2017,01
10710,5359,Baguette,Afternoon,Weekday,2017,01
10711,5360,Coffee,Afternoon,Weekday,2017,01
10712,5360,Bread,Afternoon,Weekday,2017,01
10713,5361,Coffee,Afternoon,Weekday,2017,01
10714,5362,Bread,Afternoon,Weekday,2017,01
10715,5362,Spanish Brunch,Afternoon,Weekday,2017,01
10716,5363,Coffee,Afternoon,Weekday,2017,01
10717,5363,Muffin,Afternoon,Weekday,2017,01
10718,5364,Hot chocolate,Afternoon,Weekday,2017,01
10719,5364,Baguette,Afternoon,Weekday,2017,01
10720,5365,Coffee,Afternoon,Weekday,2017,01
10721,5365,Sandwich,Afternoon,Weekday,2017,01
10722,5365,Medialuna,Afternoon,Weekday,2017,01
10723,5366,Bread,Afternoon,Weekday,2017,01
10724,5367,Coffee,Afternoon,Weekday,2017,01
10725,5367,Tea,Afternoon,Weekday,2017,01
10726,5367,Soup,Afternoon,Weekday,2017,01
10727,5368,Bread,Afternoon,Weekday,2017,01
10728,5368,Medialuna,Afternoon,Weekday,2017,01
10729,5369,Chicken Stew,Afternoon,Weekday,2017,01
10730,5370,Spanish Brunch,Afternoon,Weekday,2017,01
10731,5370,Tea,Afternoon,Weekday,2017,01
10732,5370,Coffee,Afternoon,Weekday,2017,01
10733,5371,Coffee,Afternoon,Weekday,2017,01
10734,5371,Soup,Afternoon,Weekday,2017,01
10735,5371,Coffee,Afternoon,Weekday,2017,01
10736,5371,Muffin,Afternoon,Weekday,2017,01
10737,5372,Cake,Afternoon,Weekday,2017,01
10738,5372,Soup,Afternoon,Weekday,2017,01
10739,5372,Tea,Afternoon,Weekday,2017,01
10740,5373,Sandwich,Afternoon,Weekday,2017,01
10741,5373,Bread,Afternoon,Weekday,2017,01
10742,5373,Muffin,Afternoon,Weekday,2017,01
10743,5374,Sandwich,Afternoon,Weekday,2017,01
10744,5374,Coffee,Afternoon,Weekday,2017,01
10745,5374,Bread,Afternoon,Weekday,2017,01
10746,5375,Bread,Afternoon,Weekday,2017,01
10747,5375,Baguette,Afternoon,Weekday,2017,01
10748,5376,Pastry,Afternoon,Weekday,2017,01
10749,5376,Bread,Afternoon,Weekday,2017,01
10750,5376,Jam,Afternoon,Weekday,2017,01
10751,5377,Bread,Afternoon,Weekday,2017,01
10752,5378,Pastry,Afternoon,Weekday,2017,01
10753,5379,Cake,Afternoon,Weekday,2017,01
10754,5379,Cake,Afternoon,Weekday,2017,01
10755,5380,Chicken Stew,Afternoon,Weekday,2017,01
10756,5380,Spanish Brunch,Afternoon,Weekday,2017,01
10757,5381,Bread,Afternoon,Weekday,2017,01
10758,5381,Farm House,Afternoon,Weekday,2017,01
10759,5382,Tea,Afternoon,Weekday,2017,01
10760,5382,Cake,Afternoon,Weekday,2017,01
10761,5383,Tea,Afternoon,Weekday,2017,01
10762,5383,Tea,Afternoon,Weekday,2017,01
10763,5383,Medialuna,Afternoon,Weekday,2017,01
10764,5384,Tea,Afternoon,Weekday,2017,01
10765,5384,Coffee,Afternoon,Weekday,2017,01
10766,5384,Cookies,Afternoon,Weekday,2017,01
10767,5385,Coffee,Afternoon,Weekday,2017,01
10768,5385,Muffin,Afternoon,Weekday,2017,01
10769,5386,Bread,Afternoon,Weekday,2017,01
10770,5387,Pastry,Morning,Weekday,2017,01
10771,5387,Hot chocolate,Morning,Weekday,2017,01
10772,5388,Bread,Morning,Weekday,2017,01
10773,5389,Bread,Morning,Weekday,2017,01
10774,5390,Bread,Morning,Weekday,2017,01
10775,5390,Cookies,Morning,Weekday,2017,01
10776,5391,Coffee,Morning,Weekday,2017,01
10777,5391,Toast,Morning,Weekday,2017,01
10778,5392,Bread,Morning,Weekday,2017,01
10779,5392,Bread,Morning,Weekday,2017,01
10780,5393,Coffee,Morning,Weekday,2017,01
10781,5394,Coffee,Morning,Weekday,2017,01
10782,5394,Juice,Morning,Weekday,2017,01
10783,5394,Pastry,Morning,Weekday,2017,01
10784,5395,Cookies,Morning,Weekday,2017,01
10785,5395,Muffin,Morning,Weekday,2017,01
10786,5395,Coffee,Morning,Weekday,2017,01
10787,5395,Coffee,Morning,Weekday,2017,01
10788,5395,Coffee,Morning,Weekday,2017,01
10789,5396,Bread,Morning,Weekday,2017,01
10790,5396,Pastry,Morning,Weekday,2017,01
10791,5397,Medialuna,Morning,Weekday,2017,01
10792,5398,Farm House,Morning,Weekday,2017,01
10793,5399,The Nomad,Morning,Weekday,2017,01
10794,5399,Spanish Brunch,Morning,Weekday,2017,01
10795,5399,Tea,Morning,Weekday,2017,01
10796,5399,Bread,Morning,Weekday,2017,01
10797,5400,Coffee,Morning,Weekday,2017,01
10798,5400,Medialuna,Morning,Weekday,2017,01
10799,5401,Farm House,Morning,Weekday,2017,01
10800,5401,Scandinavian,Morning,Weekday,2017,01
10801,5402,Bread,Morning,Weekday,2017,01
10802,5403,Coffee,Morning,Weekday,2017,01
10803,5404,Coffee,Morning,Weekday,2017,01
10804,5405,Coffee,Morning,Weekday,2017,01
10805,5405,Cookies,Morning,Weekday,2017,01
10806,5405,Bread,Morning,Weekday,2017,01
10807,5406,Coffee,Morning,Weekday,2017,01
10808,5406,Coffee,Morning,Weekday,2017,01
10809,5406,Juice,Morning,Weekday,2017,01
10810,5407,Coffee,Morning,Weekday,2017,01
10811,5407,Medialuna,Morning,Weekday,2017,01
10812,5407,Bread,Morning,Weekday,2017,01
10813,5408,Coffee,Morning,Weekday,2017,01
10814,5408,Toast,Morning,Weekday,2017,01
10815,5409,Coffee,Morning,Weekday,2017,01
10816,5409,Pastry,Morning,Weekday,2017,01
10817,5409,Coffee,Morning,Weekday,2017,01
10818,5410,Farm House,Morning,Weekday,2017,01
10819,5411,Cake,Morning,Weekday,2017,01
10820,5411,Muffin,Morning,Weekday,2017,01
10821,5411,Bread,Morning,Weekday,2017,01
10822,5411,Coffee,Morning,Weekday,2017,01
10823,5411,Coffee,Morning,Weekday,2017,01
10824,5412,Coffee,Morning,Weekday,2017,01
10825,5413,Bread,Morning,Weekday,2017,01
10826,5414,Coffee,Morning,Weekday,2017,01
10827,5414,Muffin,Morning,Weekday,2017,01
10828,5415,Sandwich,Morning,Weekday,2017,01
10829,5416,Pastry,Afternoon,Weekday,2017,01
10830,5416,Hot chocolate,Afternoon,Weekday,2017,01
10831,5416,Coffee,Afternoon,Weekday,2017,01
10832,5416,Cake,Afternoon,Weekday,2017,01
10833,5417,Scone,Afternoon,Weekday,2017,01
10834,5417,Coffee,Afternoon,Weekday,2017,01
10835,5417,Bread,Afternoon,Weekday,2017,01
10836,5418,Coffee,Afternoon,Weekday,2017,01
10837,5418,Coffee,Afternoon,Weekday,2017,01
10838,5418,Tea,Afternoon,Weekday,2017,01
10839,5418,Cake,Afternoon,Weekday,2017,01
10840,5418,Medialuna,Afternoon,Weekday,2017,01
10841,5419,Bread,Afternoon,Weekday,2017,01
10842,5420,Bread,Afternoon,Weekday,2017,01
10843,5421,Tea,Afternoon,Weekday,2017,01
10844,5421,Soup,Afternoon,Weekday,2017,01
10845,5422,Coffee,Afternoon,Weekday,2017,01
10846,5422,Coffee,Afternoon,Weekday,2017,01
10847,5423,Coffee,Afternoon,Weekday,2017,01
10848,5423,Sandwich,Afternoon,Weekday,2017,01
10849,5424,Bread,Afternoon,Weekday,2017,01
10850,5425,Truffles,Afternoon,Weekday,2017,01
10851,5425,Soup,Afternoon,Weekday,2017,01
10852,5426,Soup,Afternoon,Weekday,2017,01
10853,5426,Truffles,Afternoon,Weekday,2017,01
10854,5427,Chicken Stew,Afternoon,Weekday,2017,01
10855,5427,Coffee,Afternoon,Weekday,2017,01
10856,5428,Soup,Afternoon,Weekday,2017,01
10857,5429,Soup,Afternoon,Weekday,2017,01
10858,5430,Spanish Brunch,Afternoon,Weekday,2017,01
10859,5430,Truffles,Afternoon,Weekday,2017,01
10860,5430,Juice,Afternoon,Weekday,2017,01
10861,5430,Sandwich,Afternoon,Weekday,2017,01
10862,5431,Cookies,Afternoon,Weekday,2017,01
10863,5432,Bread,Afternoon,Weekday,2017,01
10864,5432,Muffin,Afternoon,Weekday,2017,01
10865,5433,Coffee,Afternoon,Weekday,2017,01
10866,5433,Tea,Afternoon,Weekday,2017,01
10867,5433,Brownie,Afternoon,Weekday,2017,01
10868,5434,Tea,Afternoon,Weekday,2017,01
10869,5435,Coffee,Afternoon,Weekday,2017,01
10870,5435,Tea,Afternoon,Weekday,2017,01
10871,5435,Soup,Afternoon,Weekday,2017,01
10872,5435,Extra Salami or Feta,Afternoon,Weekday,2017,01
10873,5436,Baguette,Afternoon,Weekday,2017,01
10874,5437,Bread,Afternoon,Weekday,2017,01
10875,5437,Muffin,Afternoon,Weekday,2017,01
10876,5437,Tea,Afternoon,Weekday,2017,01
10877,5437,Soup,Afternoon,Weekday,2017,01
10878,5438,Coffee,Afternoon,Weekday,2017,01
10879,5438,Soup,Afternoon,Weekday,2017,01
10880,5438,Sandwich,Afternoon,Weekday,2017,01
10881,5440,Coffee,Afternoon,Weekday,2017,01
10882,5441,Tea,Afternoon,Weekday,2017,01
10883,5442,Tea,Afternoon,Weekday,2017,01
10884,5443,Tea,Afternoon,Weekday,2017,01
10885,5444,Coffee,Afternoon,Weekday,2017,01
10886,5444,Scone,Afternoon,Weekday,2017,01
10887,5445,Cookies,Afternoon,Weekday,2017,01
10888,5445,Muffin,Afternoon,Weekday,2017,01
10889,5445,Coffee,Afternoon,Weekday,2017,01
10890,5446,Bread,Afternoon,Weekday,2017,01
10891,5446,Cookies,Afternoon,Weekday,2017,01
10892,5447,Coffee,Afternoon,Weekday,2017,01
10893,5448,Scone,Afternoon,Weekday,2017,01
10894,5448,Soup,Afternoon,Weekday,2017,01
10895,5448,Hot chocolate,Afternoon,Weekday,2017,01
10896,5449,Scone,Afternoon,Weekday,2017,01
10897,5449,Coffee,Afternoon,Weekday,2017,01
10898,5450,Bread,Afternoon,Weekday,2017,01
10899,5451,Bread,Afternoon,Weekday,2017,01
10900,5451,Cookies,Afternoon,Weekday,2017,01
10901,5452,Cake,Afternoon,Weekday,2017,01
10902,5452,Toast,Afternoon,Weekday,2017,01
10903,5452,Scone,Afternoon,Weekday,2017,01
10904,5452,Juice,Afternoon,Weekday,2017,01
10905,5452,Bread,Afternoon,Weekday,2017,01
10906,5453,Cake,Afternoon,Weekday,2017,01
10907,5453,Hot chocolate,Afternoon,Weekday,2017,01
10908,5453,Tea,Afternoon,Weekday,2017,01
10909,5454,Tea,Afternoon,Weekday,2017,01
10910,5454,Tea,Afternoon,Weekday,2017,01
10911,5454,Soup,Afternoon,Weekday,2017,01
10912,5454,Bakewell,Afternoon,Weekday,2017,01
10913,5455,Coffee,Afternoon,Weekday,2017,01
10914,5455,Coffee,Afternoon,Weekday,2017,01
10915,5455,Coffee,Afternoon,Weekday,2017,01
10916,5455,Bread,Afternoon,Weekday,2017,01
10917,5455,Bakewell,Afternoon,Weekday,2017,01
10918,5455,Brownie,Afternoon,Weekday,2017,01
10919,5455,Cookies,Afternoon,Weekday,2017,01
10920,5455,Cake,Afternoon,Weekday,2017,01
10921,5456,Cake,Afternoon,Weekday,2017,01
10922,5456,Coffee,Afternoon,Weekday,2017,01
10923,5457,Coffee,Afternoon,Weekday,2017,01
10924,5457,Cookies,Afternoon,Weekday,2017,01
10925,5457,Cake,Afternoon,Weekday,2017,01
10926,5458,Tea,Evening,Weekday,2017,01
10927,5458,Cookies,Evening,Weekday,2017,01
10928,5458,Coffee,Evening,Weekday,2017,01
10929,5459,Coffee,Evening,Weekday,2017,01
10930,5460,Pastry,Morning,Weekend,2017,01
10931,5460,Medialuna,Morning,Weekend,2017,01
10932,5460,Coffee,Morning,Weekend,2017,01
10933,5460,Juice,Morning,Weekend,2017,01
10934,5460,Farm House,Morning,Weekend,2017,01
10935,5460,Brownie,Morning,Weekend,2017,01
10936,5461,Bread,Morning,Weekend,2017,01
10937,5462,Coffee,Morning,Weekend,2017,01
10938,5462,Bread,Morning,Weekend,2017,01
10939,5462,Pastry,Morning,Weekend,2017,01
10940,5462,Alfajores,Morning,Weekend,2017,01
10941,5463,Scone,Morning,Weekend,2017,01
10942,5464,Scone,Morning,Weekend,2017,01
10943,5464,Pastry,Morning,Weekend,2017,01
10944,5465,Pastry,Morning,Weekend,2017,01
10945,5465,Coffee,Morning,Weekend,2017,01
10946,5465,Coffee,Morning,Weekend,2017,01
10947,5466,Bread,Morning,Weekend,2017,01
10948,5466,Eggs,Morning,Weekend,2017,01
10949,5467,Coffee,Morning,Weekend,2017,01
10950,5467,Toast,Morning,Weekend,2017,01
10951,5468,Tea,Morning,Weekend,2017,01
10952,5469,Bread,Morning,Weekend,2017,01
10953,5469,Baguette,Morning,Weekend,2017,01
10954,5470,Farm House,Morning,Weekend,2017,01
10955,5471,Bread,Morning,Weekend,2017,01
10956,5471,Medialuna,Morning,Weekend,2017,01
10957,5472,Farm House,Morning,Weekend,2017,01
10958,5472,Baguette,Morning,Weekend,2017,01
10959,5473,The Nomad,Morning,Weekend,2017,01
10960,5473,Tea,Morning,Weekend,2017,01
10961,5473,Coffee,Morning,Weekend,2017,01
10962,5474,Coffee,Morning,Weekend,2017,01
10963,5474,Bakewell,Morning,Weekend,2017,01
10964,5474,Pastry,Morning,Weekend,2017,01
10965,5474,Juice,Morning,Weekend,2017,01
10966,5474,Hot chocolate,Morning,Weekend,2017,01
10967,5475,Baguette,Morning,Weekend,2017,01
10968,5475,Coffee,Morning,Weekend,2017,01
10969,5475,Bakewell,Morning,Weekend,2017,01
10970,5476,Bread,Morning,Weekend,2017,01
10971,5477,Coffee,Morning,Weekend,2017,01
10972,5478,Coffee,Morning,Weekend,2017,01
10973,5478,Coffee,Morning,Weekend,2017,01
10974,5478,Coffee,Morning,Weekend,2017,01
10975,5478,Pastry,Morning,Weekend,2017,01
10976,5479,Coffee,Morning,Weekend,2017,01
10977,5479,Coffee,Morning,Weekend,2017,01
10978,5479,Hot chocolate,Morning,Weekend,2017,01
10979,5479,Muffin,Morning,Weekend,2017,01
10980,5480,Scandinavian,Morning,Weekend,2017,01
10981,5481,Toast,Morning,Weekend,2017,01
10982,5481,Tea,Morning,Weekend,2017,01
10983,5481,Coffee,Morning,Weekend,2017,01
10984,5482,Bread,Morning,Weekend,2017,01
10985,5483,Bread,Morning,Weekend,2017,01
10986,5484,Bread,Morning,Weekend,2017,01
10987,5484,Medialuna,Morning,Weekend,2017,01
10988,5485,Coffee,Morning,Weekend,2017,01
10989,5485,Tea,Morning,Weekend,2017,01
10990,5486,Coffee,Morning,Weekend,2017,01
10991,5486,Cookies,Morning,Weekend,2017,01
10992,5487,Frittata,Morning,Weekend,2017,01
10993,5487,Pastry,Morning,Weekend,2017,01
10994,5487,Vegan mincepie,Morning,Weekend,2017,01
10995,5488,Bread,Morning,Weekend,2017,01
10996,5489,Coffee,Morning,Weekend,2017,01
10997,5489,Muffin,Morning,Weekend,2017,01
10998,5490,Medialuna,Morning,Weekend,2017,01
10999,5491,Cake,Morning,Weekend,2017,01
11000,5492,Coffee,Morning,Weekend,2017,01
11001,5492,Brownie,Morning,Weekend,2017,01
11002,5492,Bread,Morning,Weekend,2017,01
11003,5492,Frittata,Morning,Weekend,2017,01
11004,5492,Juice,Morning,Weekend,2017,01
11005,5492,Smoothies,Morning,Weekend,2017,01
11006,5492,Scone,Morning,Weekend,2017,01
11007,5493,Bread,Morning,Weekend,2017,01
11008,5493,Coffee,Morning,Weekend,2017,01
11009,5493,Bakewell,Morning,Weekend,2017,01
11010,5494,Coffee,Morning,Weekend,2017,01
11011,5494,Coffee,Morning,Weekend,2017,01
11012,5495,Bread,Morning,Weekend,2017,01
11013,5495,Focaccia,Morning,Weekend,2017,01
11014,5496,The Nomad,Morning,Weekend,2017,01
11015,5496,Tea,Morning,Weekend,2017,01
11016,5496,Coffee,Morning,Weekend,2017,01
11017,5497,Bread,Morning,Weekend,2017,01
11018,5498,Bread,Morning,Weekend,2017,01
11019,5498,Baguette,Morning,Weekend,2017,01
11020,5499,Bread,Morning,Weekend,2017,01
11021,5500,Tea,Morning,Weekend,2017,01
11022,5501,Coffee,Morning,Weekend,2017,01
11023,5501,Coffee,Morning,Weekend,2017,01
11024,5501,Medialuna,Morning,Weekend,2017,01
11025,5502,Juice,Morning,Weekend,2017,01
11026,5503,Coffee,Morning,Weekend,2017,01
11027,5503,Hot chocolate,Morning,Weekend,2017,01
11028,5503,Brownie,Morning,Weekend,2017,01
11029,5504,Coffee,Morning,Weekend,2017,01
11030,5504,Coffee,Morning,Weekend,2017,01
11031,5504,Medialuna,Morning,Weekend,2017,01
11032,5505,Coffee,Morning,Weekend,2017,01
11033,5506,Brownie,Morning,Weekend,2017,01
11034,5506,Bread,Morning,Weekend,2017,01
11035,5507,Coffee,Morning,Weekend,2017,01
11036,5507,Scone,Morning,Weekend,2017,01
11037,5508,Tea,Morning,Weekend,2017,01
11038,5508,Hot chocolate,Morning,Weekend,2017,01
11039,5508,Scone,Morning,Weekend,2017,01
11040,5509,Salad,Morning,Weekend,2017,01
11041,5509,Extra Salami or Feta,Morning,Weekend,2017,01
11042,5509,Sandwich,Morning,Weekend,2017,01
11043,5509,Coffee,Morning,Weekend,2017,01
11044,5510,Cake,Morning,Weekend,2017,01
11045,5510,Jam,Morning,Weekend,2017,01
11046,5511,Hot chocolate,Morning,Weekend,2017,01
11047,5511,Bread,Morning,Weekend,2017,01
11048,5511,Brownie,Morning,Weekend,2017,01
11049,5511,Scone,Morning,Weekend,2017,01
11050,5512,Bakewell,Morning,Weekend,2017,01
11051,5512,Cake,Morning,Weekend,2017,01
11052,5512,Bread,Morning,Weekend,2017,01
11053,5513,Coffee,Morning,Weekend,2017,01
11054,5513,Bread,Morning,Weekend,2017,01
11055,5513,Muffin,Morning,Weekend,2017,01
11056,5513,Cake,Morning,Weekend,2017,01
11057,5514,Scone,Morning,Weekend,2017,01
11058,5514,Hot chocolate,Morning,Weekend,2017,01
11059,5515,Bread,Morning,Weekend,2017,01
11060,5515,Jam,Morning,Weekend,2017,01
11061,5515,Scone,Morning,Weekend,2017,01
11062,5516,Hot chocolate,Afternoon,Weekend,2017,01
11063,5516,Scone,Afternoon,Weekend,2017,01
11064,5517,Scandinavian,Afternoon,Weekend,2017,01
11065,5518,Coffee,Afternoon,Weekend,2017,01
11066,5519,Bread,Afternoon,Weekend,2017,01
11067,5519,Coffee,Afternoon,Weekend,2017,01
11068,5520,Coffee,Afternoon,Weekend,2017,01
11069,5520,Bread,Afternoon,Weekend,2017,01
11070,5520,Frittata,Afternoon,Weekend,2017,01
11071,5521,Bread,Afternoon,Weekend,2017,01
11072,5521,Focaccia,Afternoon,Weekend,2017,01
11073,5522,Bread,Afternoon,Weekend,2017,01
11074,5522,Gingerbread syrup,Afternoon,Weekend,2017,01
11075,5523,Coffee,Afternoon,Weekend,2017,01
11076,5523,Bread,Afternoon,Weekend,2017,01
11077,5524,Bread,Afternoon,Weekend,2017,01
11078,5525,Bread,Afternoon,Weekend,2017,01
11079,5525,Tea,Afternoon,Weekend,2017,01
11080,5526,Bread,Afternoon,Weekend,2017,01
11081,5527,Spanish Brunch,Afternoon,Weekend,2017,01
11082,5527,Toast,Afternoon,Weekend,2017,01
11083,5527,Juice,Afternoon,Weekend,2017,01
11084,5527,Coffee,Afternoon,Weekend,2017,01
11085,5528,Bread,Afternoon,Weekend,2017,01
11086,5528,Focaccia,Afternoon,Weekend,2017,01
11087,5529,Coffee,Afternoon,Weekend,2017,01
11088,5529,Bread,Afternoon,Weekend,2017,01
11089,5529,Frittata,Afternoon,Weekend,2017,01
11090,5529,Salad,Afternoon,Weekend,2017,01
11091,5529,Sandwich,Afternoon,Weekend,2017,01
11092,5530,Coffee,Afternoon,Weekend,2017,01
11093,5531,Brownie,Afternoon,Weekend,2017,01
11094,5531,Tea,Afternoon,Weekend,2017,01
11095,5532,Sandwich,Afternoon,Weekend,2017,01
11096,5533,Bread,Afternoon,Weekend,2017,01
11097,5534,Chicken Stew,Afternoon,Weekend,2017,01
11098,5534,Sandwich,Afternoon,Weekend,2017,01
11099,5534,Sandwich,Afternoon,Weekend,2017,01
11100,5534,Tea,Afternoon,Weekend,2017,01
11101,5534,Bread,Afternoon,Weekend,2017,01
11102,5535,Soup,Afternoon,Weekend,2017,01
11103,5535,Sandwich,Afternoon,Weekend,2017,01
11104,5535,Coffee,Afternoon,Weekend,2017,01
11105,5536,Tea,Afternoon,Weekend,2017,01
11106,5536,Bread,Afternoon,Weekend,2017,01
11107,5537,Bread,Afternoon,Weekend,2017,01
11108,5538,Bread,Afternoon,Weekend,2017,01
11109,5539,Valentine's card,Afternoon,Weekend,2017,01
11110,5540,Coffee,Afternoon,Weekend,2017,01
11111,5540,Coffee,Afternoon,Weekend,2017,01
11112,5541,Scandinavian,Afternoon,Weekend,2017,01
11113,5541,Cake,Afternoon,Weekend,2017,01
11114,5542,Focaccia,Afternoon,Weekend,2017,01
11115,5543,Scandinavian,Afternoon,Weekend,2017,01
11116,5543,Bread,Afternoon,Weekend,2017,01
11117,5543,Jam,Afternoon,Weekend,2017,01
11118,5543,Salad,Afternoon,Weekend,2017,01
11119,5543,Extra Salami or Feta,Afternoon,Weekend,2017,01
11120,5543,Frittata,Afternoon,Weekend,2017,01
11121,5543,Mineral water,Afternoon,Weekend,2017,01
11122,5544,Hot chocolate,Afternoon,Weekend,2017,01
11123,5545,Cake,Afternoon,Weekend,2017,01
11124,5545,Coke,Afternoon,Weekend,2017,01
11125,5546,Scone,Afternoon,Weekend,2017,01
11126,5546,Tea,Afternoon,Weekend,2017,01
11127,5547,Tea,Afternoon,Weekend,2017,01
11128,5547,Tea,Afternoon,Weekend,2017,01
11129,5548,Cake,Afternoon,Weekend,2017,01
11130,5548,Brownie,Afternoon,Weekend,2017,01
11131,5549,Brownie,Afternoon,Weekend,2017,01
11132,5550,Coffee,Afternoon,Weekend,2017,01
11133,5551,Bread,Afternoon,Weekend,2017,01
11134,5552,Bread,Afternoon,Weekend,2017,01
11135,5552,Coffee,Afternoon,Weekend,2017,01
11136,5553,Coffee,Afternoon,Weekend,2017,01
11137,5553,Tea,Afternoon,Weekend,2017,01
11138,5553,Scone,Afternoon,Weekend,2017,01
11139,5554,Coffee,Afternoon,Weekend,2017,01
11140,5554,Coffee,Afternoon,Weekend,2017,01
11141,5555,Coffee,Afternoon,Weekend,2017,01
11142,5556,Tea,Afternoon,Weekend,2017,01
11143,5556,Muffin,Afternoon,Weekend,2017,01
11144,5557,Hot chocolate,Afternoon,Weekend,2017,01
11145,5557,Tea,Afternoon,Weekend,2017,01
11146,5557,Medialuna,Afternoon,Weekend,2017,01
11147,5558,Coffee,Afternoon,Weekend,2017,01
11148,5558,Hot chocolate,Afternoon,Weekend,2017,01
11149,5558,Bread,Afternoon,Weekend,2017,01
11150,5559,Bread,Afternoon,Weekend,2017,01
11151,5560,Coffee,Afternoon,Weekend,2017,01
11152,5560,Coffee,Afternoon,Weekend,2017,01
11153,5560,Tea,Afternoon,Weekend,2017,01
11154,5560,Bread,Afternoon,Weekend,2017,01
11155,5561,Coffee,Afternoon,Weekend,2017,01
11156,5561,Tea,Afternoon,Weekend,2017,01
11157,5562,Coffee,Afternoon,Weekend,2017,01
11158,5562,Coffee,Afternoon,Weekend,2017,01
11159,5562,Tea,Afternoon,Weekend,2017,01
11160,5562,Juice,Afternoon,Weekend,2017,01
11161,5562,Cake,Afternoon,Weekend,2017,01
11162,5562,Bakewell,Afternoon,Weekend,2017,01
11163,5562,Cookies,Afternoon,Weekend,2017,01
11164,5562,Sandwich,Afternoon,Weekend,2017,01
11165,5564,Coffee,Afternoon,Weekend,2017,01
11166,5565,Coffee,Afternoon,Weekend,2017,01
11167,5566,Bread,Morning,Weekend,2017,01
11168,5566,Pastry,Morning,Weekend,2017,01
11169,5567,Baguette,Morning,Weekend,2017,01
11170,5567,Brownie,Morning,Weekend,2017,01
11171,5568,Bread,Morning,Weekend,2017,01
11172,5569,Cookies,Morning,Weekend,2017,01
11173,5569,Coffee,Morning,Weekend,2017,01
11174,5569,Pastry,Morning,Weekend,2017,01
11175,5569,Cookies,Morning,Weekend,2017,01
11176,5570,Coffee,Morning,Weekend,2017,01
11177,5571,Coffee,Morning,Weekend,2017,01
11178,5571,Hot chocolate,Morning,Weekend,2017,01
11179,5571,Bread,Morning,Weekend,2017,01
11180,5572,Coffee,Morning,Weekend,2017,01
11181,5573,Coffee,Morning,Weekend,2017,01
11182,5573,Pastry,Morning,Weekend,2017,01
11183,5573,Coffee,Morning,Weekend,2017,01
11184,5574,Tea,Morning,Weekend,2017,01
11185,5575,Coffee,Morning,Weekend,2017,01
11186,5576,Pastry,Morning,Weekend,2017,01
11187,5576,Muffin,Morning,Weekend,2017,01
11188,5577,Coffee,Morning,Weekend,2017,01
11189,5577,Tea,Morning,Weekend,2017,01
11190,5577,Soup,Morning,Weekend,2017,01
11191,5578,Cookies,Morning,Weekend,2017,01
11192,5578,Brownie,Morning,Weekend,2017,01
11193,5579,Baguette,Morning,Weekend,2017,01
11194,5580,Baguette,Morning,Weekend,2017,01
11195,5581,Farm House,Morning,Weekend,2017,01
11196,5582,Coffee,Morning,Weekend,2017,01
11197,5583,Coffee,Morning,Weekend,2017,01
11198,5583,Coffee,Morning,Weekend,2017,01
11199,5583,Medialuna,Morning,Weekend,2017,01
11200,5583,Cookies,Morning,Weekend,2017,01
11201,5584,Farm House,Morning,Weekend,2017,01
11202,5585,Coffee,Morning,Weekend,2017,01
11203,5585,Granola,Morning,Weekend,2017,01
11204,5585,Bread,Morning,Weekend,2017,01
11205,5586,Coffee,Morning,Weekend,2017,01
11206,5586,Spanish Brunch,Morning,Weekend,2017,01
11207,5587,Cake,Morning,Weekend,2017,01
11208,5587,Bread,Morning,Weekend,2017,01
11209,5587,Baguette,Morning,Weekend,2017,01
11210,5588,The Nomad,Morning,Weekend,2017,01
11211,5588,Coffee,Morning,Weekend,2017,01
11212,5588,Farm House,Morning,Weekend,2017,01
11213,5588,Coffee,Morning,Weekend,2017,01
11214,5589,Bread,Afternoon,Weekend,2017,01
11215,5589,Bread,Afternoon,Weekend,2017,01
11216,5590,Juice,Afternoon,Weekend,2017,01
11217,5591,Spanish Brunch,Afternoon,Weekend,2017,01
11218,5591,Extra Salami or Feta,Afternoon,Weekend,2017,01
11219,5591,Coffee,Afternoon,Weekend,2017,01
11220,5592,Bread,Afternoon,Weekend,2017,01
11221,5592,Granola,Afternoon,Weekend,2017,01
11222,5592,Pastry,Afternoon,Weekend,2017,01
11223,5593,Bread,Afternoon,Weekend,2017,01
11224,5593,Coffee,Afternoon,Weekend,2017,01
11225,5593,Pastry,Afternoon,Weekend,2017,01
11226,5594,Bread,Afternoon,Weekend,2017,01
11227,5594,Bread,Afternoon,Weekend,2017,01
11228,5595,Brownie,Afternoon,Weekend,2017,01
11229,5596,Spanish Brunch,Afternoon,Weekend,2017,01
11230,5596,Coffee,Afternoon,Weekend,2017,01
11231,5596,Smoothies,Afternoon,Weekend,2017,01
11232,5597,Bread,Afternoon,Weekend,2017,01
11233,5597,Coffee,Afternoon,Weekend,2017,01
11234,5597,Pastry,Afternoon,Weekend,2017,01
11235,5597,Scone,Afternoon,Weekend,2017,01
11236,5598,Hot chocolate,Afternoon,Weekend,2017,01
11237,5598,Coffee,Afternoon,Weekend,2017,01
11238,5598,Sandwich,Afternoon,Weekend,2017,01
11239,5598,Toast,Afternoon,Weekend,2017,01
11240,5598,Cake,Afternoon,Weekend,2017,01
11241,5599,Bread,Afternoon,Weekend,2017,01
11242,5600,Pastry,Afternoon,Weekend,2017,01
11243,5600,Coffee,Afternoon,Weekend,2017,01
11244,5600,Coffee,Afternoon,Weekend,2017,01
11245,5600,Bread,Afternoon,Weekend,2017,01
11246,5601,Hot chocolate,Afternoon,Weekend,2017,01
11247,5601,Tea,Afternoon,Weekend,2017,01
11248,5601,Alfajores,Afternoon,Weekend,2017,01
11249,5601,Medialuna,Afternoon,Weekend,2017,01
11250,5601,Medialuna,Afternoon,Weekend,2017,01
11251,5603,Tea,Afternoon,Weekend,2017,01
11252,5603,Bread,Afternoon,Weekend,2017,01
11253,5604,Sandwich,Afternoon,Weekend,2017,01
11254,5604,Juice,Afternoon,Weekend,2017,01
11255,5604,Truffles,Afternoon,Weekend,2017,01
11256,5604,Coffee,Afternoon,Weekend,2017,01
11257,5604,Medialuna,Afternoon,Weekend,2017,01
11258,5604,Scone,Afternoon,Weekend,2017,01
11259,5605,Bread,Afternoon,Weekend,2017,01
11260,5605,Coffee,Afternoon,Weekend,2017,01
11261,5605,Sandwich,Afternoon,Weekend,2017,01
11262,5605,Medialuna,Afternoon,Weekend,2017,01
11263,5606,Coffee,Afternoon,Weekend,2017,01
11264,5606,Bread,Afternoon,Weekend,2017,01
11265,5606,Pastry,Afternoon,Weekend,2017,01
11266,5606,Frittata,Afternoon,Weekend,2017,01
11267,5607,Frittata,Afternoon,Weekend,2017,01
11268,5607,Bread,Afternoon,Weekend,2017,01
11269,5608,Coffee,Afternoon,Weekend,2017,01
11270,5608,Soup,Afternoon,Weekend,2017,01
11271,5608,Sandwich,Afternoon,Weekend,2017,01
11272,5609,Coffee,Afternoon,Weekend,2017,01
11273,5609,Sandwich,Afternoon,Weekend,2017,01
11274,5609,Salad,Afternoon,Weekend,2017,01
11275,5610,Salad,Afternoon,Weekend,2017,01
11276,5611,Bread,Afternoon,Weekend,2017,01
11277,5612,Fudge,Afternoon,Weekend,2017,01
11278,5612,Jam,Afternoon,Weekend,2017,01
11279,5613,Tea,Afternoon,Weekend,2017,01
11280,5613,Hot chocolate,Afternoon,Weekend,2017,01
11281,5613,Cake,Afternoon,Weekend,2017,01
11282,5613,Medialuna,Afternoon,Weekend,2017,01
11283,5613,Medialuna,Afternoon,Weekend,2017,01
11284,5614,Bakewell,Afternoon,Weekend,2017,01
11285,5614,Hot chocolate,Afternoon,Weekend,2017,01
11286,5614,Toast,Afternoon,Weekend,2017,01
11287,5614,Chicken Stew,Afternoon,Weekend,2017,01
11288,5615,Coffee,Afternoon,Weekend,2017,01
11289,5615,Tea,Afternoon,Weekend,2017,01
11290,5615,Pastry,Afternoon,Weekend,2017,01
11291,5616,Cookies,Afternoon,Weekend,2017,01
11292,5616,Cookies,Afternoon,Weekend,2017,01
11293,5616,Cake,Afternoon,Weekend,2017,01
11294,5616,Baguette,Afternoon,Weekend,2017,01
11295,5616,Cookies,Afternoon,Weekend,2017,01
11296,5617,Bread,Afternoon,Weekend,2017,01
11297,5617,Tea,Afternoon,Weekend,2017,01
11298,5617,Cake,Afternoon,Weekend,2017,01
11299,5617,Bread,Afternoon,Weekend,2017,01
11300,5617,Chicken Stew,Afternoon,Weekend,2017,01
11301,5618,Spanish Brunch,Afternoon,Weekend,2017,01
11302,5618,Coffee,Afternoon,Weekend,2017,01
11303,5618,Hot chocolate,Afternoon,Weekend,2017,01
11304,5618,Bakewell,Afternoon,Weekend,2017,01
11305,5618,Bread,Afternoon,Weekend,2017,01
11306,5620,Medialuna,Afternoon,Weekend,2017,01
11307,5621,Cake,Afternoon,Weekend,2017,01
11308,5621,Scone,Afternoon,Weekend,2017,01
11309,5621,Medialuna,Afternoon,Weekend,2017,01
11310,5621,Coffee,Afternoon,Weekend,2017,01
11311,5621,Tea,Afternoon,Weekend,2017,01
11312,5622,Coffee,Afternoon,Weekend,2017,01
11313,5622,Medialuna,Afternoon,Weekend,2017,01
11314,5623,Bread,Morning,Weekday,2017,01
11315,5624,Pastry,Morning,Weekday,2017,01
11316,5625,Coffee,Morning,Weekday,2017,01
11317,5625,Coffee,Morning,Weekday,2017,01
11318,5626,Bread,Morning,Weekday,2017,01
11319,5626,Pastry,Morning,Weekday,2017,01
11320,5627,Bread,Morning,Weekday,2017,01
11321,5627,Bread,Morning,Weekday,2017,01
11322,5628,Bread,Morning,Weekday,2017,01
11323,5629,Bread,Morning,Weekday,2017,01
11324,5630,Bread,Morning,Weekday,2017,01
11325,5631,Pastry,Morning,Weekday,2017,01
11326,5632,Pastry,Morning,Weekday,2017,01
11327,5632,Coffee,Morning,Weekday,2017,01
11328,5632,Coffee,Morning,Weekday,2017,01
11329,5633,Bread,Morning,Weekday,2017,01
11330,5634,Farm House,Morning,Weekday,2017,01
11331,5634,Jam,Morning,Weekday,2017,01
11332,5634,Scandinavian,Morning,Weekday,2017,01
11333,5635,Coffee,Morning,Weekday,2017,01
11334,5635,Cookies,Morning,Weekday,2017,01
11335,5636,Pastry,Afternoon,Weekday,2017,01
11336,5636,Coffee,Afternoon,Weekday,2017,01
11337,5636,Coffee,Afternoon,Weekday,2017,01
11338,5637,Sandwich,Afternoon,Weekday,2017,01
11339,5637,Sandwich,Afternoon,Weekday,2017,01
11340,5638,Coffee,Afternoon,Weekday,2017,01
11341,5638,Cookies,Afternoon,Weekday,2017,01
11342,5639,Coffee,Afternoon,Weekday,2017,01
11343,5639,Coffee,Afternoon,Weekday,2017,01
11344,5639,Pastry,Afternoon,Weekday,2017,01
11345,5640,Coffee,Afternoon,Weekday,2017,01
11346,5640,Bread,Afternoon,Weekday,2017,01
11347,5641,Coffee,Afternoon,Weekday,2017,01
11348,5641,Coffee,Afternoon,Weekday,2017,01
11349,5641,Bread,Afternoon,Weekday,2017,01
11350,5641,Soup,Afternoon,Weekday,2017,01
11351,5642,Bread,Afternoon,Weekday,2017,01
11352,5642,Jam,Afternoon,Weekday,2017,01
11353,5642,Fudge,Afternoon,Weekday,2017,01
11354,5642,Juice,Afternoon,Weekday,2017,01
11355,5643,Baguette,Afternoon,Weekday,2017,01
11356,5644,Soup,Afternoon,Weekday,2017,01
11357,5645,Soup,Afternoon,Weekday,2017,01
11358,5646,Chicken Stew,Afternoon,Weekday,2017,01
11359,5647,Coffee,Afternoon,Weekday,2017,01
11360,5647,Tea,Afternoon,Weekday,2017,01
11361,5648,Coke,Afternoon,Weekday,2017,01
11362,5648,Sandwich,Afternoon,Weekday,2017,01
11363,5648,Soup,Afternoon,Weekday,2017,01
11364,5648,Bread,Afternoon,Weekday,2017,01
11365,5649,Soup,Afternoon,Weekday,2017,01
11366,5650,Hot chocolate,Afternoon,Weekday,2017,01
11367,5650,Coffee,Afternoon,Weekday,2017,01
11368,5650,Cake,Afternoon,Weekday,2017,01
11369,5651,Coffee,Afternoon,Weekday,2017,01
11370,5652,Pastry,Afternoon,Weekday,2017,01
11371,5653,Bread,Afternoon,Weekday,2017,01
11372,5653,Bread,Afternoon,Weekday,2017,01
11373,5654,Farm House,Afternoon,Weekday,2017,01
11374,5655,Coffee,Afternoon,Weekday,2017,01
11375,5655,Toast,Afternoon,Weekday,2017,01
11376,5656,Cake,Afternoon,Weekday,2017,01
11377,5656,Coffee,Afternoon,Weekday,2017,01
11378,5657,Coffee,Afternoon,Weekday,2017,01
11379,5657,Bread,Afternoon,Weekday,2017,01
11380,5658,Cake,Afternoon,Weekday,2017,01
11381,5658,Hot chocolate,Afternoon,Weekday,2017,01
11382,5659,Coffee,Afternoon,Weekday,2017,01
11383,5660,Tea,Afternoon,Weekday,2017,01
11384,5660,Hot chocolate,Afternoon,Weekday,2017,01
11385,5660,Cookies,Afternoon,Weekday,2017,01
11386,5661,Hot chocolate,Afternoon,Weekday,2017,01
11387,5662,Coffee,Morning,Weekday,2017,01
11388,5663,Scandinavian,Morning,Weekday,2017,01
11389,5664,Bread,Morning,Weekday,2017,01
11390,5664,Bread,Morning,Weekday,2017,01
11391,5665,Bread,Morning,Weekday,2017,01
11392,5666,Bread,Morning,Weekday,2017,01
11393,5666,Toast,Morning,Weekday,2017,01
11394,5667,Bread,Morning,Weekday,2017,01
11395,5667,Brownie,Morning,Weekday,2017,01
11396,5668,Pastry,Morning,Weekday,2017,01
11397,5668,Bread,Morning,Weekday,2017,01
11398,5669,Tea,Morning,Weekday,2017,01
11399,5669,Sandwich,Morning,Weekday,2017,01
11400,5670,Coffee,Morning,Weekday,2017,01
11401,5671,Coffee,Morning,Weekday,2017,01
11402,5671,Bread,Morning,Weekday,2017,01
11403,5672,Coffee,Morning,Weekday,2017,01
11404,5672,Juice,Morning,Weekday,2017,01
11405,5673,Cake,Morning,Weekday,2017,01
11406,5673,Coffee,Morning,Weekday,2017,01
11407,5673,Spanish Brunch,Morning,Weekday,2017,01
11408,5674,Coffee,Morning,Weekday,2017,01
11409,5675,Coffee,Morning,Weekday,2017,01
11410,5675,Brownie,Morning,Weekday,2017,01
11411,5675,Baguette,Morning,Weekday,2017,01
11412,5676,Pastry,Morning,Weekday,2017,01
11413,5676,Cake,Morning,Weekday,2017,01
11414,5676,Coffee,Morning,Weekday,2017,01
11415,5676,Coffee,Morning,Weekday,2017,01
11416,5677,Hot chocolate,Morning,Weekday,2017,01
11417,5677,Coffee,Morning,Weekday,2017,01
11418,5678,Farm House,Morning,Weekday,2017,01
11419,5679,Tea,Morning,Weekday,2017,01
11420,5679,Toast,Morning,Weekday,2017,01
11421,5680,Tea,Morning,Weekday,2017,01
11422,5680,Coffee,Morning,Weekday,2017,01
11423,5680,Pastry,Morning,Weekday,2017,01
11424,5681,Bread,Morning,Weekday,2017,01
11425,5681,Pastry,Morning,Weekday,2017,01
11426,5682,Coffee,Morning,Weekday,2017,01
11427,5683,Tea,Morning,Weekday,2017,01
11428,5683,Sandwich,Morning,Weekday,2017,01
11429,5683,Bread,Morning,Weekday,2017,01
11430,5684,Farm House,Morning,Weekday,2017,01
11431,5684,Cookies,Morning,Weekday,2017,01
11432,5685,Tea,Morning,Weekday,2017,01
11433,5685,Cake,Morning,Weekday,2017,01
11434,5685,Bakewell,Morning,Weekday,2017,01
11435,5686,Coffee,Morning,Weekday,2017,01
11436,5687,Bread,Morning,Weekday,2017,01
11437,5688,Coffee,Morning,Weekday,2017,01
11438,5689,Bread,Morning,Weekday,2017,01
11439,5690,Coffee,Afternoon,Weekday,2017,01
11440,5691,Coffee,Afternoon,Weekday,2017,01
11441,5692,Cookies,Afternoon,Weekday,2017,01
11442,5692,Baguette,Afternoon,Weekday,2017,01
11443,5693,Coffee,Afternoon,Weekday,2017,01
11444,5693,Cookies,Afternoon,Weekday,2017,01
11445,5693,Cake,Afternoon,Weekday,2017,01
11446,5693,Spanish Brunch,Afternoon,Weekday,2017,01
11447,5694,Tea,Afternoon,Weekday,2017,01
11448,5694,Coffee,Afternoon,Weekday,2017,01
11449,5694,Sandwich,Afternoon,Weekday,2017,01
11450,5694,Cake,Afternoon,Weekday,2017,01
11451,5695,Coffee,Afternoon,Weekday,2017,01
11452,5695,Coffee,Afternoon,Weekday,2017,01
11453,5695,Cake,Afternoon,Weekday,2017,01
11454,5696,Bread,Afternoon,Weekday,2017,01
11455,5697,Baguette,Afternoon,Weekday,2017,01
11456,5698,Bread,Afternoon,Weekday,2017,01
11457,5699,Coke,Afternoon,Weekday,2017,01
11458,5699,Salad,Afternoon,Weekday,2017,01
11459,5700,Bread,Afternoon,Weekday,2017,01
11460,5701,Soup,Afternoon,Weekday,2017,01
11461,5702,Coffee,Afternoon,Weekday,2017,01
11462,5702,Sandwich,Afternoon,Weekday,2017,01
11463,5703,Brownie,Afternoon,Weekday,2017,01
11464,5704,Bread,Afternoon,Weekday,2017,01
11465,5705,Chicken Stew,Afternoon,Weekday,2017,01
11466,5705,Juice,Afternoon,Weekday,2017,01
11467,5705,Coke,Afternoon,Weekday,2017,01
11468,5706,Baguette,Afternoon,Weekday,2017,01
11469,5707,Soup,Afternoon,Weekday,2017,01
11470,5707,Tea,Afternoon,Weekday,2017,01
11471,5707,Coffee,Afternoon,Weekday,2017,01
11472,5707,Coffee,Afternoon,Weekday,2017,01
11473,5708,Sandwich,Afternoon,Weekday,2017,01
11474,5708,Cookies,Afternoon,Weekday,2017,01
11475,5708,Coffee,Afternoon,Weekday,2017,01
11476,5708,Tea,Afternoon,Weekday,2017,01
11477,5709,Coke,Afternoon,Weekday,2017,01
11478,5710,Toast,Afternoon,Weekday,2017,01
11479,5710,Cake,Afternoon,Weekday,2017,01
11480,5710,Coffee,Afternoon,Weekday,2017,01
11481,5711,Cake,Afternoon,Weekday,2017,01
11482,5711,The Nomad,Afternoon,Weekday,2017,01
11483,5712,Coffee,Afternoon,Weekday,2017,01
11484,5712,Coffee,Afternoon,Weekday,2017,01
11485,5712,Bread,Afternoon,Weekday,2017,01
11486,5713,Cookies,Afternoon,Weekday,2017,01
11487,5713,Hot chocolate,Afternoon,Weekday,2017,01
11488,5713,Tea,Afternoon,Weekday,2017,01
11489,5713,Cake,Afternoon,Weekday,2017,01
11490,5713,Pastry,Afternoon,Weekday,2017,01
11491,5714,Tea,Afternoon,Weekday,2017,01
11492,5714,Coffee,Afternoon,Weekday,2017,01
11493,5714,Cake,Afternoon,Weekday,2017,01
11494,5715,Tea,Evening,Weekday,2017,01
11495,5715,Bread,Evening,Weekday,2017,01
11496,5716,Brownie,Evening,Weekday,2017,01
11497,5717,Coffee,Evening,Weekday,2017,01
11498,5717,Cake,Evening,Weekday,2017,01
11499,5717,Cookies,Evening,Weekday,2017,01
11500,5718,Bread,Morning,Weekday,2017,01
11501,5718,Bread,Morning,Weekday,2017,01
11502,5718,Bread,Morning,Weekday,2017,01
11503,5719,Bread,Morning,Weekday,2017,01
11504,5720,Coffee,Morning,Weekday,2017,01
11505,5720,Bread,Morning,Weekday,2017,01
11506,5721,Bread,Morning,Weekday,2017,01
11507,5721,Pastry,Morning,Weekday,2017,01
11508,5722,Bread,Morning,Weekday,2017,01
11509,5723,Bread,Morning,Weekday,2017,01
11510,5723,Coffee,Morning,Weekday,2017,01
11511,5723,Toast,Morning,Weekday,2017,01
11512,5725,Farm House,Morning,Weekday,2017,01
11513,5726,Cake,Morning,Weekday,2017,01
11514,5726,Coffee,Morning,Weekday,2017,01
11515,5726,Bread,Morning,Weekday,2017,01
11516,5727,Bread,Morning,Weekday,2017,01
11517,5727,Hot chocolate,Morning,Weekday,2017,01
11518,5728,Coffee,Morning,Weekday,2017,01
11519,5728,Coffee,Morning,Weekday,2017,01
11520,5729,Coffee,Morning,Weekday,2017,01
11521,5729,Bread,Morning,Weekday,2017,01
11522,5730,Coffee,Morning,Weekday,2017,01
11523,5730,Cake,Morning,Weekday,2017,01
11524,5731,Cake,Morning,Weekday,2017,01
11525,5731,Coffee,Morning,Weekday,2017,01
11526,5732,Bread,Morning,Weekday,2017,01
11527,5732,Sandwich,Morning,Weekday,2017,01
11528,5732,Toast,Morning,Weekday,2017,01
11529,5733,Coffee,Morning,Weekday,2017,01
11530,5733,Coffee,Morning,Weekday,2017,01
11531,5733,Medialuna,Morning,Weekday,2017,01
11532,5734,Coffee,Morning,Weekday,2017,01
11533,5734,Bread,Morning,Weekday,2017,01
11534,5734,Alfajores,Morning,Weekday,2017,01
11535,5734,Bakewell,Morning,Weekday,2017,01
11536,5734,Tea,Morning,Weekday,2017,01
11537,5735,Coffee,Morning,Weekday,2017,01
11538,5735,Bread,Morning,Weekday,2017,01
11539,5736,Bread,Morning,Weekday,2017,01
11540,5737,Coffee,Morning,Weekday,2017,01
11541,5737,Bread,Morning,Weekday,2017,01
11542,5738,Bread,Morning,Weekday,2017,01
11543,5738,Coffee,Morning,Weekday,2017,01
11544,5738,Bread,Morning,Weekday,2017,01
11545,5739,Bread,Morning,Weekday,2017,01
11546,5740,Baguette,Morning,Weekday,2017,01
11547,5741,Pastry,Afternoon,Weekday,2017,01
11548,5742,Bread,Afternoon,Weekday,2017,01
11549,5742,Pastry,Afternoon,Weekday,2017,01
11550,5743,Baguette,Afternoon,Weekday,2017,01
11551,5743,Bread,Afternoon,Weekday,2017,01
11552,5744,Bread,Afternoon,Weekday,2017,01
11553,5744,Pastry,Afternoon,Weekday,2017,01
11554,5744,Tea,Afternoon,Weekday,2017,01
11555,5744,Coffee,Afternoon,Weekday,2017,01
11556,5745,Cake,Afternoon,Weekday,2017,01
11557,5745,Bread,Afternoon,Weekday,2017,01
11558,5746,Sandwich,Afternoon,Weekday,2017,01
11559,5746,Coke,Afternoon,Weekday,2017,01
11560,5747,Coke,Afternoon,Weekday,2017,01
11561,5747,Cake,Afternoon,Weekday,2017,01
11562,5748,Hot chocolate,Afternoon,Weekday,2017,01
11563,5748,Coffee,Afternoon,Weekday,2017,01
11564,5748,Pastry,Afternoon,Weekday,2017,01
11565,5748,Bread,Afternoon,Weekday,2017,01
11566,5749,Spanish Brunch,Afternoon,Weekday,2017,01
11567,5749,Chicken Stew,Afternoon,Weekday,2017,01
11568,5749,Tea,Afternoon,Weekday,2017,01
11569,5749,Cookies,Afternoon,Weekday,2017,01
11570,5751,Cake,Afternoon,Weekday,2017,01
11571,5752,Coffee,Afternoon,Weekday,2017,01
11572,5752,Coffee,Afternoon,Weekday,2017,01
11573,5753,Coffee,Afternoon,Weekday,2017,01
11574,5754,Bread,Afternoon,Weekday,2017,01
11575,5755,Bread,Afternoon,Weekday,2017,01
11576,5755,Sandwich,Afternoon,Weekday,2017,01
11577,5756,Coffee,Afternoon,Weekday,2017,01
11578,5756,Bread,Afternoon,Weekday,2017,01
11579,5756,Sandwich,Afternoon,Weekday,2017,01
11580,5757,Coffee,Afternoon,Weekday,2017,01
11581,5757,Coffee,Afternoon,Weekday,2017,01
11582,5757,Cake,Afternoon,Weekday,2017,01
11583,5758,Granola,Afternoon,Weekday,2017,01
11584,5758,Extra Salami or Feta,Afternoon,Weekday,2017,01
11585,5758,Coffee,Afternoon,Weekday,2017,01
11586,5759,Soup,Afternoon,Weekday,2017,01
11587,5759,Juice,Afternoon,Weekday,2017,01
11588,5759,Coffee,Afternoon,Weekday,2017,01
11589,5760,Sandwich,Afternoon,Weekday,2017,01
11590,5761,Baguette,Afternoon,Weekday,2017,01
11591,5762,Coffee,Afternoon,Weekday,2017,01
11592,5763,Coffee,Afternoon,Weekday,2017,01
11593,5764,Hot chocolate,Afternoon,Weekday,2017,01
11594,5764,Coffee,Afternoon,Weekday,2017,01
11595,5764,Alfajores,Afternoon,Weekday,2017,01
11596,5765,Tea,Afternoon,Weekday,2017,01
11597,5765,Coffee,Afternoon,Weekday,2017,01
11598,5765,Bread,Afternoon,Weekday,2017,01
11599,5766,Cake,Afternoon,Weekday,2017,01
11600,5766,Coffee,Afternoon,Weekday,2017,01
11601,5766,Cookies,Afternoon,Weekday,2017,01
11602,5767,Bread,Afternoon,Weekday,2017,01
11603,5768,Bread,Afternoon,Weekday,2017,01
11604,5769,Cookies,Afternoon,Weekday,2017,01
11605,5769,Tea,Afternoon,Weekday,2017,01
11606,5769,Bread,Afternoon,Weekday,2017,01
11607,5770,Coffee,Afternoon,Weekday,2017,01
11608,5770,Vegan mincepie,Afternoon,Weekday,2017,01
11609,5770,Cake,Afternoon,Weekday,2017,01
11610,5771,Bread,Afternoon,Weekday,2017,01
11611,5771,Coffee,Afternoon,Weekday,2017,01
11612,5771,Hot chocolate,Afternoon,Weekday,2017,01
11613,5772,Bread,Afternoon,Weekday,2017,01
11614,5773,Juice,Afternoon,Weekday,2017,01
11615,5773,Cookies,Afternoon,Weekday,2017,01
11616,5773,Brownie,Afternoon,Weekday,2017,01
11617,5773,Alfajores,Afternoon,Weekday,2017,01
11618,5773,Coffee,Afternoon,Weekday,2017,01
11619,5774,Tea,Evening,Weekday,2017,01
11620,5774,Truffles,Evening,Weekday,2017,01
11621,5774,Cookies,Evening,Weekday,2017,01
11622,5775,Coffee,Evening,Weekday,2017,01
11623,5775,Coke,Evening,Weekday,2017,01
11624,5776,Bread,Morning,Weekday,2017,02
11625,5777,Coffee,Morning,Weekday,2017,02
11626,5777,Bread,Morning,Weekday,2017,02
11627,5777,Toast,Morning,Weekday,2017,02
11628,5778,Bread,Morning,Weekday,2017,02
11629,5778,Bread,Morning,Weekday,2017,02
11630,5778,Coffee,Morning,Weekday,2017,02
11631,5779,Cookies,Morning,Weekday,2017,02
11632,5780,Coffee,Morning,Weekday,2017,02
11633,5780,Bread,Morning,Weekday,2017,02
11634,5781,Farm House,Morning,Weekday,2017,02
11635,5782,Bread,Morning,Weekday,2017,02
11636,5783,Coffee,Morning,Weekday,2017,02
11637,5783,Cookies,Morning,Weekday,2017,02
11638,5784,Baguette,Morning,Weekday,2017,02
11639,5785,Bread,Morning,Weekday,2017,02
11640,5785,Bread,Morning,Weekday,2017,02
11641,5786,Alfajores,Morning,Weekday,2017,02
11642,5787,Juice,Morning,Weekday,2017,02
11643,5787,Hot chocolate,Morning,Weekday,2017,02
11644,5787,Coffee,Morning,Weekday,2017,02
11645,5787,Tea,Morning,Weekday,2017,02
11646,5787,Pastry,Morning,Weekday,2017,02
11647,5787,Brownie,Morning,Weekday,2017,02
11648,5788,Coffee,Morning,Weekday,2017,02
11649,5788,Coffee,Morning,Weekday,2017,02
11650,5788,Bread,Morning,Weekday,2017,02
11651,5789,Cake,Morning,Weekday,2017,02
11652,5789,Coffee,Morning,Weekday,2017,02
11653,5790,Coffee,Morning,Weekday,2017,02
11654,5790,Cake,Morning,Weekday,2017,02
11655,5791,Bread,Morning,Weekday,2017,02
11656,5792,Bread,Morning,Weekday,2017,02
11657,5792,Bread,Morning,Weekday,2017,02
11658,5793,Juice,Morning,Weekday,2017,02
11659,5793,Tea,Morning,Weekday,2017,02
11660,5793,Bread,Morning,Weekday,2017,02
11661,5793,Cake,Morning,Weekday,2017,02
11662,5794,Tea,Morning,Weekday,2017,02
11663,5794,Bread,Morning,Weekday,2017,02
11664,5794,Cookies,Morning,Weekday,2017,02
11665,5794,Sandwich,Morning,Weekday,2017,02
11666,5794,Juice,Morning,Weekday,2017,02
11667,5795,Bread,Afternoon,Weekday,2017,02
11668,5795,Cake,Afternoon,Weekday,2017,02
11669,5796,Coke,Afternoon,Weekday,2017,02
11670,5796,Alfajores,Afternoon,Weekday,2017,02
11671,5796,Hot chocolate,Afternoon,Weekday,2017,02
11672,5797,Cake,Afternoon,Weekday,2017,02
11673,5798,Sandwich,Afternoon,Weekday,2017,02
11674,5799,Tea,Afternoon,Weekday,2017,02
11675,5799,Cake,Afternoon,Weekday,2017,02
11676,5799,Pastry,Afternoon,Weekday,2017,02
11677,5800,Bread,Afternoon,Weekday,2017,02
11678,5800,Coffee,Afternoon,Weekday,2017,02
11679,5800,Coffee,Afternoon,Weekday,2017,02
11680,5800,Soup,Afternoon,Weekday,2017,02
11681,5800,Soup,Afternoon,Weekday,2017,02
11682,5800,Bread,Afternoon,Weekday,2017,02
11683,5800,Farm House,Afternoon,Weekday,2017,02
11684,5801,Sandwich,Afternoon,Weekday,2017,02
11685,5801,Bread,Afternoon,Weekday,2017,02
11686,5802,Tea,Afternoon,Weekday,2017,02
11687,5802,Mineral water,Afternoon,Weekday,2017,02
11688,5802,Soup,Afternoon,Weekday,2017,02
11689,5802,Cake,Afternoon,Weekday,2017,02
11690,5803,Bread,Afternoon,Weekday,2017,02
11691,5803,Chicken Stew,Afternoon,Weekday,2017,02
11692,5803,Sandwich,Afternoon,Weekday,2017,02
11693,5803,Coffee,Afternoon,Weekday,2017,02
11694,5804,Medialuna,Afternoon,Weekday,2017,02
11695,5805,Jam,Afternoon,Weekday,2017,02
11696,5805,Scandinavian,Afternoon,Weekday,2017,02
11697,5806,Cake,Afternoon,Weekday,2017,02
11698,5807,Juice,Afternoon,Weekday,2017,02
11699,5807,Coffee,Afternoon,Weekday,2017,02
11700,5807,Coffee,Afternoon,Weekday,2017,02
11701,5807,Bare Popcorn,Afternoon,Weekday,2017,02
11702,5807,Salad,Afternoon,Weekday,2017,02
11703,5807,Extra Salami or Feta,Afternoon,Weekday,2017,02
11704,5807,Spanish Brunch,Afternoon,Weekday,2017,02
11705,5807,Farm House,Afternoon,Weekday,2017,02
11706,5808,Bare Popcorn,Afternoon,Weekday,2017,02
11707,5809,Valentine's card,Afternoon,Weekday,2017,02
11708,5810,Tea,Afternoon,Weekday,2017,02
11709,5810,Sandwich,Afternoon,Weekday,2017,02
11710,5810,Bread,Afternoon,Weekday,2017,02
11711,5810,Cake,Afternoon,Weekday,2017,02
11712,5811,Tea,Afternoon,Weekday,2017,02
11713,5811,Tea,Afternoon,Weekday,2017,02
11714,5811,Spanish Brunch,Afternoon,Weekday,2017,02
11715,5811,Chicken Stew,Afternoon,Weekday,2017,02
11716,5811,Fudge,Afternoon,Weekday,2017,02
11717,5811,Alfajores,Afternoon,Weekday,2017,02
11718,5812,Coffee,Afternoon,Weekday,2017,02
11719,5813,Coffee,Afternoon,Weekday,2017,02
11720,5813,Pastry,Afternoon,Weekday,2017,02
11721,5813,Bread,Afternoon,Weekday,2017,02
11722,5814,Bread,Afternoon,Weekday,2017,02
11723,5814,Alfajores,Afternoon,Weekday,2017,02
11724,5815,Coffee,Afternoon,Weekday,2017,02
11725,5815,Coffee,Afternoon,Weekday,2017,02
11726,5815,Cookies,Afternoon,Weekday,2017,02
11727,5816,Bread,Afternoon,Weekday,2017,02
11728,5817,Coffee,Afternoon,Weekday,2017,02
11729,5818,Coffee,Afternoon,Weekday,2017,02
11730,5818,Coffee,Afternoon,Weekday,2017,02
11731,5818,Juice,Afternoon,Weekday,2017,02
11732,5818,Cake,Afternoon,Weekday,2017,02
11733,5818,Alfajores,Afternoon,Weekday,2017,02
11734,5819,Hot chocolate,Afternoon,Weekday,2017,02
11735,5820,Coke,Afternoon,Weekday,2017,02
11736,5820,Sandwich,Afternoon,Weekday,2017,02
11737,5821,Bread,Afternoon,Weekday,2017,02
11738,5822,Baguette,Afternoon,Weekday,2017,02
11739,5823,Coffee,Afternoon,Weekday,2017,02
11740,5823,Bread,Afternoon,Weekday,2017,02
11741,5823,Cookies,Afternoon,Weekday,2017,02
11742,5823,Juice,Afternoon,Weekday,2017,02
11743,5824,Coffee,Evening,Weekday,2017,02
11744,5824,Cake,Evening,Weekday,2017,02
11745,5826,Bread,Morning,Weekday,2017,03
11746,5827,Bread,Morning,Weekday,2017,03
11747,5828,Bread,Morning,Weekday,2017,03
11748,5828,Toast,Morning,Weekday,2017,03
11749,5829,Bread,Morning,Weekday,2017,03
11750,5829,Tea,Morning,Weekday,2017,03
11751,5829,Toast,Morning,Weekday,2017,03
11752,5829,Cake,Morning,Weekday,2017,03
11753,5830,Toast,Morning,Weekday,2017,03
11754,5830,Bread,Morning,Weekday,2017,03
11755,5831,Cookies,Morning,Weekday,2017,03
11756,5832,Coffee,Morning,Weekday,2017,03
11757,5832,Coffee,Morning,Weekday,2017,03
11758,5832,Toast,Morning,Weekday,2017,03
11759,5833,Bread,Morning,Weekday,2017,03
11760,5833,Pastry,Morning,Weekday,2017,03
11761,5834,Bread,Morning,Weekday,2017,03
11762,5834,Hot chocolate,Morning,Weekday,2017,03
11763,5834,Medialuna,Morning,Weekday,2017,03
11764,5835,Farm House,Morning,Weekday,2017,03
11765,5836,Coffee,Morning,Weekday,2017,03
11766,5837,Farm House,Morning,Weekday,2017,03
11767,5837,Gingerbread syrup,Morning,Weekday,2017,03
11768,5838,Coffee,Morning,Weekday,2017,03
11769,5838,Coffee,Morning,Weekday,2017,03
11770,5838,Coffee,Morning,Weekday,2017,03
11771,5838,Bread,Morning,Weekday,2017,03
11772,5838,Pastry,Morning,Weekday,2017,03
11773,5838,Alfajores,Morning,Weekday,2017,03
11774,5839,Coffee,Morning,Weekday,2017,03
11775,5839,Sandwich,Morning,Weekday,2017,03
11776,5839,Baguette,Morning,Weekday,2017,03
11777,5840,Coffee,Morning,Weekday,2017,03
11778,5840,Medialuna,Morning,Weekday,2017,03
11779,5841,Bread,Morning,Weekday,2017,03
11780,5842,Scandinavian,Morning,Weekday,2017,03
11781,5843,Cookies,Morning,Weekday,2017,03
11782,5843,Bread,Morning,Weekday,2017,03
11783,5843,Bread,Morning,Weekday,2017,03
11784,5844,Coke,Morning,Weekday,2017,03
11785,5845,Medialuna,Morning,Weekday,2017,03
11786,5845,Pastry,Morning,Weekday,2017,03
11787,5846,Coffee,Morning,Weekday,2017,03
11788,5846,Tea,Morning,Weekday,2017,03
11789,5846,Toast,Morning,Weekday,2017,03
11790,5847,Alfajores,Morning,Weekday,2017,03
11791,5848,Bread,Morning,Weekday,2017,03
11792,5849,Coffee,Morning,Weekday,2017,03
11793,5849,Bread,Morning,Weekday,2017,03
11794,5849,Bread,Morning,Weekday,2017,03
11795,5850,Coffee,Morning,Weekday,2017,03
11796,5850,Bread,Morning,Weekday,2017,03
11797,5850,Sandwich,Morning,Weekday,2017,03
11798,5851,Coffee,Morning,Weekday,2017,03
11799,5851,Alfajores,Morning,Weekday,2017,03
11800,5852,Truffles,Morning,Weekday,2017,03
11801,5852,Juice,Morning,Weekday,2017,03
11802,5852,Coffee,Morning,Weekday,2017,03
11803,5852,Bread,Morning,Weekday,2017,03
11804,5852,Pastry,Morning,Weekday,2017,03
11805,5852,Scone,Morning,Weekday,2017,03
11806,5853,Scandinavian,Morning,Weekday,2017,03
11807,5853,Bread,Morning,Weekday,2017,03
11808,5854,Bread,Morning,Weekday,2017,03
11809,5855,Tea,Afternoon,Weekday,2017,03
11810,5855,Soup,Afternoon,Weekday,2017,03
11811,5856,Soup,Afternoon,Weekday,2017,03
11812,5856,Truffles,Afternoon,Weekday,2017,03
11813,5857,Soup,Afternoon,Weekday,2017,03
11814,5857,Scone,Afternoon,Weekday,2017,03
11815,5857,Tea,Afternoon,Weekday,2017,03
11816,5858,Truffles,Afternoon,Weekday,2017,03
11817,5858,Sandwich,Afternoon,Weekday,2017,03
11818,5859,Soup,Afternoon,Weekday,2017,03
11819,5859,Coffee,Afternoon,Weekday,2017,03
11820,5860,Cake,Afternoon,Weekday,2017,03
11821,5861,Soup,Afternoon,Weekday,2017,03
11822,5862,Coffee,Afternoon,Weekday,2017,03
11823,5862,Toast,Afternoon,Weekday,2017,03
11824,5863,Bread,Afternoon,Weekday,2017,03
11825,5864,Bread,Afternoon,Weekday,2017,03
11826,5865,Tea,Afternoon,Weekday,2017,03
11827,5865,Bread,Afternoon,Weekday,2017,03
11828,5866,Coffee,Afternoon,Weekday,2017,03
11829,5866,Chicken Stew,Afternoon,Weekday,2017,03
11830,5866,Toast,Afternoon,Weekday,2017,03
11831,5867,Bread,Afternoon,Weekday,2017,03
11832,5868,Sandwich,Afternoon,Weekday,2017,03
11833,5868,Coffee,Afternoon,Weekday,2017,03
11834,5868,Cake,Afternoon,Weekday,2017,03
11835,5868,Coffee,Afternoon,Weekday,2017,03
11836,5868,Sandwich,Afternoon,Weekday,2017,03
11837,5869,Cake,Afternoon,Weekday,2017,03
11838,5870,Cookies,Afternoon,Weekday,2017,03
11839,5870,Bread,Afternoon,Weekday,2017,03
11840,5871,Coffee,Afternoon,Weekday,2017,03
11841,5871,Hot chocolate,Afternoon,Weekday,2017,03
11842,5871,Juice,Afternoon,Weekday,2017,03
11843,5871,Truffles,Afternoon,Weekday,2017,03
11844,5871,Mineral water,Afternoon,Weekday,2017,03
11845,5871,Sandwich,Afternoon,Weekday,2017,03
11846,5871,Sandwich,Afternoon,Weekday,2017,03
11847,5872,Coffee,Afternoon,Weekday,2017,03
11848,5872,Sandwich,Afternoon,Weekday,2017,03
11849,5873,Coffee,Afternoon,Weekday,2017,03
11850,5873,Bread,Afternoon,Weekday,2017,03
11851,5874,Tea,Afternoon,Weekday,2017,03
11852,5874,Coffee,Afternoon,Weekday,2017,03
11853,5874,Bread,Afternoon,Weekday,2017,03
11854,5875,Afternoon with the baker,Afternoon,Weekday,2017,03
11855,5876,Tea,Afternoon,Weekday,2017,03
11856,5876,Cookies,Afternoon,Weekday,2017,03
11857,5877,Coffee,Afternoon,Weekday,2017,03
11858,5877,Soup,Afternoon,Weekday,2017,03
11859,5878,Soup,Afternoon,Weekday,2017,03
11860,5878,Coffee,Afternoon,Weekday,2017,03
11861,5879,Farm House,Afternoon,Weekday,2017,03
11862,5880,Coffee,Afternoon,Weekday,2017,03
11863,5880,Cake,Afternoon,Weekday,2017,03
11864,5881,Coffee,Afternoon,Weekday,2017,03
11865,5882,Coffee,Afternoon,Weekday,2017,03
11866,5883,Coffee,Afternoon,Weekday,2017,03
11867,5883,Tea,Afternoon,Weekday,2017,03
11868,5884,Bread,Afternoon,Weekday,2017,03
11869,5884,Bread,Afternoon,Weekday,2017,03
11870,5884,Eggs,Afternoon,Weekday,2017,03
11871,5885,Baguette,Afternoon,Weekday,2017,03
11872,5885,Scandinavian,Afternoon,Weekday,2017,03
11873,5886,Coffee,Afternoon,Weekday,2017,03
11874,5886,Bread,Afternoon,Weekday,2017,03
11875,5887,Coffee,Afternoon,Weekday,2017,03
11876,5887,Scone,Afternoon,Weekday,2017,03
11877,5888,Eggs,Afternoon,Weekday,2017,03
11878,5888,Hot chocolate,Afternoon,Weekday,2017,03
11879,5888,Coffee,Afternoon,Weekday,2017,03
11880,5888,Alfajores,Afternoon,Weekday,2017,03
11881,5889,Bread,Evening,Weekday,2017,03
11882,5889,Tea,Evening,Weekday,2017,03
11883,5890,Coffee,Morning,Weekend,2017,04
11884,5891,Coffee,Morning,Weekend,2017,04
11885,5892,Cake,Morning,Weekend,2017,04
11886,5893,Pastry,Morning,Weekend,2017,04
11887,5893,Baguette,Morning,Weekend,2017,04
11888,5894,Coffee,Morning,Weekend,2017,04
11889,5894,Coffee,Morning,Weekend,2017,04
11890,5894,Toast,Morning,Weekend,2017,04
11891,5895,Extra Salami or Feta,Morning,Weekend,2017,04
11892,5895,Coffee,Morning,Weekend,2017,04
11893,5896,Bread,Morning,Weekend,2017,04
11894,5896,Pastry,Morning,Weekend,2017,04
11895,5897,Scandinavian,Morning,Weekend,2017,04
11896,5898,Pastry,Morning,Weekend,2017,04
11897,5898,Coffee,Morning,Weekend,2017,04
11898,5899,Coffee,Morning,Weekend,2017,04
11899,5899,Coffee,Morning,Weekend,2017,04
11900,5899,Cookies,Morning,Weekend,2017,04
11901,5900,Coffee,Morning,Weekend,2017,04
11902,5901,Farm House,Morning,Weekend,2017,04
11903,5902,Farm House,Morning,Weekend,2017,04
11904,5902,Cake,Morning,Weekend,2017,04
11905,5903,Coffee,Morning,Weekend,2017,04
11906,5903,Coffee,Morning,Weekend,2017,04
11907,5904,Coffee,Morning,Weekend,2017,04
11908,5905,Coffee,Morning,Weekend,2017,04
11909,5905,Bread,Morning,Weekend,2017,04
11910,5905,Bread,Morning,Weekend,2017,04
11911,5905,Pastry,Morning,Weekend,2017,04
11912,5906,Bread,Morning,Weekend,2017,04
11913,5907,Toast,Morning,Weekend,2017,04
11914,5907,Truffles,Morning,Weekend,2017,04
11915,5907,Bread,Morning,Weekend,2017,04
11916,5908,Bread,Morning,Weekend,2017,04
11917,5909,Jam,Morning,Weekend,2017,04
11918,5910,Coffee,Morning,Weekend,2017,04
11919,5910,Coffee,Morning,Weekend,2017,04
11920,5911,Coffee,Morning,Weekend,2017,04
11921,5912,Bread,Morning,Weekend,2017,04
11922,5913,Coffee,Morning,Weekend,2017,04
11923,5914,Tea,Morning,Weekend,2017,04
11924,5914,Coffee,Morning,Weekend,2017,04
11925,5914,Cake,Morning,Weekend,2017,04
11926,5915,Coffee,Morning,Weekend,2017,04
11927,5915,Coffee,Morning,Weekend,2017,04
11928,5915,Brownie,Morning,Weekend,2017,04
11929,5916,Farm House,Morning,Weekend,2017,04
11930,5917,Coffee,Morning,Weekend,2017,04
11931,5918,Sandwich,Morning,Weekend,2017,04
11932,5918,Coffee,Morning,Weekend,2017,04
11933,5919,Farm House,Morning,Weekend,2017,04
11934,5919,Pastry,Morning,Weekend,2017,04
11935,5920,Tea,Morning,Weekend,2017,04
11936,5920,Truffles,Morning,Weekend,2017,04
11937,5921,Bread,Morning,Weekend,2017,04
11938,5922,Bread,Morning,Weekend,2017,04
11939,5923,Hot chocolate,Morning,Weekend,2017,04
11940,5924,Bread,Morning,Weekend,2017,04
11941,5924,Baguette,Morning,Weekend,2017,04
11942,5925,Bread,Morning,Weekend,2017,04
11943,5926,Bread,Morning,Weekend,2017,04
11944,5927,Scandinavian,Morning,Weekend,2017,04
11945,5927,Farm House,Morning,Weekend,2017,04
11946,5928,Pastry,Morning,Weekend,2017,04
11947,5928,Bread,Morning,Weekend,2017,04
11948,5929,Sandwich,Morning,Weekend,2017,04
11949,5930,Bread,Morning,Weekend,2017,04
11950,5930,Baguette,Morning,Weekend,2017,04
11951,5931,Coffee,Morning,Weekend,2017,04
11952,5931,Coffee,Morning,Weekend,2017,04
11953,5931,Hot chocolate,Morning,Weekend,2017,04
11954,5931,Cake,Morning,Weekend,2017,04
11955,5932,Coffee,Morning,Weekend,2017,04
11956,5932,Pastry,Morning,Weekend,2017,04
11957,5933,Coffee,Afternoon,Weekend,2017,04
11958,5933,Coffee,Afternoon,Weekend,2017,04
11959,5934,Coffee,Afternoon,Weekend,2017,04
11960,5934,Coffee,Afternoon,Weekend,2017,04
11961,5934,Cake,Afternoon,Weekend,2017,04
11962,5934,Brownie,Afternoon,Weekend,2017,04
11963,5935,The Nomad,Afternoon,Weekend,2017,04
11964,5935,Granola,Afternoon,Weekend,2017,04
11965,5935,Coffee,Afternoon,Weekend,2017,04
11966,5935,Coffee,Afternoon,Weekend,2017,04
11967,5935,Cookies,Afternoon,Weekend,2017,04
11968,5935,Pastry,Afternoon,Weekend,2017,04
11969,5935,Scone,Afternoon,Weekend,2017,04
11970,5935,Tea,Afternoon,Weekend,2017,04
11971,5936,Coffee,Afternoon,Weekend,2017,04
11972,5937,Bread,Afternoon,Weekend,2017,04
11973,5937,Fudge,Afternoon,Weekend,2017,04
11974,5937,Cookies,Afternoon,Weekend,2017,04
11975,5938,Scandinavian,Afternoon,Weekend,2017,04
11976,5938,Alfajores,Afternoon,Weekend,2017,04
11977,5939,Scone,Afternoon,Weekend,2017,04
11978,5939,Coffee,Afternoon,Weekend,2017,04
11979,5940,Bread,Afternoon,Weekend,2017,04
11980,5940,Pastry,Afternoon,Weekend,2017,04
11981,5940,Coffee,Afternoon,Weekend,2017,04
11982,5941,Tea,Afternoon,Weekend,2017,04
11983,5941,Alfajores,Afternoon,Weekend,2017,04
11984,5941,Pastry,Afternoon,Weekend,2017,04
11985,5942,Pastry,Afternoon,Weekend,2017,04
11986,5942,Coffee,Afternoon,Weekend,2017,04
11987,5942,Coffee,Afternoon,Weekend,2017,04
11988,5943,Sandwich,Afternoon,Weekend,2017,04
11989,5943,Sandwich,Afternoon,Weekend,2017,04
11990,5944,Cake,Afternoon,Weekend,2017,04
11991,5945,Medialuna,Afternoon,Weekend,2017,04
11992,5945,Bread,Afternoon,Weekend,2017,04
11993,5946,Coffee,Afternoon,Weekend,2017,04
11994,5946,Brownie,Afternoon,Weekend,2017,04
11995,5946,Cake,Afternoon,Weekend,2017,04
11996,5947,Cake,Afternoon,Weekend,2017,04
11997,5947,Cookies,Afternoon,Weekend,2017,04
11998,5947,Tea,Afternoon,Weekend,2017,04
11999,5947,Smoothies,Afternoon,Weekend,2017,04
12000,5947,Coffee,Afternoon,Weekend,2017,04
12001,5948,Tea,Afternoon,Weekend,2017,04
12002,5948,Coffee,Afternoon,Weekend,2017,04
12003,5948,Truffles,Afternoon,Weekend,2017,04
12004,5949,Bread,Afternoon,Weekend,2017,04
12005,5949,Brownie,Afternoon,Weekend,2017,04
12006,5950,Coffee,Afternoon,Weekend,2017,04
12007,5950,Spanish Brunch,Afternoon,Weekend,2017,04
12008,5951,Scandinavian,Afternoon,Weekend,2017,04
12009,5952,Cookies,Afternoon,Weekend,2017,04
12010,5953,Coffee,Afternoon,Weekend,2017,04
12011,5953,Mineral water,Afternoon,Weekend,2017,04
12012,5953,Bread,Afternoon,Weekend,2017,04
12013,5954,Spanish Brunch,Afternoon,Weekend,2017,04
12014,5954,Juice,Afternoon,Weekend,2017,04
12015,5954,Coffee,Afternoon,Weekend,2017,04
12016,5954,Coffee,Afternoon,Weekend,2017,04
12017,5954,Toast,Afternoon,Weekend,2017,04
12018,5955,Scone,Afternoon,Weekend,2017,04
12019,5956,Tea,Afternoon,Weekend,2017,04
12020,5956,Sandwich,Afternoon,Weekend,2017,04
12021,5957,Brownie,Afternoon,Weekend,2017,04
12022,5957,Coffee,Afternoon,Weekend,2017,04
12023,5957,Coffee,Afternoon,Weekend,2017,04
12024,5958,Sandwich,Afternoon,Weekend,2017,04
12025,5958,Sandwich,Afternoon,Weekend,2017,04
12026,5958,Bread,Afternoon,Weekend,2017,04
12027,5958,Coffee,Afternoon,Weekend,2017,04
12028,5959,Bread,Afternoon,Weekend,2017,04
12029,5959,Bread,Afternoon,Weekend,2017,04
12030,5960,Coffee,Afternoon,Weekend,2017,04
12031,5960,Coffee,Afternoon,Weekend,2017,04
12032,5960,Chicken Stew,Afternoon,Weekend,2017,04
12033,5960,Soup,Afternoon,Weekend,2017,04
12034,5960,Sandwich,Afternoon,Weekend,2017,04
12035,5961,Sandwich,Afternoon,Weekend,2017,04
12036,5961,Sandwich,Afternoon,Weekend,2017,04
12037,5961,Salad,Afternoon,Weekend,2017,04
12038,5961,Coffee,Afternoon,Weekend,2017,04
12039,5961,Coffee,Afternoon,Weekend,2017,04
12040,5961,Cake,Afternoon,Weekend,2017,04
12041,5962,Cake,Afternoon,Weekend,2017,04
12042,5963,Coffee,Afternoon,Weekend,2017,04
12043,5964,Cake,Afternoon,Weekend,2017,04
12044,5964,Scone,Afternoon,Weekend,2017,04
12045,5965,Scone,Afternoon,Weekend,2017,04
12046,5965,Coffee,Afternoon,Weekend,2017,04
12047,5965,Coffee,Afternoon,Weekend,2017,04
12048,5965,Coffee,Afternoon,Weekend,2017,04
12049,5965,Cake,Afternoon,Weekend,2017,04
12050,5966,Cake,Afternoon,Weekend,2017,04
12051,5966,Brownie,Afternoon,Weekend,2017,04
12052,5967,Salad,Afternoon,Weekend,2017,04
12053,5967,Sandwich,Afternoon,Weekend,2017,04
12054,5967,Tea,Afternoon,Weekend,2017,04
12055,5967,Tea,Afternoon,Weekend,2017,04
12056,5967,Scone,Afternoon,Weekend,2017,04
12057,5967,Cookies,Afternoon,Weekend,2017,04
12058,5968,Chicken Stew,Afternoon,Weekend,2017,04
12059,5968,Truffles,Afternoon,Weekend,2017,04
12060,5968,Juice,Afternoon,Weekend,2017,04
12061,5969,Coffee,Afternoon,Weekend,2017,04
12062,5969,Alfajores,Afternoon,Weekend,2017,04
12063,5969,Spanish Brunch,Afternoon,Weekend,2017,04
12064,5970,Coffee,Afternoon,Weekend,2017,04
12065,5971,Hot chocolate,Afternoon,Weekend,2017,04
12066,5971,Coffee,Afternoon,Weekend,2017,04
12067,5971,Cake,Afternoon,Weekend,2017,04
12068,5972,Coffee,Afternoon,Weekend,2017,04
12069,5972,Cake,Afternoon,Weekend,2017,04
12070,5973,Cake,Afternoon,Weekend,2017,04
12071,5973,Cake,Afternoon,Weekend,2017,04
12072,5973,Coffee,Afternoon,Weekend,2017,04
12073,5973,Hot chocolate,Afternoon,Weekend,2017,04
12074,5974,Sandwich,Afternoon,Weekend,2017,04
12075,5975,Cookies,Afternoon,Weekend,2017,04
12076,5976,Brownie,Afternoon,Weekend,2017,04
12077,5976,Coffee,Afternoon,Weekend,2017,04
12078,5977,Bread,Afternoon,Weekend,2017,04
12079,5978,Cake,Afternoon,Weekend,2017,04
12080,5978,Cake,Afternoon,Weekend,2017,04
12081,5978,Coffee,Afternoon,Weekend,2017,04
12082,5979,Coffee,Afternoon,Weekend,2017,04
12083,5979,Salad,Afternoon,Weekend,2017,04
12084,5980,Coffee,Afternoon,Weekend,2017,04
12085,5980,Cake,Afternoon,Weekend,2017,04
12086,5980,Cake,Afternoon,Weekend,2017,04
12087,5981,Cake,Afternoon,Weekend,2017,04
12088,5981,Salad,Afternoon,Weekend,2017,04
12089,5981,Valentine's card,Afternoon,Weekend,2017,04
12090,5982,Scandinavian,Afternoon,Weekend,2017,04
12091,5983,Bread,Afternoon,Weekend,2017,04
12092,5983,Coffee,Afternoon,Weekend,2017,04
12093,5984,Brownie,Afternoon,Weekend,2017,04
12094,5985,Tea,Afternoon,Weekend,2017,04
12095,5985,Tea,Afternoon,Weekend,2017,04
12096,5985,Soup,Afternoon,Weekend,2017,04
12097,5985,Juice,Afternoon,Weekend,2017,04
12098,5985,Cake,Afternoon,Weekend,2017,04
12099,5985,Bread,Afternoon,Weekend,2017,04
12100,5986,Bread,Afternoon,Weekend,2017,04
12101,5986,Bread,Afternoon,Weekend,2017,04
12102,5986,Cake,Afternoon,Weekend,2017,04
12103,5986,Bread,Afternoon,Weekend,2017,04
12104,5986,Soup,Afternoon,Weekend,2017,04
12105,5986,Soup,Afternoon,Weekend,2017,04
12106,5987,Bread,Afternoon,Weekend,2017,04
12107,5988,Coffee,Evening,Weekend,2017,04
12108,5988,Coffee,Evening,Weekend,2017,04
12109,5988,Coffee,Evening,Weekend,2017,04
12110,5988,Cake,Evening,Weekend,2017,04
12111,5988,Bread,Evening,Weekend,2017,04
12112,5988,Alfajores,Evening,Weekend,2017,04
12113,5989,Truffles,Evening,Weekend,2017,04
12114,5989,Coffee,Evening,Weekend,2017,04
12115,5989,Tshirt,Evening,Weekend,2017,04
12116,5990,Coffee,Evening,Weekend,2017,04
12117,5991,Hot chocolate,Evening,Weekend,2017,04
12118,5992,Coffee,Evening,Weekend,2017,04
12119,5993,Juice,Evening,Weekend,2017,04
12120,5994,Juice,Evening,Weekend,2017,04
12121,5994,Truffles,Evening,Weekend,2017,04
12122,5994,Mineral water,Evening,Weekend,2017,04
12123,5995,Tshirt,Evening,Weekend,2017,04
12124,5996,Tshirt,Evening,Weekend,2017,04
12125,5997,Tea,Evening,Weekend,2017,04
12126,5997,Tea,Evening,Weekend,2017,04
12127,5997,Hot chocolate,Evening,Weekend,2017,04
12128,5998,Tshirt,Evening,Weekend,2017,04
12129,5999,Bread,Evening,Weekend,2017,04
12130,5999,Hot chocolate,Evening,Weekend,2017,04
12131,5999,Tshirt,Evening,Weekend,2017,04
12132,6000,Vegan Feast,Evening,Weekend,2017,04
12133,6000,Tea,Evening,Weekend,2017,04
12134,6001,Postcard,Evening,Weekend,2017,04
12135,6001,Coffee,Evening,Weekend,2017,04
12136,6002,Tshirt,Evening,Weekend,2017,04
12137,6002,Coke,Evening,Weekend,2017,04
12138,6003,Coke,Evening,Weekend,2017,04
12139,6004,Tshirt,Evening,Weekend,2017,04
12140,6005,Coke,Evening,Weekend,2017,04
12141,6006,Truffles,Evening,Weekend,2017,04
12142,6007,Tshirt,Evening,Weekend,2017,04
12143,6008,Tshirt,Evening,Weekend,2017,04
12144,6009,Tea,Evening,Weekend,2017,04
12145,6010,Coke,Evening,Weekend,2017,04
12146,6011,Tshirt,Evening,Weekend,2017,04
12147,6011,Fudge,Evening,Weekend,2017,04
12148,6012,Hot chocolate,Evening,Weekend,2017,04
12149,6012,Coffee,Evening,Weekend,2017,04
12150,6013,Tshirt,Evening,Weekend,2017,04
12151,6014,Valentine's card,Evening,Weekend,2017,04
12152,6014,Tshirt,Evening,Weekend,2017,04
12153,6015,Tshirt,Evening,Weekend,2017,04
12154,6016,Tshirt,Evening,Weekend,2017,04
12155,6016,Postcard,Evening,Weekend,2017,04
12156,6017,Tshirt,Evening,Weekend,2017,04
12157,6018,Valentine's card,Evening,Weekend,2017,04
12158,6018,Tshirt,Evening,Weekend,2017,04
12159,6018,Postcard,Evening,Weekend,2017,04
12160,6019,Valentine's card,Evening,Weekend,2017,04
12161,6020,Valentine's card,Evening,Weekend,2017,04
12162,6021,Postcard,Evening,Weekend,2017,04
12163,6022,Nomad bag,Evening,Weekend,2017,04
12164,6022,Postcard,Evening,Weekend,2017,04
12165,6022,Tshirt,Evening,Weekend,2017,04
12166,6023,Tshirt,Evening,Weekend,2017,04
12167,6023,Postcard,Evening,Weekend,2017,04
12168,6024,Tshirt,Evening,Weekend,2017,04
12169,6024,Postcard,Evening,Weekend,2017,04
12170,6025,Postcard,Evening,Weekend,2017,04
12171,6026,Postcard,Evening,Weekend,2017,04
12172,6027,Tshirt,Evening,Weekend,2017,04
12173,6028,Tshirt,Evening,Weekend,2017,04
12174,6028,Postcard,Evening,Weekend,2017,04
12175,6029,Coffee,Morning,Weekend,2017,05
12176,6029,Coffee,Morning,Weekend,2017,05
12177,6029,Pastry,Morning,Weekend,2017,05
12178,6029,Pastry,Morning,Weekend,2017,05
12179,6029,Farm House,Morning,Weekend,2017,05
12180,6030,Tea,Morning,Weekend,2017,05
12181,6030,Coffee,Morning,Weekend,2017,05
12182,6030,Coffee,Morning,Weekend,2017,05
12183,6030,Pastry,Morning,Weekend,2017,05
12184,6030,Scone,Morning,Weekend,2017,05
12185,6031,Coffee,Morning,Weekend,2017,05
12186,6031,Medialuna,Morning,Weekend,2017,05
12187,6032,Coffee,Morning,Weekend,2017,05
12188,6032,Bread,Morning,Weekend,2017,05
12189,6033,Hot chocolate,Morning,Weekend,2017,05
12190,6034,Bread,Morning,Weekend,2017,05
12191,6035,Tea,Morning,Weekend,2017,05
12192,6035,Tea,Morning,Weekend,2017,05
12193,6035,Pastry,Morning,Weekend,2017,05
12194,6035,Pastry,Morning,Weekend,2017,05
12195,6036,Bread,Morning,Weekend,2017,05
12196,6036,Bread,Morning,Weekend,2017,05
12197,6037,Coffee,Morning,Weekend,2017,05
12198,6037,Coffee,Morning,Weekend,2017,05
12199,6037,Tea,Morning,Weekend,2017,05
12200,6038,Coffee,Morning,Weekend,2017,05
12201,6038,Coffee,Morning,Weekend,2017,05
12202,6038,Hot chocolate,Morning,Weekend,2017,05
12203,6038,Hot chocolate,Morning,Weekend,2017,05
12204,6038,Medialuna,Morning,Weekend,2017,05
12205,6038,Scone,Morning,Weekend,2017,05
12206,6038,Alfajores,Morning,Weekend,2017,05
12207,6038,Spanish Brunch,Morning,Weekend,2017,05
12208,6039,Bread,Morning,Weekend,2017,05
12209,6040,Coffee,Morning,Weekend,2017,05
12210,6040,Coffee,Morning,Weekend,2017,05
12211,6040,Alfajores,Morning,Weekend,2017,05
12212,6040,Cookies,Morning,Weekend,2017,05
12213,6041,Sandwich,Morning,Weekend,2017,05
12214,6041,Sandwich,Morning,Weekend,2017,05
12215,6041,Coffee,Morning,Weekend,2017,05
12216,6041,Scone,Morning,Weekend,2017,05
12217,6042,Scone,Morning,Weekend,2017,05
12218,6042,Coffee,Morning,Weekend,2017,05
12219,6042,Coffee,Morning,Weekend,2017,05
12220,6042,Coffee,Morning,Weekend,2017,05
12221,6043,Coffee,Morning,Weekend,2017,05
12222,6043,Hot chocolate,Morning,Weekend,2017,05
12223,6043,Farm House,Morning,Weekend,2017,05
12224,6044,Bread,Morning,Weekend,2017,05
12225,6044,Coffee,Morning,Weekend,2017,05
12226,6044,Coffee,Morning,Weekend,2017,05
12227,6045,Hot chocolate,Morning,Weekend,2017,05
12228,6045,Hot chocolate,Morning,Weekend,2017,05
12229,6045,Coffee,Morning,Weekend,2017,05
12230,6045,Coffee,Morning,Weekend,2017,05
12231,6045,Coffee,Morning,Weekend,2017,05
12232,6045,Cookies,Morning,Weekend,2017,05
12233,6045,Cookies,Morning,Weekend,2017,05
12234,6045,Brownie,Morning,Weekend,2017,05
12235,6045,Pastry,Morning,Weekend,2017,05
12236,6045,Baguette,Morning,Weekend,2017,05
12237,6046,Coffee,Morning,Weekend,2017,05
12238,6046,Cake,Morning,Weekend,2017,05
12239,6047,Coffee,Afternoon,Weekend,2017,05
12240,6048,Coffee,Afternoon,Weekend,2017,05
12241,6048,Coffee,Afternoon,Weekend,2017,05
12242,6048,Coffee,Afternoon,Weekend,2017,05
12243,6048,Tea,Afternoon,Weekend,2017,05
12244,6048,Medialuna,Afternoon,Weekend,2017,05
12245,6048,Medialuna,Afternoon,Weekend,2017,05
12246,6048,Cookies,Afternoon,Weekend,2017,05
12247,6048,Cookies,Afternoon,Weekend,2017,05
12248,6049,Bread,Afternoon,Weekend,2017,05
12249,6049,Fudge,Afternoon,Weekend,2017,05
12250,6049,Alfajores,Afternoon,Weekend,2017,05
12251,6050,Coffee,Afternoon,Weekend,2017,05
12252,6050,Tea,Afternoon,Weekend,2017,05
12253,6050,Sandwich,Afternoon,Weekend,2017,05
12254,6051,Spanish Brunch,Afternoon,Weekend,2017,05
12255,6051,Bread,Afternoon,Weekend,2017,05
12256,6052,Cake,Afternoon,Weekend,2017,05
12257,6052,Alfajores,Afternoon,Weekend,2017,05
12258,6053,Bread,Afternoon,Weekend,2017,05
12259,6054,Coffee,Afternoon,Weekend,2017,05
12260,6054,Coffee,Afternoon,Weekend,2017,05
12261,6054,Bread,Afternoon,Weekend,2017,05
12262,6054,Pastry,Afternoon,Weekend,2017,05
12263,6055,Salad,Afternoon,Weekend,2017,05
12264,6055,Coffee,Afternoon,Weekend,2017,05
12265,6055,Coffee,Afternoon,Weekend,2017,05
12266,6056,Coffee,Afternoon,Weekend,2017,05
12267,6056,Coffee,Afternoon,Weekend,2017,05
12268,6056,Coffee,Afternoon,Weekend,2017,05
12269,6056,Bread,Afternoon,Weekend,2017,05
12270,6056,Cookies,Afternoon,Weekend,2017,05
12271,6056,Alfajores,Afternoon,Weekend,2017,05
12272,6056,Sandwich,Afternoon,Weekend,2017,05
12273,6056,Sandwich,Afternoon,Weekend,2017,05
12274,6057,Coffee,Afternoon,Weekend,2017,05
12275,6057,Coffee,Afternoon,Weekend,2017,05
12276,6057,Pastry,Afternoon,Weekend,2017,05
12277,6057,Bread,Afternoon,Weekend,2017,05
12278,6058,Coffee,Afternoon,Weekend,2017,05
12279,6058,Pastry,Afternoon,Weekend,2017,05
12280,6059,Sandwich,Afternoon,Weekend,2017,05
12281,6059,Coffee,Afternoon,Weekend,2017,05
12282,6059,Coke,Afternoon,Weekend,2017,05
12283,6061,Bread,Afternoon,Weekend,2017,05
12284,6061,Scone,Afternoon,Weekend,2017,05
12285,6061,Alfajores,Afternoon,Weekend,2017,05
12286,6062,Brownie,Afternoon,Weekend,2017,05
12287,6062,Bread,Afternoon,Weekend,2017,05
12288,6062,Scandinavian,Afternoon,Weekend,2017,05
12289,6063,Coffee,Afternoon,Weekend,2017,05
12290,6063,Cake,Afternoon,Weekend,2017,05
12291,6063,Bread,Afternoon,Weekend,2017,05
12292,6064,Cake,Afternoon,Weekend,2017,05
12293,6064,Pastry,Afternoon,Weekend,2017,05
12294,6064,Bread,Afternoon,Weekend,2017,05
12295,6065,Cookies,Afternoon,Weekend,2017,05
12296,6065,Cake,Afternoon,Weekend,2017,05
12297,6066,Hot chocolate,Afternoon,Weekend,2017,05
12298,6066,Tea,Afternoon,Weekend,2017,05
12299,6066,Alfajores,Afternoon,Weekend,2017,05
12300,6067,Bread,Afternoon,Weekend,2017,05
12301,6067,Coffee,Afternoon,Weekend,2017,05
12302,6067,Coffee,Afternoon,Weekend,2017,05
12303,6067,Cookies,Afternoon,Weekend,2017,05
12304,6067,Cake,Afternoon,Weekend,2017,05
12305,6068,Scandinavian,Afternoon,Weekend,2017,05
12306,6070,Coffee,Afternoon,Weekend,2017,05
12307,6070,Coffee,Afternoon,Weekend,2017,05
12308,6070,Cake,Afternoon,Weekend,2017,05
12309,6070,Alfajores,Afternoon,Weekend,2017,05
12310,6071,Coffee,Afternoon,Weekend,2017,05
12311,6071,Chicken Stew,Afternoon,Weekend,2017,05
12312,6071,Sandwich,Afternoon,Weekend,2017,05
12313,6071,Fudge,Afternoon,Weekend,2017,05
12314,6072,Coffee,Afternoon,Weekend,2017,05
12315,6072,Sandwich,Afternoon,Weekend,2017,05
12316,6072,Fudge,Afternoon,Weekend,2017,05
12317,6073,Baguette,Afternoon,Weekend,2017,05
12318,6073,Coffee,Afternoon,Weekend,2017,05
12319,6073,Tea,Afternoon,Weekend,2017,05
12320,6073,Cake,Afternoon,Weekend,2017,05
12321,6074,Coffee,Afternoon,Weekend,2017,05
12322,6074,Tea,Afternoon,Weekend,2017,05
12323,6075,Tea,Afternoon,Weekend,2017,05
12324,6075,Bread,Afternoon,Weekend,2017,05
12325,6076,Bread,Afternoon,Weekend,2017,05
12326,6077,Coffee,Afternoon,Weekend,2017,05
12327,6078,Tea,Afternoon,Weekend,2017,05
12328,6078,Coffee,Afternoon,Weekend,2017,05
12329,6078,Sandwich,Afternoon,Weekend,2017,05
12330,6078,Sandwich,Afternoon,Weekend,2017,05
12331,6078,Bread,Afternoon,Weekend,2017,05
12332,6079,Bread,Afternoon,Weekend,2017,05
12333,6080,Spanish Brunch,Afternoon,Weekend,2017,05
12334,6080,Chicken Stew,Afternoon,Weekend,2017,05
12335,6080,Coffee,Afternoon,Weekend,2017,05
12336,6081,Coffee,Afternoon,Weekend,2017,05
12337,6081,Coffee,Afternoon,Weekend,2017,05
12338,6081,Coffee,Afternoon,Weekend,2017,05
12339,6081,Cookies,Afternoon,Weekend,2017,05
12340,6081,Cake,Afternoon,Weekend,2017,05
12341,6082,Hot chocolate,Afternoon,Weekend,2017,05
12342,6082,Hot chocolate,Afternoon,Weekend,2017,05
12343,6082,Bread,Afternoon,Weekend,2017,05
12344,6082,Coffee,Afternoon,Weekend,2017,05
12345,6084,Coffee,Morning,Weekday,2017,06
12346,6084,Coffee,Morning,Weekday,2017,06
12347,6084,Coffee,Morning,Weekday,2017,06
12348,6085,Bread,Morning,Weekday,2017,06
12349,6085,Bread,Morning,Weekday,2017,06
12350,6086,Tea,Morning,Weekday,2017,06
12351,6086,Medialuna,Morning,Weekday,2017,06
12352,6087,Coffee,Morning,Weekday,2017,06
12353,6088,Bread,Morning,Weekday,2017,06
12354,6088,Bread,Morning,Weekday,2017,06
12355,6089,Bread,Morning,Weekday,2017,06
12356,6089,Coffee,Morning,Weekday,2017,06
12357,6090,Coffee,Morning,Weekday,2017,06
12358,6091,Tea,Morning,Weekday,2017,06
12359,6092,Bread,Morning,Weekday,2017,06
12360,6093,Coffee,Morning,Weekday,2017,06
12361,6093,Pastry,Morning,Weekday,2017,06
12362,6094,Coffee,Morning,Weekday,2017,06
12363,6095,Baguette,Morning,Weekday,2017,06
12364,6095,Bread,Morning,Weekday,2017,06
12365,6095,Pastry,Morning,Weekday,2017,06
12366,6096,Pastry,Morning,Weekday,2017,06
12367,6096,Pastry,Morning,Weekday,2017,06
12368,6097,Cookies,Morning,Weekday,2017,06
12369,6097,Coffee,Morning,Weekday,2017,06
12370,6098,Coffee,Morning,Weekday,2017,06
12371,6098,Sandwich,Morning,Weekday,2017,06
12372,6099,Jam,Morning,Weekday,2017,06
12373,6099,Bread,Morning,Weekday,2017,06
12374,6099,Pastry,Morning,Weekday,2017,06
12375,6100,Coffee,Morning,Weekday,2017,06
12376,6101,Coffee,Morning,Weekday,2017,06
12377,6102,Coffee,Morning,Weekday,2017,06
12378,6102,Medialuna,Morning,Weekday,2017,06
12379,6103,Cookies,Morning,Weekday,2017,06
12380,6103,Bread,Morning,Weekday,2017,06
12381,6103,Farm House,Morning,Weekday,2017,06
12382,6104,Bread,Morning,Weekday,2017,06
12383,6104,Cake,Morning,Weekday,2017,06
12384,6105,Coffee,Morning,Weekday,2017,06
12385,6107,Bread,Morning,Weekday,2017,06
12386,6108,Coffee,Morning,Weekday,2017,06
12387,6108,Pastry,Morning,Weekday,2017,06
12388,6109,Coffee,Morning,Weekday,2017,06
12389,6110,Coffee,Afternoon,Weekday,2017,06
12390,6110,Coffee,Afternoon,Weekday,2017,06
12391,6110,Toast,Afternoon,Weekday,2017,06
12392,6111,Bread,Afternoon,Weekday,2017,06
12393,6112,Coffee,Afternoon,Weekday,2017,06
12394,6113,Hot chocolate,Afternoon,Weekday,2017,06
12395,6113,Coffee,Afternoon,Weekday,2017,06
12396,6113,Toast,Afternoon,Weekday,2017,06
12397,6114,Bread,Afternoon,Weekday,2017,06
12398,6115,Coffee,Afternoon,Weekday,2017,06
12399,6115,Tea,Afternoon,Weekday,2017,06
12400,6115,Cake,Afternoon,Weekday,2017,06
12401,6115,Scone,Afternoon,Weekday,2017,06
12402,6116,Pastry,Afternoon,Weekday,2017,06
12403,6117,Bread,Afternoon,Weekday,2017,06
12404,6117,Bread,Afternoon,Weekday,2017,06
12405,6117,Sandwich,Afternoon,Weekday,2017,06
12406,6118,Baguette,Afternoon,Weekday,2017,06
12407,6119,Bread,Afternoon,Weekday,2017,06
12408,6120,Bread,Afternoon,Weekday,2017,06
12409,6121,Sandwich,Afternoon,Weekday,2017,06
12410,6122,Coffee,Afternoon,Weekday,2017,06
12411,6123,Soup,Afternoon,Weekday,2017,06
12412,6123,Coffee,Afternoon,Weekday,2017,06
12413,6124,Coffee,Afternoon,Weekday,2017,06
12414,6125,Truffles,Afternoon,Weekday,2017,06
12415,6125,Scone,Afternoon,Weekday,2017,06
12416,6126,Coffee,Afternoon,Weekday,2017,06
12417,6126,Mineral water,Afternoon,Weekday,2017,06
12418,6126,Sandwich,Afternoon,Weekday,2017,06
12419,6126,Spanish Brunch,Afternoon,Weekday,2017,06
12420,6126,Alfajores,Afternoon,Weekday,2017,06
12421,6126,Truffles,Afternoon,Weekday,2017,06
12422,6126,Tea,Afternoon,Weekday,2017,06
12423,6127,Bread,Afternoon,Weekday,2017,06
12424,6127,Coffee,Afternoon,Weekday,2017,06
12425,6129,Bread,Afternoon,Weekday,2017,06
12426,6129,Fudge,Afternoon,Weekday,2017,06
12427,6129,Fudge,Afternoon,Weekday,2017,06
12428,6130,Fudge,Afternoon,Weekday,2017,06
12429,6131,Truffles,Afternoon,Weekday,2017,06
12430,6132,Cake,Afternoon,Weekday,2017,06
12431,6133,Coffee,Afternoon,Weekday,2017,06
12432,6133,Cake,Afternoon,Weekday,2017,06
12433,6133,Juice,Afternoon,Weekday,2017,06
12434,6134,Truffles,Afternoon,Weekday,2017,06
12435,6134,Coffee,Afternoon,Weekday,2017,06
12436,6134,Sandwich,Afternoon,Weekday,2017,06
12437,6134,Spanish Brunch,Afternoon,Weekday,2017,06
12438,6134,Brownie,Afternoon,Weekday,2017,06
12439,6135,Medialuna,Afternoon,Weekday,2017,06
12440,6135,Tea,Afternoon,Weekday,2017,06
12441,6135,Brownie,Afternoon,Weekday,2017,06
12442,6135,Tea,Afternoon,Weekday,2017,06
12443,6135,Soup,Afternoon,Weekday,2017,06
12444,6135,Soup,Afternoon,Weekday,2017,06
12445,6136,Coffee,Afternoon,Weekday,2017,06
12446,6136,Cake,Afternoon,Weekday,2017,06
12447,6136,Chicken Stew,Afternoon,Weekday,2017,06
12448,6137,Tea,Afternoon,Weekday,2017,06
12449,6137,Cake,Afternoon,Weekday,2017,06
12450,6138,Bread,Afternoon,Weekday,2017,06
12451,6139,Cookies,Afternoon,Weekday,2017,06
12452,6139,Tea,Afternoon,Weekday,2017,06
12453,6139,Tea,Afternoon,Weekday,2017,06
12454,6140,Coffee,Afternoon,Weekday,2017,06
12455,6140,Juice,Afternoon,Weekday,2017,06
12456,6140,Alfajores,Afternoon,Weekday,2017,06
12457,6141,Bread,Afternoon,Weekday,2017,06
12458,6142,Brownie,Afternoon,Weekday,2017,06
12459,6142,Coffee,Afternoon,Weekday,2017,06
12460,6142,Coffee,Afternoon,Weekday,2017,06
12461,6142,Juice,Afternoon,Weekday,2017,06
12462,6142,Farm House,Afternoon,Weekday,2017,06
12463,6143,Juice,Afternoon,Weekday,2017,06
12464,6143,Cookies,Afternoon,Weekday,2017,06
12465,6143,Brownie,Afternoon,Weekday,2017,06
12466,6143,Tea,Afternoon,Weekday,2017,06
12467,6144,Coffee,Afternoon,Weekday,2017,06
12468,6144,Cake,Afternoon,Weekday,2017,06
12469,6144,Brownie,Afternoon,Weekday,2017,06
12470,6145,Coffee,Afternoon,Weekday,2017,06
12471,6146,Coffee,Afternoon,Weekday,2017,06
12472,6146,Scone,Afternoon,Weekday,2017,06
12473,6147,Tea,Afternoon,Weekday,2017,06
12474,6147,Brownie,Afternoon,Weekday,2017,06
12475,6147,Toast,Afternoon,Weekday,2017,06
12476,6148,Bread,Evening,Weekday,2017,06
12477,6149,Pastry,Evening,Weekday,2017,06
12478,6149,Medialuna,Evening,Weekday,2017,06
12479,6149,Hot chocolate,Evening,Weekday,2017,06
12480,6149,Coffee,Evening,Weekday,2017,06
12481,6150,Bread,Morning,Weekday,2017,07
12482,6151,Sandwich,Morning,Weekday,2017,07
12483,6151,Coffee,Morning,Weekday,2017,07
12484,6152,Bread,Morning,Weekday,2017,07
12485,6152,Farm House,Morning,Weekday,2017,07
12486,6153,Hot chocolate,Morning,Weekday,2017,07
12487,6154,Hot chocolate,Morning,Weekday,2017,07
12488,6155,Hot chocolate,Morning,Weekday,2017,07
12489,6156,Tea,Morning,Weekday,2017,07
12490,6156,Toast,Morning,Weekday,2017,07
12491,6156,Baguette,Morning,Weekday,2017,07
12492,6157,Coffee,Morning,Weekday,2017,07
12493,6158,Scandinavian,Morning,Weekday,2017,07
12494,6158,Bread,Morning,Weekday,2017,07
12495,6158,Nomad bag,Morning,Weekday,2017,07
12496,6159,Bread,Morning,Weekday,2017,07
12497,6160,Bread,Morning,Weekday,2017,07
12498,6160,Pastry,Morning,Weekday,2017,07
12499,6161,Bread,Morning,Weekday,2017,07
12500,6162,Coffee,Morning,Weekday,2017,07
12501,6162,Coffee,Morning,Weekday,2017,07
12502,6163,Coffee,Morning,Weekday,2017,07
12503,6163,Coffee,Morning,Weekday,2017,07
12504,6163,Cake,Morning,Weekday,2017,07
12505,6163,Bread,Morning,Weekday,2017,07
12506,6164,Coffee,Morning,Weekday,2017,07
12507,6164,Coffee,Morning,Weekday,2017,07
12508,6165,Coffee,Morning,Weekday,2017,07
12509,6165,Pastry,Morning,Weekday,2017,07
12510,6165,Brownie,Morning,Weekday,2017,07
12511,6166,Coffee,Morning,Weekday,2017,07
12512,6166,Pastry,Morning,Weekday,2017,07
12513,6167,Bread,Morning,Weekday,2017,07
12514,6168,Salad,Morning,Weekday,2017,07
12515,6169,Coffee,Morning,Weekday,2017,07
12516,6170,Bread,Morning,Weekday,2017,07
12517,6170,Coffee,Morning,Weekday,2017,07
12518,6171,Coffee,Morning,Weekday,2017,07
12519,6171,Coffee,Morning,Weekday,2017,07
12520,6171,Cake,Morning,Weekday,2017,07
12521,6171,Alfajores,Morning,Weekday,2017,07
12522,6172,Coffee,Morning,Weekday,2017,07
12523,6173,Coffee,Morning,Weekday,2017,07
12524,6173,Bread,Morning,Weekday,2017,07
12525,6173,Eggs,Morning,Weekday,2017,07
12526,6174,Tea,Morning,Weekday,2017,07
12527,6175,Bread,Afternoon,Weekday,2017,07
12528,6176,Farm House,Afternoon,Weekday,2017,07
12529,6177,Coffee,Afternoon,Weekday,2017,07
12530,6177,Alfajores,Afternoon,Weekday,2017,07
12531,6178,Coffee,Afternoon,Weekday,2017,07
12532,6178,Coffee,Afternoon,Weekday,2017,07
12533,6178,Pastry,Afternoon,Weekday,2017,07
12534,6179,Juice,Afternoon,Weekday,2017,07
12535,6179,Chicken Stew,Afternoon,Weekday,2017,07
12536,6180,Chicken Stew,Afternoon,Weekday,2017,07
12537,6180,Chocolates,Afternoon,Weekday,2017,07
12538,6181,Soup,Afternoon,Weekday,2017,07
12539,6181,Coffee,Afternoon,Weekday,2017,07
12540,6182,Chicken Stew,Afternoon,Weekday,2017,07
12541,6182,Juice,Afternoon,Weekday,2017,07
12542,6182,Eggs,Afternoon,Weekday,2017,07
12543,6182,Bread,Afternoon,Weekday,2017,07
12544,6182,Cake,Afternoon,Weekday,2017,07
12545,6183,Cake,Afternoon,Weekday,2017,07
12546,6183,Cake,Afternoon,Weekday,2017,07
12547,6183,Coffee,Afternoon,Weekday,2017,07
12548,6183,Hot chocolate,Afternoon,Weekday,2017,07
12549,6184,Coffee,Afternoon,Weekday,2017,07
12550,6184,Coffee,Afternoon,Weekday,2017,07
12551,6184,Cake,Afternoon,Weekday,2017,07
12552,6185,Farm House,Afternoon,Weekday,2017,07
12553,6186,Bread,Afternoon,Weekday,2017,07
12554,6187,Baguette,Afternoon,Weekday,2017,07
12555,6188,Soup,Afternoon,Weekday,2017,07
12556,6189,Spanish Brunch,Afternoon,Weekday,2017,07
12557,6189,Tea,Afternoon,Weekday,2017,07
12558,6190,Coffee,Afternoon,Weekday,2017,07
12559,6190,Cake,Afternoon,Weekday,2017,07
12560,6191,Tea,Afternoon,Weekday,2017,07
12561,6191,Tea,Afternoon,Weekday,2017,07
12562,6191,Spanish Brunch,Afternoon,Weekday,2017,07
12563,6192,Coffee,Afternoon,Weekday,2017,07
12564,6192,Coffee,Afternoon,Weekday,2017,07
12565,6192,Brownie,Afternoon,Weekday,2017,07
12566,6192,Truffles,Afternoon,Weekday,2017,07
12567,6193,Hot chocolate,Afternoon,Weekday,2017,07
12568,6193,Cake,Afternoon,Weekday,2017,07
12569,6194,Bread,Afternoon,Weekday,2017,07
12570,6194,Alfajores,Afternoon,Weekday,2017,07
12571,6195,Tea,Afternoon,Weekday,2017,07
12572,6196,Bread,Afternoon,Weekday,2017,07
12573,6197,Coffee,Afternoon,Weekday,2017,07
12574,6197,Alfajores,Afternoon,Weekday,2017,07
12575,6198,Bread,Evening,Weekday,2017,07
12576,6198,Smoothies,Evening,Weekday,2017,07
12577,6198,Mineral water,Evening,Weekday,2017,07
12578,6198,Alfajores,Evening,Weekday,2017,07
12579,6198,Brownie,Evening,Weekday,2017,07
12580,6198,Cake,Evening,Weekday,2017,07
12581,6198,Bread,Evening,Weekday,2017,07
12582,6199,Coffee,Evening,Weekday,2017,07
12583,6199,Tea,Evening,Weekday,2017,07
12584,6199,Cake,Evening,Weekday,2017,07
12585,6200,Baguette,Evening,Weekday,2017,07
12586,6201,Sandwich,Evening,Weekday,2017,07
12587,6201,Tea,Evening,Weekday,2017,07
12588,6202,Coffee,Morning,Weekday,2017,08
12589,6203,Alfajores,Morning,Weekday,2017,08
12590,6205,Bread,Morning,Weekday,2017,08
12591,6206,Bread,Morning,Weekday,2017,08
12592,6206,Pastry,Morning,Weekday,2017,08
12593,6207,Pastry,Morning,Weekday,2017,08
12594,6207,Bread,Morning,Weekday,2017,08
12595,6207,Eggs,Morning,Weekday,2017,08
12596,6207,Nomad bag,Morning,Weekday,2017,08
12597,6208,Coffee,Morning,Weekday,2017,08
12598,6208,Coffee,Morning,Weekday,2017,08
12599,6208,Alfajores,Morning,Weekday,2017,08
12600,6209,Coffee,Morning,Weekday,2017,08
12601,6209,Bread,Morning,Weekday,2017,08
12602,6210,Coffee,Morning,Weekday,2017,08
12603,6211,Bread,Morning,Weekday,2017,08
12604,6212,Coffee,Morning,Weekday,2017,08
12605,6213,Bread,Morning,Weekday,2017,08
12606,6213,Spanish Brunch,Morning,Weekday,2017,08
12607,6214,Coffee,Morning,Weekday,2017,08
12608,6215,Coffee,Morning,Weekday,2017,08
12609,6215,Coffee,Morning,Weekday,2017,08
12610,6215,Pastry,Morning,Weekday,2017,08
12611,6215,Medialuna,Morning,Weekday,2017,08
12612,6216,Mineral water,Morning,Weekday,2017,08
12613,6216,Crisps,Morning,Weekday,2017,08
12614,6216,Sandwich,Morning,Weekday,2017,08
12615,6217,Coffee,Afternoon,Weekday,2017,08
12616,6217,Coffee,Afternoon,Weekday,2017,08
12617,6217,Bread,Afternoon,Weekday,2017,08
12618,6217,Alfajores,Afternoon,Weekday,2017,08
12619,6217,Alfajores,Afternoon,Weekday,2017,08
12620,6217,Pastry,Afternoon,Weekday,2017,08
12621,6218,Medialuna,Afternoon,Weekday,2017,08
12622,6218,Bread,Afternoon,Weekday,2017,08
12623,6218,Tea,Afternoon,Weekday,2017,08
12624,6219,Coffee,Afternoon,Weekday,2017,08
12625,6220,Baguette,Afternoon,Weekday,2017,08
12626,6220,Farm House,Afternoon,Weekday,2017,08
12627,6221,Farm House,Afternoon,Weekday,2017,08
12628,6222,Bread,Afternoon,Weekday,2017,08
12629,6222,Chicken Stew,Afternoon,Weekday,2017,08
12630,6223,Chocolates,Afternoon,Weekday,2017,08
12631,6223,Chocolates,Afternoon,Weekday,2017,08
12632,6223,Coffee,Afternoon,Weekday,2017,08
12633,6223,Tea,Afternoon,Weekday,2017,08
12634,6224,Tea,Afternoon,Weekday,2017,08
12635,6224,Sandwich,Afternoon,Weekday,2017,08
12636,6224,Brownie,Afternoon,Weekday,2017,08
12637,6225,Brownie,Afternoon,Weekday,2017,08
12638,6225,Tea,Afternoon,Weekday,2017,08
12639,6225,Sandwich,Afternoon,Weekday,2017,08
12640,6225,Art Tray,Afternoon,Weekday,2017,08
12641,6226,Sandwich,Afternoon,Weekday,2017,08
12642,6226,Soup,Afternoon,Weekday,2017,08
12643,6226,Soup,Afternoon,Weekday,2017,08
12644,6226,Tea,Afternoon,Weekday,2017,08
12645,6227,Soup,Afternoon,Weekday,2017,08
12646,6227,Coffee,Afternoon,Weekday,2017,08
12647,6227,Hot chocolate,Afternoon,Weekday,2017,08
12648,6227,Brownie,Afternoon,Weekday,2017,08
12649,6228,Soup,Afternoon,Weekday,2017,08
12650,6228,Cake,Afternoon,Weekday,2017,08
12651,6229,Cake,Afternoon,Weekday,2017,08
12652,6229,Bread,Afternoon,Weekday,2017,08
12653,6229,Coffee,Afternoon,Weekday,2017,08
12654,6229,Coffee,Afternoon,Weekday,2017,08
12655,6230,Coffee,Afternoon,Weekday,2017,08
12656,6231,Soup,Afternoon,Weekday,2017,08
12657,6231,Chicken Stew,Afternoon,Weekday,2017,08
12658,6231,Mineral water,Afternoon,Weekday,2017,08
12659,6232,Coffee,Afternoon,Weekday,2017,08
12660,6232,Bread,Afternoon,Weekday,2017,08
12661,6233,Bread,Afternoon,Weekday,2017,08
12662,6233,Coffee,Afternoon,Weekday,2017,08
12663,6234,Coffee,Afternoon,Weekday,2017,08
12664,6234,Pastry,Afternoon,Weekday,2017,08
12665,6235,Tea,Afternoon,Weekday,2017,08
12666,6235,Coffee,Afternoon,Weekday,2017,08
12667,6235,Bread,Afternoon,Weekday,2017,08
12668,6236,Coffee,Afternoon,Weekday,2017,08
12669,6236,Sandwich,Afternoon,Weekday,2017,08
12670,6237,Bread,Afternoon,Weekday,2017,08
12671,6238,Coffee,Afternoon,Weekday,2017,08
12672,6239,Bread,Afternoon,Weekday,2017,08
12673,6239,Mineral water,Afternoon,Weekday,2017,08
12674,6239,Sandwich,Afternoon,Weekday,2017,08
12675,6239,Tea,Afternoon,Weekday,2017,08
12676,6240,Bread,Afternoon,Weekday,2017,08
12677,6240,Bread,Afternoon,Weekday,2017,08
12678,6240,Bread,Afternoon,Weekday,2017,08
12679,6240,Cake,Afternoon,Weekday,2017,08
12680,6241,Coffee,Afternoon,Weekday,2017,08
12681,6241,Tea,Afternoon,Weekday,2017,08
12682,6241,Brownie,Afternoon,Weekday,2017,08
12683,6242,Bread,Afternoon,Weekday,2017,08
12684,6242,Bread,Afternoon,Weekday,2017,08
12685,6243,Hot chocolate,Afternoon,Weekday,2017,08
12686,6243,Hot chocolate,Afternoon,Weekday,2017,08
12687,6244,Coffee,Afternoon,Weekday,2017,08
12688,6244,Cake,Afternoon,Weekday,2017,08
12689,6245,Coffee,Afternoon,Weekday,2017,08
12690,6245,Tea,Afternoon,Weekday,2017,08
12691,6246,Bread,Morning,Weekday,2017,09
12692,6246,Bread,Morning,Weekday,2017,09
12693,6247,Coffee,Morning,Weekday,2017,09
12694,6247,Cookies,Morning,Weekday,2017,09
12695,6248,Bread,Morning,Weekday,2017,09
12696,6248,Toast,Morning,Weekday,2017,09
12697,6249,Bread,Morning,Weekday,2017,09
12698,6249,Coffee,Morning,Weekday,2017,09
12699,6249,Pastry,Morning,Weekday,2017,09
12700,6249,Pastry,Morning,Weekday,2017,09
12701,6250,Farm House,Morning,Weekday,2017,09
12702,6251,Scandinavian,Morning,Weekday,2017,09
12703,6252,Coffee,Morning,Weekday,2017,09
12704,6252,Brownie,Morning,Weekday,2017,09
12705,6253,Bread,Morning,Weekday,2017,09
12706,6253,Hot chocolate,Morning,Weekday,2017,09
12707,6254,Coffee,Morning,Weekday,2017,09
12708,6254,Toast,Morning,Weekday,2017,09
12709,6255,Coffee,Morning,Weekday,2017,09
12710,6256,Coffee,Morning,Weekday,2017,09
12711,6256,Tea,Morning,Weekday,2017,09
12712,6256,Brownie,Morning,Weekday,2017,09
12713,6256,Farm House,Morning,Weekday,2017,09
12714,6257,Coffee,Morning,Weekday,2017,09
12715,6257,Coffee,Morning,Weekday,2017,09
12716,6257,Cookies,Morning,Weekday,2017,09
12717,6257,Cookies,Morning,Weekday,2017,09
12718,6257,Toast,Morning,Weekday,2017,09
12719,6257,Juice,Morning,Weekday,2017,09
12720,6258,Valentine's card,Morning,Weekday,2017,09
12721,6259,Coffee,Morning,Weekday,2017,09
12722,6259,Coffee,Morning,Weekday,2017,09
12723,6259,Extra Salami or Feta,Morning,Weekday,2017,09
12724,6259,Bread,Morning,Weekday,2017,09
12725,6260,Valentine's card,Morning,Weekday,2017,09
12726,6261,Hot chocolate,Morning,Weekday,2017,09
12727,6261,Coffee,Morning,Weekday,2017,09
12728,6261,Cookies,Morning,Weekday,2017,09
12729,6261,Cookies,Morning,Weekday,2017,09
12730,6262,Coffee,Morning,Weekday,2017,09
12731,6262,Medialuna,Morning,Weekday,2017,09
12732,6262,Medialuna,Morning,Weekday,2017,09
12733,6262,Sandwich,Morning,Weekday,2017,09
12734,6263,Bread,Morning,Weekday,2017,09
12735,6264,Bread,Afternoon,Weekday,2017,09
12736,6265,Bread,Afternoon,Weekday,2017,09
12737,6266,Soup,Afternoon,Weekday,2017,09
12738,6266,Bread,Afternoon,Weekday,2017,09
12739,6266,Coffee,Afternoon,Weekday,2017,09
12740,6267,Coffee,Afternoon,Weekday,2017,09
12741,6267,Soup,Afternoon,Weekday,2017,09
12742,6267,Pastry,Afternoon,Weekday,2017,09
12743,6267,Jam,Afternoon,Weekday,2017,09
12744,6268,Eggs,Afternoon,Weekday,2017,09
12745,6268,Coffee,Afternoon,Weekday,2017,09
12746,6269,Baguette,Afternoon,Weekday,2017,09
12747,6270,Coffee,Afternoon,Weekday,2017,09
12748,6271,Bread,Afternoon,Weekday,2017,09
12749,6272,Pastry,Afternoon,Weekday,2017,09
12750,6273,Scandinavian,Afternoon,Weekday,2017,09
12751,6273,Cookies,Afternoon,Weekday,2017,09
12752,6274,Coke,Afternoon,Weekday,2017,09
12753,6274,Soup,Afternoon,Weekday,2017,09
12754,6275,Sandwich,Afternoon,Weekday,2017,09
12755,6275,Coffee,Afternoon,Weekday,2017,09
12756,6276,Coke,Afternoon,Weekday,2017,09
12757,6276,Sandwich,Afternoon,Weekday,2017,09
12758,6277,Coffee,Afternoon,Weekday,2017,09
12759,6277,Chicken Stew,Afternoon,Weekday,2017,09
12760,6278,Chicken Stew,Afternoon,Weekday,2017,09
12761,6278,Coffee,Afternoon,Weekday,2017,09
12762,6279,Juice,Afternoon,Weekday,2017,09
12763,6279,Toast,Afternoon,Weekday,2017,09
12764,6279,Sandwich,Afternoon,Weekday,2017,09
12765,6279,Sandwich,Afternoon,Weekday,2017,09
12766,6279,Tea,Afternoon,Weekday,2017,09
12767,6279,Coffee,Afternoon,Weekday,2017,09
12768,6279,Cookies,Afternoon,Weekday,2017,09
12769,6279,Cookies,Afternoon,Weekday,2017,09
12770,6279,Alfajores,Afternoon,Weekday,2017,09
12771,6279,Alfajores,Afternoon,Weekday,2017,09
12772,6279,Hot chocolate,Afternoon,Weekday,2017,09
12773,6280,Cookies,Afternoon,Weekday,2017,09
12774,6281,Juice,Afternoon,Weekday,2017,09
12775,6281,Sandwich,Afternoon,Weekday,2017,09
12776,6281,Cake,Afternoon,Weekday,2017,09
12777,6282,Soup,Afternoon,Weekday,2017,09
12778,6282,Bread,Afternoon,Weekday,2017,09
12779,6283,Coffee,Afternoon,Weekday,2017,09
12780,6284,Fudge,Afternoon,Weekday,2017,09
12781,6284,Sandwich,Afternoon,Weekday,2017,09
12782,6285,Baguette,Afternoon,Weekday,2017,09
12783,6286,Coffee,Afternoon,Weekday,2017,09
12784,6286,Coffee,Afternoon,Weekday,2017,09
12785,6286,Pastry,Afternoon,Weekday,2017,09
12786,6286,Pastry,Afternoon,Weekday,2017,09
12787,6287,Medialuna,Afternoon,Weekday,2017,09
12788,6287,Cake,Afternoon,Weekday,2017,09
12789,6287,Tea,Afternoon,Weekday,2017,09
12790,6287,Tea,Afternoon,Weekday,2017,09
12791,6288,Bread,Afternoon,Weekday,2017,09
12792,6289,Coffee,Afternoon,Weekday,2017,09
12793,6289,Brownie,Afternoon,Weekday,2017,09
12794,6290,Soup,Afternoon,Weekday,2017,09
12795,6290,Soup,Afternoon,Weekday,2017,09
12796,6290,Soup,Afternoon,Weekday,2017,09
12797,6290,Bread,Afternoon,Weekday,2017,09
12798,6290,Cake,Afternoon,Weekday,2017,09
12799,6290,Cake,Afternoon,Weekday,2017,09
12800,6290,Tea,Afternoon,Weekday,2017,09
12801,6290,Bread,Afternoon,Weekday,2017,09
12802,6290,Tea,Afternoon,Weekday,2017,09
12803,6291,Coffee,Afternoon,Weekday,2017,09
12804,6291,Juice,Afternoon,Weekday,2017,09
12805,6291,Hot chocolate,Afternoon,Weekday,2017,09
12806,6291,Cake,Afternoon,Weekday,2017,09
12807,6292,Alfajores,Afternoon,Weekday,2017,09
12808,6292,Bread,Afternoon,Weekday,2017,09
12809,6292,Coffee,Afternoon,Weekday,2017,09
12810,6292,Coffee,Afternoon,Weekday,2017,09
12811,6293,Bread,Evening,Weekday,2017,09
12812,6293,Cookies,Evening,Weekday,2017,09
12813,6293,Bread,Evening,Weekday,2017,09
12814,6294,Bread,Morning,Weekday,2017,10
12815,6295,Bread,Morning,Weekday,2017,10
12816,6296,Cake,Morning,Weekday,2017,10
12817,6296,Bread,Morning,Weekday,2017,10
12818,6297,Coffee,Morning,Weekday,2017,10
12819,6297,Bread,Morning,Weekday,2017,10
12820,6298,Coffee,Morning,Weekday,2017,10
12821,6298,Tea,Morning,Weekday,2017,10
12822,6299,Bread,Morning,Weekday,2017,10
12823,6299,Bread,Morning,Weekday,2017,10
12824,6300,Coffee,Morning,Weekday,2017,10
12825,6300,Coffee,Morning,Weekday,2017,10
12826,6300,Juice,Morning,Weekday,2017,10
12827,6300,Pastry,Morning,Weekday,2017,10
12828,6300,Cookies,Morning,Weekday,2017,10
12829,6301,Bread,Morning,Weekday,2017,10
12830,6301,Pastry,Morning,Weekday,2017,10
12831,6302,Bread,Morning,Weekday,2017,10
12832,6303,Coffee,Morning,Weekday,2017,10
12833,6303,Cookies,Morning,Weekday,2017,10
12834,6304,Hot chocolate,Morning,Weekday,2017,10
12835,6305,Coffee,Morning,Weekday,2017,10
12836,6305,Hot chocolate,Morning,Weekday,2017,10
12837,6306,Coffee,Morning,Weekday,2017,10
12838,6306,Cookies,Morning,Weekday,2017,10
12839,6307,Coffee,Morning,Weekday,2017,10
12840,6308,Coffee,Morning,Weekday,2017,10
12841,6308,Toast,Morning,Weekday,2017,10
12842,6309,Valentine's card,Morning,Weekday,2017,10
12843,6310,Tea,Morning,Weekday,2017,10
12844,6311,Bread,Morning,Weekday,2017,10
12845,6312,Bread,Morning,Weekday,2017,10
12846,6313,Coffee,Morning,Weekday,2017,10
12847,6314,Bread,Morning,Weekday,2017,10
12848,6314,Juice,Morning,Weekday,2017,10
12849,6314,Sandwich,Morning,Weekday,2017,10
12850,6314,Sandwich,Morning,Weekday,2017,10
12851,6314,Cookies,Morning,Weekday,2017,10
12852,6314,Alfajores,Morning,Weekday,2017,10
12853,6315,Soup,Morning,Weekday,2017,10
12854,6316,Soup,Morning,Weekday,2017,10
12855,6317,Scone,Afternoon,Weekday,2017,10
12856,6317,Coffee,Afternoon,Weekday,2017,10
12857,6318,Truffles,Afternoon,Weekday,2017,10
12858,6318,Soup,Afternoon,Weekday,2017,10
12859,6319,Chicken Stew,Afternoon,Weekday,2017,10
12860,6319,Cake,Afternoon,Weekday,2017,10
12861,6319,Juice,Afternoon,Weekday,2017,10
12862,6320,Bread,Afternoon,Weekday,2017,10
12863,6320,Scandinavian,Afternoon,Weekday,2017,10
12864,6321,Coffee,Afternoon,Weekday,2017,10
12865,6321,Coffee,Afternoon,Weekday,2017,10
12866,6322,Sandwich,Afternoon,Weekday,2017,10
12867,6322,Coffee,Afternoon,Weekday,2017,10
12868,6322,Truffles,Afternoon,Weekday,2017,10
12869,6323,Cake,Afternoon,Weekday,2017,10
12870,6324,Bread,Afternoon,Weekday,2017,10
12871,6325,Pastry,Afternoon,Weekday,2017,10
12872,6325,Bread,Afternoon,Weekday,2017,10
12873,6326,Toast,Afternoon,Weekday,2017,10
12874,6327,Bread,Afternoon,Weekday,2017,10
12875,6328,Bread,Afternoon,Weekday,2017,10
12876,6329,Chicken Stew,Afternoon,Weekday,2017,10
12877,6330,Sandwich,Afternoon,Weekday,2017,10
12878,6330,Coke,Afternoon,Weekday,2017,10
12879,6331,Coffee,Afternoon,Weekday,2017,10
12880,6331,Coffee,Afternoon,Weekday,2017,10
12881,6331,Cake,Afternoon,Weekday,2017,10
12882,6331,Cake,Afternoon,Weekday,2017,10
12883,6331,Salad,Afternoon,Weekday,2017,10
12884,6331,Extra Salami or Feta,Afternoon,Weekday,2017,10
12885,6331,Scandinavian,Afternoon,Weekday,2017,10
12886,6331,Bread,Afternoon,Weekday,2017,10
12887,6332,Scandinavian,Afternoon,Weekday,2017,10
12888,6333,Coffee,Afternoon,Weekday,2017,10
12889,6333,Salad,Afternoon,Weekday,2017,10
12890,6334,Truffles,Afternoon,Weekday,2017,10
12891,6334,Duck egg,Afternoon,Weekday,2017,10
12892,6334,Extra Salami or Feta,Afternoon,Weekday,2017,10
12893,6334,Spanish Brunch,Afternoon,Weekday,2017,10
12894,6334,Afternoon with the baker,Afternoon,Weekday,2017,10
12895,6335,Medialuna,Afternoon,Weekday,2017,10
12896,6335,Medialuna,Afternoon,Weekday,2017,10
12897,6336,Tea,Afternoon,Weekday,2017,10
12898,6336,Tea,Afternoon,Weekday,2017,10
12899,6336,Soup,Afternoon,Weekday,2017,10
12900,6336,Cake,Afternoon,Weekday,2017,10
12901,6336,Bread,Afternoon,Weekday,2017,10
12902,6336,Scone,Afternoon,Weekday,2017,10
12903,6336,Cake,Afternoon,Weekday,2017,10
12904,6337,Soup,Afternoon,Weekday,2017,10
12905,6337,Coffee,Afternoon,Weekday,2017,10
12906,6337,Coffee,Afternoon,Weekday,2017,10
12907,6338,Medialuna,Afternoon,Weekday,2017,10
12908,6338,Cake,Afternoon,Weekday,2017,10
12909,6338,Spanish Brunch,Afternoon,Weekday,2017,10
12910,6338,The Nomad,Afternoon,Weekday,2017,10
12911,6338,Cookies,Afternoon,Weekday,2017,10
12912,6339,Bread,Afternoon,Weekday,2017,10
12913,6339,Coffee,Afternoon,Weekday,2017,10
12914,6340,Coffee,Afternoon,Weekday,2017,10
12915,6341,Coffee,Afternoon,Weekday,2017,10
12916,6341,Chicken Stew,Afternoon,Weekday,2017,10
12917,6342,Coffee,Afternoon,Weekday,2017,10
12918,6343,Coffee,Afternoon,Weekday,2017,10
12919,6343,Alfajores,Afternoon,Weekday,2017,10
12920,6343,Pastry,Afternoon,Weekday,2017,10
12921,6344,Coffee,Afternoon,Weekday,2017,10
12922,6345,Coffee,Afternoon,Weekday,2017,10
12923,6346,Coffee,Afternoon,Weekday,2017,10
12924,6346,Brownie,Afternoon,Weekday,2017,10
12925,6347,Soup,Afternoon,Weekday,2017,10
12926,6348,Coffee,Afternoon,Weekday,2017,10
12927,6348,Tea,Afternoon,Weekday,2017,10
12928,6348,Cookies,Afternoon,Weekday,2017,10
12929,6349,Bread,Afternoon,Weekday,2017,10
12930,6350,Bread,Afternoon,Weekday,2017,10
12931,6351,Baguette,Afternoon,Weekday,2017,10
12932,6351,Coffee,Afternoon,Weekday,2017,10
12933,6352,Tea,Afternoon,Weekday,2017,10
12934,6353,Spanish Brunch,Afternoon,Weekday,2017,10
12935,6354,Coffee,Afternoon,Weekday,2017,10
12936,6355,Cake,Afternoon,Weekday,2017,10
12937,6355,Cake,Afternoon,Weekday,2017,10
12938,6355,Cookies,Afternoon,Weekday,2017,10
12939,6356,Juice,Afternoon,Weekday,2017,10
12940,6356,Coffee,Afternoon,Weekday,2017,10
12941,6356,Cookies,Afternoon,Weekday,2017,10
12942,6356,Tea,Afternoon,Weekday,2017,10
12943,6356,Alfajores,Afternoon,Weekday,2017,10
12944,6357,Cake,Afternoon,Weekday,2017,10
12945,6357,Cookies,Afternoon,Weekday,2017,10
12946,6357,Coffee,Afternoon,Weekday,2017,10
12947,6357,Hot chocolate,Afternoon,Weekday,2017,10
12948,6358,Bread,Afternoon,Weekday,2017,10
12949,6358,Coffee,Afternoon,Weekday,2017,10
12950,6358,Bread,Afternoon,Weekday,2017,10
12951,6359,Coffee,Afternoon,Weekday,2017,10
12952,6359,Scone,Afternoon,Weekday,2017,10
12953,6360,Brownie,Afternoon,Weekday,2017,10
12954,6360,Coffee,Afternoon,Weekday,2017,10
12955,6360,Coffee,Afternoon,Weekday,2017,10
12956,6360,Baguette,Afternoon,Weekday,2017,10
12957,6361,Coffee,Morning,Weekend,2017,11
12958,6361,Bread,Morning,Weekend,2017,11
12959,6361,Scone,Morning,Weekend,2017,11
12960,6362,Coffee,Morning,Weekend,2017,11
12961,6362,Coffee,Morning,Weekend,2017,11
12962,6363,Medialuna,Morning,Weekend,2017,11
12963,6364,Bread,Morning,Weekend,2017,11
12964,6365,Bread,Morning,Weekend,2017,11
12965,6365,Farm House,Morning,Weekend,2017,11
12966,6365,Nomad bag,Morning,Weekend,2017,11
12967,6366,Bread,Morning,Weekend,2017,11
12968,6366,Pastry,Morning,Weekend,2017,11
12969,6367,Toast,Morning,Weekend,2017,11
12970,6367,Pastry,Morning,Weekend,2017,11
12971,6367,Tea,Morning,Weekend,2017,11
12972,6367,Coffee,Morning,Weekend,2017,11
12973,6367,Coffee,Morning,Weekend,2017,11
12974,6368,Scone,Morning,Weekend,2017,11
12975,6368,Pastry,Morning,Weekend,2017,11
12976,6369,Cake,Morning,Weekend,2017,11
12977,6369,Tea,Morning,Weekend,2017,11
12978,6369,Toast,Morning,Weekend,2017,11
12979,6370,Baguette,Morning,Weekend,2017,11
12980,6371,Bread,Morning,Weekend,2017,11
12981,6372,Tea,Morning,Weekend,2017,11
12982,6372,Toast,Morning,Weekend,2017,11
12983,6373,Coffee,Morning,Weekend,2017,11
12984,6374,Hot chocolate,Morning,Weekend,2017,11
12985,6374,Bread,Morning,Weekend,2017,11
12986,6374,Pastry,Morning,Weekend,2017,11
12987,6374,Pastry,Morning,Weekend,2017,11
12988,6375,Tea,Morning,Weekend,2017,11
12989,6376,Scandinavian,Morning,Weekend,2017,11
12990,6376,Pastry,Morning,Weekend,2017,11
12991,6376,Alfajores,Morning,Weekend,2017,11
12992,6377,Fudge,Morning,Weekend,2017,11
12993,6378,Tea,Morning,Weekend,2017,11
12994,6378,Tea,Morning,Weekend,2017,11
12995,6378,Pastry,Morning,Weekend,2017,11
12996,6378,Toast,Morning,Weekend,2017,11
12997,6378,Bread,Morning,Weekend,2017,11
12998,6378,Brownie,Morning,Weekend,2017,11
12999,6378,Cake,Morning,Weekend,2017,11
13000,6379,Coffee,Morning,Weekend,2017,11
13001,6379,The Nomad,Morning,Weekend,2017,11
13002,6380,Cookies,Morning,Weekend,2017,11
13003,6380,Cake,Morning,Weekend,2017,11
13004,6381,Bread,Morning,Weekend,2017,11
13005,6382,Coffee,Morning,Weekend,2017,11
13006,6382,Bread,Morning,Weekend,2017,11
13007,6383,Coffee,Morning,Weekend,2017,11
13008,6383,Pastry,Morning,Weekend,2017,11
13009,6384,Cookies,Morning,Weekend,2017,11
13010,6384,Cookies,Morning,Weekend,2017,11
13011,6384,Cake,Morning,Weekend,2017,11
13012,6385,Bread,Morning,Weekend,2017,11
13013,6386,Bread,Morning,Weekend,2017,11
13014,6387,Coffee,Morning,Weekend,2017,11
13015,6387,Pastry,Morning,Weekend,2017,11
13016,6388,Spanish Brunch,Morning,Weekend,2017,11
13017,6388,Coffee,Morning,Weekend,2017,11
13018,6388,Coffee,Morning,Weekend,2017,11
13019,6388,Juice,Morning,Weekend,2017,11
13020,6389,Coffee,Morning,Weekend,2017,11
13021,6389,Coffee,Morning,Weekend,2017,11
13022,6389,Bread,Morning,Weekend,2017,11
13023,6389,Toast,Morning,Weekend,2017,11
13024,6390,Coffee,Morning,Weekend,2017,11
13025,6390,Coffee,Morning,Weekend,2017,11
13026,6390,Coffee,Morning,Weekend,2017,11
13027,6391,Bread,Morning,Weekend,2017,11
13028,6392,Coffee,Afternoon,Weekend,2017,11
13029,6392,Bread,Afternoon,Weekend,2017,11
13030,6393,Coffee,Afternoon,Weekend,2017,11
13031,6393,Coffee,Afternoon,Weekend,2017,11
13032,6394,Baguette,Afternoon,Weekend,2017,11
13033,6395,Tea,Afternoon,Weekend,2017,11
13034,6395,Tea,Afternoon,Weekend,2017,11
13035,6395,Scone,Afternoon,Weekend,2017,11
13036,6396,Coffee,Afternoon,Weekend,2017,11
13037,6396,Hot chocolate,Afternoon,Weekend,2017,11
13038,6396,Bread,Afternoon,Weekend,2017,11
13039,6397,Bread,Afternoon,Weekend,2017,11
13040,6398,Bread,Afternoon,Weekend,2017,11
13041,6398,Cookies,Afternoon,Weekend,2017,11
13042,6398,Chicken Stew,Afternoon,Weekend,2017,11
13043,6399,Sandwich,Afternoon,Weekend,2017,11
13044,6399,Hot chocolate,Afternoon,Weekend,2017,11
13045,6399,Bread,Afternoon,Weekend,2017,11
13046,6400,Soup,Afternoon,Weekend,2017,11
13047,6400,The Nomad,Afternoon,Weekend,2017,11
13048,6400,Truffles,Afternoon,Weekend,2017,11
13049,6401,Baguette,Afternoon,Weekend,2017,11
13050,6402,Pastry,Afternoon,Weekend,2017,11
13051,6403,Bread,Afternoon,Weekend,2017,11
13052,6403,Cake,Afternoon,Weekend,2017,11
13053,6404,Soup,Afternoon,Weekend,2017,11
13054,6404,Coffee,Afternoon,Weekend,2017,11
13055,6405,Bread,Afternoon,Weekend,2017,11
13056,6406,Bread,Afternoon,Weekend,2017,11
13057,6407,Coffee,Afternoon,Weekend,2017,11
13058,6407,Bread,Afternoon,Weekend,2017,11
13059,6407,Cake,Afternoon,Weekend,2017,11
13060,6407,Cake,Afternoon,Weekend,2017,11
13061,6408,Soup,Afternoon,Weekend,2017,11
13062,6408,Chicken Stew,Afternoon,Weekend,2017,11
13063,6408,Coffee,Afternoon,Weekend,2017,11
13064,6408,Tea,Afternoon,Weekend,2017,11
13065,6409,Hot chocolate,Afternoon,Weekend,2017,11
13066,6410,Nomad bag,Afternoon,Weekend,2017,11
13067,6410,Bread,Afternoon,Weekend,2017,11
13068,6410,Coffee,Afternoon,Weekend,2017,11
13069,6410,Coffee,Afternoon,Weekend,2017,11
13070,6410,Cake,Afternoon,Weekend,2017,11
13071,6410,Cake,Afternoon,Weekend,2017,11
13072,6411,Bread,Afternoon,Weekend,2017,11
13073,6412,Spanish Brunch,Afternoon,Weekend,2017,11
13074,6412,The Nomad,Afternoon,Weekend,2017,11
13075,6412,Tea,Afternoon,Weekend,2017,11
13076,6412,Tea,Afternoon,Weekend,2017,11
13077,6412,Juice,Afternoon,Weekend,2017,11
13078,6412,Art Tray,Afternoon,Weekend,2017,11
13079,6412,Cake,Afternoon,Weekend,2017,11
13080,6412,Cake,Afternoon,Weekend,2017,11
13081,6412,Alfajores,Afternoon,Weekend,2017,11
13082,6412,Tea,Afternoon,Weekend,2017,11
13083,6412,Hot chocolate,Afternoon,Weekend,2017,11
13084,6413,Alfajores,Afternoon,Weekend,2017,11
13085,6413,Brownie,Afternoon,Weekend,2017,11
13086,6414,Coffee,Afternoon,Weekend,2017,11
13087,6414,Hot chocolate,Afternoon,Weekend,2017,11
13088,6414,Coffee,Afternoon,Weekend,2017,11
13089,6414,Bread,Afternoon,Weekend,2017,11
13090,6414,Cake,Afternoon,Weekend,2017,11
13091,6415,Cake,Afternoon,Weekend,2017,11
13092,6415,Bread,Afternoon,Weekend,2017,11
13093,6415,Chicken Stew,Afternoon,Weekend,2017,11
13094,6416,Coffee,Afternoon,Weekend,2017,11
13095,6416,Coffee,Afternoon,Weekend,2017,11
13096,6416,Coffee,Afternoon,Weekend,2017,11
13097,6416,Brownie,Afternoon,Weekend,2017,11
13098,6417,Valentine's card,Afternoon,Weekend,2017,11
13099,6418,Bread,Afternoon,Weekend,2017,11
13100,6419,Bread,Afternoon,Weekend,2017,11
13101,6420,Coffee,Afternoon,Weekend,2017,11
13102,6420,Coffee,Afternoon,Weekend,2017,11
13103,6420,Chicken Stew,Afternoon,Weekend,2017,11
13104,6420,Pastry,Afternoon,Weekend,2017,11
13105,6421,Tea,Afternoon,Weekend,2017,11
13106,6421,Bread,Afternoon,Weekend,2017,11
13107,6422,Soup,Afternoon,Weekend,2017,11
13108,6422,Spanish Brunch,Afternoon,Weekend,2017,11
13109,6422,Sandwich,Afternoon,Weekend,2017,11
13110,6422,Coffee,Afternoon,Weekend,2017,11
13111,6422,Tea,Afternoon,Weekend,2017,11
13112,6423,Coffee,Afternoon,Weekend,2017,11
13113,6423,Tea,Afternoon,Weekend,2017,11
13114,6424,Coffee,Afternoon,Weekend,2017,11
13115,6424,Juice,Afternoon,Weekend,2017,11
13116,6425,Coffee,Afternoon,Weekend,2017,11
13117,6425,Cake,Afternoon,Weekend,2017,11
13118,6425,Pastry,Afternoon,Weekend,2017,11
13119,6426,Bread,Afternoon,Weekend,2017,11
13120,6426,Hot chocolate,Afternoon,Weekend,2017,11
13121,6426,Sandwich,Afternoon,Weekend,2017,11
13122,6427,Bread,Afternoon,Weekend,2017,11
13123,6428,Bread,Afternoon,Weekend,2017,11
13124,6428,Tea,Afternoon,Weekend,2017,11
13125,6428,Tea,Afternoon,Weekend,2017,11
13126,6428,Bread,Afternoon,Weekend,2017,11
13127,6428,Cake,Afternoon,Weekend,2017,11
13128,6429,Afternoon with the baker,Evening,Weekend,2017,11
13129,6430,Bread,Evening,Weekend,2017,11
13130,6431,Bread,Evening,Weekend,2017,11
13131,6431,Scandinavian,Evening,Weekend,2017,11
13132,6432,Tea,Evening,Weekend,2017,11
13133,6432,Tea,Evening,Weekend,2017,11
13134,6432,Cake,Evening,Weekend,2017,11
13135,6432,Medialuna,Evening,Weekend,2017,11
13136,6432,Medialuna,Evening,Weekend,2017,11
13137,6432,Coffee,Evening,Weekend,2017,11
13138,6432,Scandinavian,Evening,Weekend,2017,11
13139,6433,Scandinavian,Evening,Weekend,2017,11
13140,6434,Bread,Evening,Weekend,2017,11
13141,6434,Soup,Evening,Weekend,2017,11
13142,6435,Cake,Morning,Weekend,2017,12
13143,6435,Bread,Morning,Weekend,2017,12
13144,6435,Cookies,Morning,Weekend,2017,12
13145,6435,Eggs,Morning,Weekend,2017,12
13146,6435,Juice,Morning,Weekend,2017,12
13147,6436,Coffee,Morning,Weekend,2017,12
13148,6437,Coffee,Morning,Weekend,2017,12
13149,6437,Tea,Morning,Weekend,2017,12
13150,6437,Pastry,Morning,Weekend,2017,12
13151,6438,Medialuna,Morning,Weekend,2017,12
13152,6438,Coffee,Morning,Weekend,2017,12
13153,6439,Coffee,Morning,Weekend,2017,12
13154,6439,Toast,Morning,Weekend,2017,12
13155,6440,Pastry,Morning,Weekend,2017,12
13156,6440,Pastry,Morning,Weekend,2017,12
13157,6440,Pastry,Morning,Weekend,2017,12
13158,6440,Bread,Morning,Weekend,2017,12
13159,6441,Coffee,Morning,Weekend,2017,12
13160,6441,Coffee,Morning,Weekend,2017,12
13161,6441,Pastry,Morning,Weekend,2017,12
13162,6441,Cookies,Morning,Weekend,2017,12
13163,6441,Bread,Morning,Weekend,2017,12
13164,6442,Bread,Morning,Weekend,2017,12
13165,6443,Pastry,Morning,Weekend,2017,12
13166,6443,Medialuna,Morning,Weekend,2017,12
13167,6443,Baguette,Morning,Weekend,2017,12
13168,6444,Coffee,Morning,Weekend,2017,12
13169,6444,Scone,Morning,Weekend,2017,12
13170,6445,Bread,Morning,Weekend,2017,12
13171,6445,Bread,Morning,Weekend,2017,12
13172,6446,Coffee,Morning,Weekend,2017,12
13173,6447,Bread,Morning,Weekend,2017,12
13174,6448,Bread,Morning,Weekend,2017,12
13175,6448,Coffee,Morning,Weekend,2017,12
13176,6448,Scone,Morning,Weekend,2017,12
13177,6449,Bread,Morning,Weekend,2017,12
13178,6449,Baguette,Morning,Weekend,2017,12
13179,6449,Hot chocolate,Morning,Weekend,2017,12
13180,6449,Coffee,Morning,Weekend,2017,12
13181,6449,Toast,Morning,Weekend,2017,12
13182,6450,Coffee,Morning,Weekend,2017,12
13183,6451,Coffee,Morning,Weekend,2017,12
13184,6451,Coffee,Morning,Weekend,2017,12
13185,6451,Coffee,Morning,Weekend,2017,12
13186,6451,Bread,Morning,Weekend,2017,12
13187,6451,Cake,Morning,Weekend,2017,12
13188,6452,Coffee,Morning,Weekend,2017,12
13189,6453,Coffee,Morning,Weekend,2017,12
13190,6453,Coffee,Morning,Weekend,2017,12
13191,6453,Scone,Morning,Weekend,2017,12
13192,6453,Cake,Morning,Weekend,2017,12
13193,6454,Scone,Morning,Weekend,2017,12
13194,6454,Bread,Morning,Weekend,2017,12
13195,6454,Baguette,Morning,Weekend,2017,12
13196,6455,Cake,Morning,Weekend,2017,12
13197,6456,Coffee,Morning,Weekend,2017,12
13198,6456,Spanish Brunch,Morning,Weekend,2017,12
13199,6456,Bread,Morning,Weekend,2017,12
13200,6457,Pastry,Morning,Weekend,2017,12
13201,6457,Brownie,Morning,Weekend,2017,12
13202,6458,Toast,Morning,Weekend,2017,12
13203,6459,Bread,Afternoon,Weekend,2017,12
13204,6459,Bread,Afternoon,Weekend,2017,12
13205,6460,Bread,Afternoon,Weekend,2017,12
13206,6461,Farm House,Afternoon,Weekend,2017,12
13207,6462,Spanish Brunch,Afternoon,Weekend,2017,12
13208,6462,Cake,Afternoon,Weekend,2017,12
13209,6463,Bread,Afternoon,Weekend,2017,12
13210,6464,Coffee,Afternoon,Weekend,2017,12
13211,6465,Coffee,Afternoon,Weekend,2017,12
13212,6465,Coffee,Afternoon,Weekend,2017,12
13213,6465,Cake,Afternoon,Weekend,2017,12
13214,6466,Bread,Afternoon,Weekend,2017,12
13215,6467,Coffee,Afternoon,Weekend,2017,12
13216,6467,Coffee,Afternoon,Weekend,2017,12
13217,6467,Coffee,Afternoon,Weekend,2017,12
13218,6468,Tea,Afternoon,Weekend,2017,12
13219,6468,Cake,Afternoon,Weekend,2017,12
13220,6469,Hot chocolate,Afternoon,Weekend,2017,12
13221,6469,Soup,Afternoon,Weekend,2017,12
13222,6470,Tea,Afternoon,Weekend,2017,12
13223,6471,Alfajores,Afternoon,Weekend,2017,12
13224,6471,Bread,Afternoon,Weekend,2017,12
13225,6472,Cake,Afternoon,Weekend,2017,12
13226,6472,Bread,Afternoon,Weekend,2017,12
13227,6473,Coffee,Afternoon,Weekend,2017,12
13228,6474,Coffee,Afternoon,Weekend,2017,12
13229,6474,Coffee,Afternoon,Weekend,2017,12
13230,6474,Coffee,Afternoon,Weekend,2017,12
13231,6474,Tea,Afternoon,Weekend,2017,12
13232,6474,Toast,Afternoon,Weekend,2017,12
13233,6474,Duck egg,Afternoon,Weekend,2017,12
13234,6474,Extra Salami or Feta,Afternoon,Weekend,2017,12
13235,6474,Chicken Stew,Afternoon,Weekend,2017,12
13236,6474,Cookies,Afternoon,Weekend,2017,12
13237,6474,Brownie,Afternoon,Weekend,2017,12
13238,6474,Bread,Afternoon,Weekend,2017,12
13239,6475,Bread,Afternoon,Weekend,2017,12
13240,6476,Coffee,Afternoon,Weekend,2017,12
13241,6476,Sandwich,Afternoon,Weekend,2017,12
13242,6477,Coffee,Afternoon,Weekend,2017,12
13243,6477,Cake,Afternoon,Weekend,2017,12
13244,6478,Brownie,Afternoon,Weekend,2017,12
13245,6478,Bread,Afternoon,Weekend,2017,12
13246,6479,Coffee,Afternoon,Weekend,2017,12
13247,6479,Coffee,Afternoon,Weekend,2017,12
13248,6479,Alfajores,Afternoon,Weekend,2017,12
13249,6479,Cake,Afternoon,Weekend,2017,12
13250,6479,Brownie,Afternoon,Weekend,2017,12
13251,6480,Coffee,Afternoon,Weekend,2017,12
13252,6480,Brownie,Afternoon,Weekend,2017,12
13253,6481,Afternoon with the baker,Evening,Weekend,2017,12
13254,6482,Afternoon with the baker,Evening,Weekend,2017,12
13255,6483,Bread,Morning,Weekday,2017,02
13256,6484,Coffee,Morning,Weekday,2017,02
13257,6484,Medialuna,Morning,Weekday,2017,02
13258,6484,Baguette,Morning,Weekday,2017,02
13259,6485,Coffee,Morning,Weekday,2017,02
13260,6486,Hot chocolate,Morning,Weekday,2017,02
13261,6486,Toast,Morning,Weekday,2017,02
13262,6487,Coffee,Morning,Weekday,2017,02
13263,6487,Bread,Morning,Weekday,2017,02
13264,6487,Medialuna,Morning,Weekday,2017,02
13265,6487,Alfajores,Morning,Weekday,2017,02
13266,6488,Alfajores,Morning,Weekday,2017,02
13267,6488,Medialuna,Morning,Weekday,2017,02
13268,6488,Coffee,Morning,Weekday,2017,02
13269,6488,Bread,Morning,Weekday,2017,02
13270,6489,Focaccia,Morning,Weekday,2017,02
13271,6489,Bread,Morning,Weekday,2017,02
13272,6490,Coffee,Morning,Weekday,2017,02
13273,6491,Coffee,Morning,Weekday,2017,02
13274,6491,Coffee,Morning,Weekday,2017,02
13275,6492,Coffee,Morning,Weekday,2017,02
13276,6493,Hot chocolate,Morning,Weekday,2017,02
13277,6494,Coffee,Morning,Weekday,2017,02
13278,6494,Juice,Morning,Weekday,2017,02
13279,6495,Coffee,Morning,Weekday,2017,02
13280,6495,Pastry,Morning,Weekday,2017,02
13281,6496,Pastry,Morning,Weekday,2017,02
13282,6496,Coffee,Morning,Weekday,2017,02
13283,6497,Scandinavian,Morning,Weekday,2017,02
13284,6498,Juice,Morning,Weekday,2017,02
13285,6498,Chocolates,Morning,Weekday,2017,02
13286,6498,Hot chocolate,Morning,Weekday,2017,02
13287,6498,Coffee,Morning,Weekday,2017,02
13288,6498,Bread,Morning,Weekday,2017,02
13289,6498,Cookies,Morning,Weekday,2017,02
13290,6499,Tea,Morning,Weekday,2017,02
13291,6499,Coffee,Morning,Weekday,2017,02
13292,6500,Bread,Morning,Weekday,2017,02
13293,6501,Coffee,Morning,Weekday,2017,02
13294,6501,Brownie,Morning,Weekday,2017,02
13295,6501,Farm House,Morning,Weekday,2017,02
13296,6502,Bread,Morning,Weekday,2017,02
13297,6502,Cookies,Morning,Weekday,2017,02
13298,6502,Coffee,Morning,Weekday,2017,02
13299,6503,Coffee,Morning,Weekday,2017,02
13300,6503,Coffee,Morning,Weekday,2017,02
13301,6504,Coffee,Morning,Weekday,2017,02
13302,6505,Coffee,Afternoon,Weekday,2017,02
13303,6505,Coffee,Afternoon,Weekday,2017,02
13304,6505,Scone,Afternoon,Weekday,2017,02
13305,6505,Cake,Afternoon,Weekday,2017,02
13306,6505,Farm House,Afternoon,Weekday,2017,02
13307,6505,Juice,Afternoon,Weekday,2017,02
13308,6506,Coffee,Afternoon,Weekday,2017,02
13309,6506,Coffee,Afternoon,Weekday,2017,02
13310,6506,Cookies,Afternoon,Weekday,2017,02
13311,6507,Scone,Afternoon,Weekday,2017,02
13312,6507,Coffee,Afternoon,Weekday,2017,02
13313,6508,Bread,Afternoon,Weekday,2017,02
13314,6509,Bread,Afternoon,Weekday,2017,02
13315,6509,Cookies,Afternoon,Weekday,2017,02
13316,6510,Coffee,Afternoon,Weekday,2017,02
13317,6511,Cookies,Afternoon,Weekday,2017,02
13318,6511,Cake,Afternoon,Weekday,2017,02
13319,6511,Cake,Afternoon,Weekday,2017,02
13320,6511,Truffles,Afternoon,Weekday,2017,02
13321,6512,Baguette,Afternoon,Weekday,2017,02
13322,6513,Bread,Afternoon,Weekday,2017,02
13323,6513,Tea,Afternoon,Weekday,2017,02
13324,6514,Farm House,Afternoon,Weekday,2017,02
13325,6515,Coffee,Afternoon,Weekday,2017,02
13326,6516,Soup,Afternoon,Weekday,2017,02
13327,6517,Coffee,Afternoon,Weekday,2017,02
13328,6517,Tea,Afternoon,Weekday,2017,02
13329,6517,Sandwich,Afternoon,Weekday,2017,02
13330,6517,Sandwich,Afternoon,Weekday,2017,02
13331,6518,Soup,Afternoon,Weekday,2017,02
13332,6518,Tea,Afternoon,Weekday,2017,02
13333,6518,Tea,Afternoon,Weekday,2017,02
13334,6519,Coke,Afternoon,Weekday,2017,02
13335,6519,Juice,Afternoon,Weekday,2017,02
13336,6519,Coffee,Afternoon,Weekday,2017,02
13337,6519,Chicken Stew,Afternoon,Weekday,2017,02
13338,6519,Sandwich,Afternoon,Weekday,2017,02
13339,6519,Sandwich,Afternoon,Weekday,2017,02
13340,6519,Sandwich,Afternoon,Weekday,2017,02
13341,6519,Cookies,Afternoon,Weekday,2017,02
13342,6519,Cookies,Afternoon,Weekday,2017,02
13343,6520,Cake,Afternoon,Weekday,2017,02
13344,6521,Truffles,Afternoon,Weekday,2017,02
13345,6521,Bread,Afternoon,Weekday,2017,02
13346,6521,Sandwich,Afternoon,Weekday,2017,02
13347,6521,Soup,Afternoon,Weekday,2017,02
13348,6522,Cake,Afternoon,Weekday,2017,02
13349,6522,Coffee,Afternoon,Weekday,2017,02
13350,6522,Cookies,Afternoon,Weekday,2017,02
13351,6522,Coke,Afternoon,Weekday,2017,02
13352,6523,Truffles,Afternoon,Weekday,2017,02
13353,6523,Salad,Afternoon,Weekday,2017,02
13354,6523,Chicken Stew,Afternoon,Weekday,2017,02
13355,6523,Medialuna,Afternoon,Weekday,2017,02
13356,6523,Brownie,Afternoon,Weekday,2017,02
13357,6524,Coffee,Afternoon,Weekday,2017,02
13358,6524,Coffee,Afternoon,Weekday,2017,02
13359,6524,Alfajores,Afternoon,Weekday,2017,02
13360,6524,Cookies,Afternoon,Weekday,2017,02
13361,6525,Coffee,Afternoon,Weekday,2017,02
13362,6525,Bread,Afternoon,Weekday,2017,02
13363,6525,Soup,Afternoon,Weekday,2017,02
13364,6525,Sandwich,Afternoon,Weekday,2017,02
13365,6526,Bread,Afternoon,Weekday,2017,02
13366,6526,Alfajores,Afternoon,Weekday,2017,02
13367,6527,Bread,Afternoon,Weekday,2017,02
13368,6528,Tea,Afternoon,Weekday,2017,02
13369,6528,Sandwich,Afternoon,Weekday,2017,02
13370,6529,Alfajores,Afternoon,Weekday,2017,02
13371,6529,Bread,Afternoon,Weekday,2017,02
13372,6529,Coffee,Afternoon,Weekday,2017,02
13373,6530,Sandwich,Afternoon,Weekday,2017,02
13374,6530,Sandwich,Afternoon,Weekday,2017,02
13375,6530,Truffles,Afternoon,Weekday,2017,02
13376,6530,Tea,Afternoon,Weekday,2017,02
13377,6531,Cake,Afternoon,Weekday,2017,02
13378,6532,Farm House,Afternoon,Weekday,2017,02
13379,6532,Coffee,Afternoon,Weekday,2017,02
13380,6533,Tea,Afternoon,Weekday,2017,02
13381,6533,Coffee,Afternoon,Weekday,2017,02
13382,6533,Soup,Afternoon,Weekday,2017,02
13383,6533,Cake,Afternoon,Weekday,2017,02
13384,6534,Bread,Afternoon,Weekday,2017,02
13385,6534,Coffee,Afternoon,Weekday,2017,02
13386,6535,Chicken Stew,Afternoon,Weekday,2017,02
13387,6535,Coffee,Afternoon,Weekday,2017,02
13388,6536,Coffee,Afternoon,Weekday,2017,02
13389,6536,Coffee,Afternoon,Weekday,2017,02
13390,6537,Bread,Afternoon,Weekday,2017,02
13391,6537,Coffee,Afternoon,Weekday,2017,02
13392,6538,Tea,Afternoon,Weekday,2017,02
13393,6538,Toast,Afternoon,Weekday,2017,02
13394,6539,Coffee,Evening,Weekday,2017,02
13395,6539,Coffee,Evening,Weekday,2017,02
13396,6540,Tea,Evening,Weekday,2017,02
13397,6540,Hot chocolate,Evening,Weekday,2017,02
13398,6540,Cake,Evening,Weekday,2017,02
13399,6540,Eggs,Evening,Weekday,2017,02
13400,6540,Fudge,Evening,Weekday,2017,02
13401,6540,Bread,Evening,Weekday,2017,02
13402,6541,Bread,Evening,Weekday,2017,02
13403,6542,Coffee,Morning,Weekday,2017,02
13404,6542,Bread,Morning,Weekday,2017,02
13405,6542,Cake,Morning,Weekday,2017,02
13406,6543,Alfajores,Morning,Weekday,2017,02
13407,6543,Coffee,Morning,Weekday,2017,02
13408,6544,Bread,Morning,Weekday,2017,02
13409,6544,Bread,Morning,Weekday,2017,02
13410,6545,Afternoon with the baker,Morning,Weekday,2017,02
13411,6546,Medialuna,Morning,Weekday,2017,02
13412,6546,Alfajores,Morning,Weekday,2017,02
13413,6547,Coffee,Morning,Weekday,2017,02
13414,6547,Coffee,Morning,Weekday,2017,02
13415,6548,Coffee,Morning,Weekday,2017,02
13416,6548,Bread,Morning,Weekday,2017,02
13417,6548,Mineral water,Morning,Weekday,2017,02
13418,6548,Toast,Morning,Weekday,2017,02
13419,6549,Bread,Morning,Weekday,2017,02
13420,6549,Pastry,Morning,Weekday,2017,02
13421,6550,Tea,Morning,Weekday,2017,02
13422,6551,Coffee,Morning,Weekday,2017,02
13423,6551,Tea,Morning,Weekday,2017,02
13424,6551,Cake,Morning,Weekday,2017,02
13425,6552,Coffee,Morning,Weekday,2017,02
13426,6552,Coffee,Morning,Weekday,2017,02
13427,6552,Cake,Morning,Weekday,2017,02
13428,6552,Toast,Morning,Weekday,2017,02
13429,6553,Coffee,Morning,Weekday,2017,02
13430,6553,Pastry,Morning,Weekday,2017,02
13431,6553,Alfajores,Morning,Weekday,2017,02
13432,6553,Farm House,Morning,Weekday,2017,02
13433,6554,Hot chocolate,Morning,Weekday,2017,02
13434,6554,Cake,Morning,Weekday,2017,02
13435,6555,Hot chocolate,Morning,Weekday,2017,02
13436,6555,Cake,Morning,Weekday,2017,02
13437,6556,Bread,Afternoon,Weekday,2017,02
13438,6557,Coffee,Afternoon,Weekday,2017,02
13439,6557,Coffee,Afternoon,Weekday,2017,02
13440,6557,Tea,Afternoon,Weekday,2017,02
13441,6557,Cake,Afternoon,Weekday,2017,02
13442,6557,Alfajores,Afternoon,Weekday,2017,02
13443,6558,Cookies,Afternoon,Weekday,2017,02
13444,6558,Scone,Afternoon,Weekday,2017,02
13445,6558,Coffee,Afternoon,Weekday,2017,02
13446,6558,Hot chocolate,Afternoon,Weekday,2017,02
13447,6559,Coffee,Afternoon,Weekday,2017,02
13448,6559,Coffee,Afternoon,Weekday,2017,02
13449,6559,Hot chocolate,Afternoon,Weekday,2017,02
13450,6559,Coffee,Afternoon,Weekday,2017,02
13451,6559,Cake,Afternoon,Weekday,2017,02
13452,6559,Medialuna,Afternoon,Weekday,2017,02
13453,6560,Coffee,Afternoon,Weekday,2017,02
13454,6560,Coffee,Afternoon,Weekday,2017,02
13455,6560,Coffee,Afternoon,Weekday,2017,02
13456,6560,Coffee,Afternoon,Weekday,2017,02
13457,6560,Medialuna,Afternoon,Weekday,2017,02
13458,6560,Cookies,Afternoon,Weekday,2017,02
13459,6561,Coffee,Afternoon,Weekday,2017,02
13460,6561,Cake,Afternoon,Weekday,2017,02
13461,6562,Bread,Afternoon,Weekday,2017,02
13462,6562,Bread,Afternoon,Weekday,2017,02
13463,6563,Sandwich,Afternoon,Weekday,2017,02
13464,6563,Coffee,Afternoon,Weekday,2017,02
13465,6565,Bread,Afternoon,Weekday,2017,02
13466,6566,Coffee,Afternoon,Weekday,2017,02
13467,6566,Cake,Afternoon,Weekday,2017,02
13468,6567,Coffee,Afternoon,Weekday,2017,02
13469,6567,Coke,Afternoon,Weekday,2017,02
13470,6567,Pastry,Afternoon,Weekday,2017,02
13471,6568,Salad,Afternoon,Weekday,2017,02
13472,6569,Bread,Afternoon,Weekday,2017,02
13473,6570,Bread,Afternoon,Weekday,2017,02
13474,6570,Cake,Afternoon,Weekday,2017,02
13475,6571,Farm House,Afternoon,Weekday,2017,02
13476,6571,Cake,Afternoon,Weekday,2017,02
13477,6572,Coke,Afternoon,Weekday,2017,02
13478,6573,Bread,Afternoon,Weekday,2017,02
13479,6574,Cookies,Afternoon,Weekday,2017,02
13480,6574,Cookies,Afternoon,Weekday,2017,02
13481,6574,Spanish Brunch,Afternoon,Weekday,2017,02
13482,6574,Toast,Afternoon,Weekday,2017,02
13483,6574,Coffee,Afternoon,Weekday,2017,02
13484,6574,Bread,Afternoon,Weekday,2017,02
13485,6575,Tea,Afternoon,Weekday,2017,02
13486,6575,Tea,Afternoon,Weekday,2017,02
13487,6576,Coffee,Afternoon,Weekday,2017,02
13488,6577,Hot chocolate,Afternoon,Weekday,2017,02
13489,6577,Hot chocolate,Afternoon,Weekday,2017,02
13490,6577,Hot chocolate,Afternoon,Weekday,2017,02
13491,6577,Smoothies,Afternoon,Weekday,2017,02
13492,6577,Cookies,Afternoon,Weekday,2017,02
13493,6577,Cookies,Afternoon,Weekday,2017,02
13494,6578,Coffee,Afternoon,Weekday,2017,02
13495,6578,Juice,Afternoon,Weekday,2017,02
13496,6578,Bread,Afternoon,Weekday,2017,02
13497,6578,Bread,Afternoon,Weekday,2017,02
13498,6578,Afternoon with the baker,Afternoon,Weekday,2017,02
13499,6579,Coffee,Afternoon,Weekday,2017,02
13500,6580,Alfajores,Afternoon,Weekday,2017,02
13501,6580,Bread,Afternoon,Weekday,2017,02
13502,6581,Soup,Afternoon,Weekday,2017,02
13503,6581,Tea,Afternoon,Weekday,2017,02
13504,6582,Tea,Afternoon,Weekday,2017,02
13505,6582,Alfajores,Afternoon,Weekday,2017,02
13506,6583,Bread,Afternoon,Weekday,2017,02
13507,6583,Vegan mincepie,Afternoon,Weekday,2017,02
13508,6584,Baguette,Afternoon,Weekday,2017,02
13509,6584,Alfajores,Afternoon,Weekday,2017,02
13510,6585,Baguette,Afternoon,Weekday,2017,02
13511,6586,Bread,Afternoon,Weekday,2017,02
13512,6587,Coffee,Afternoon,Weekday,2017,02
13513,6587,Coffee,Afternoon,Weekday,2017,02
13514,6588,Valentine's card,Night,Weekday,2017,02
13515,6589,Valentine's card,Night,Weekday,2017,02
13516,6592,Coffee,Morning,Weekday,2017,02
13517,6592,Coffee,Morning,Weekday,2017,02
13518,6593,Toast,Morning,Weekday,2017,02
13519,6594,Bread,Morning,Weekday,2017,02
13520,6595,Coffee,Morning,Weekday,2017,02
13521,6595,Coffee,Morning,Weekday,2017,02
13522,6596,Pastry,Morning,Weekday,2017,02
13523,6597,Bread,Morning,Weekday,2017,02
13524,6598,Pastry,Morning,Weekday,2017,02
13525,6598,Coffee,Morning,Weekday,2017,02
13526,6598,Coffee,Morning,Weekday,2017,02
13527,6599,Baguette,Morning,Weekday,2017,02
13528,6600,Coffee,Morning,Weekday,2017,02
13529,6601,Tea,Morning,Weekday,2017,02
13530,6601,Tea,Morning,Weekday,2017,02
13531,6601,The Nomad,Morning,Weekday,2017,02
13532,6601,Pastry,Morning,Weekday,2017,02
13533,6602,Bread,Morning,Weekday,2017,02
13534,6603,Coffee,Morning,Weekday,2017,02
13535,6603,Bread,Morning,Weekday,2017,02
13536,6604,Medialuna,Morning,Weekday,2017,02
13537,6604,Medialuna,Morning,Weekday,2017,02
13538,6604,Medialuna,Morning,Weekday,2017,02
13539,6604,Baguette,Morning,Weekday,2017,02
13540,6605,Hot chocolate,Afternoon,Weekday,2017,02
13541,6605,Coffee,Afternoon,Weekday,2017,02
13542,6605,Medialuna,Afternoon,Weekday,2017,02
13543,6605,Soup,Afternoon,Weekday,2017,02
13544,6605,Cake,Afternoon,Weekday,2017,02
13545,6606,Bread,Afternoon,Weekday,2017,02
13546,6606,Coffee,Afternoon,Weekday,2017,02
13547,6607,Bread,Afternoon,Weekday,2017,02
13548,6607,Medialuna,Afternoon,Weekday,2017,02
13549,6608,Vegan Feast,Afternoon,Weekday,2017,02
13550,6609,Sandwich,Afternoon,Weekday,2017,02
13551,6609,Truffles,Afternoon,Weekday,2017,02
13552,6610,Coffee,Afternoon,Weekday,2017,02
13553,6610,Toast,Afternoon,Weekday,2017,02
13554,6611,Soup,Afternoon,Weekday,2017,02
13555,6612,The Nomad,Afternoon,Weekday,2017,02
13556,6612,Coffee,Afternoon,Weekday,2017,02
13557,6612,Coffee,Afternoon,Weekday,2017,02
13558,6613,Sandwich,Afternoon,Weekday,2017,02
13559,6613,Juice,Afternoon,Weekday,2017,02
13560,6614,Soup,Afternoon,Weekday,2017,02
13561,6614,Soup,Afternoon,Weekday,2017,02
13562,6614,Cake,Afternoon,Weekday,2017,02
13563,6614,Cake,Afternoon,Weekday,2017,02
13564,6614,Tea,Afternoon,Weekday,2017,02
13565,6614,Tea,Afternoon,Weekday,2017,02
13566,6616,Bread,Afternoon,Weekday,2017,02
13567,6617,Baguette,Afternoon,Weekday,2017,02
13568,6617,Coffee,Afternoon,Weekday,2017,02
13569,6617,Coffee,Afternoon,Weekday,2017,02
13570,6617,Coffee,Afternoon,Weekday,2017,02
13571,6617,Salad,Afternoon,Weekday,2017,02
13572,6617,Art Tray,Afternoon,Weekday,2017,02
13573,6617,Alfajores,Afternoon,Weekday,2017,02
13574,6618,Coffee,Afternoon,Weekday,2017,02
13575,6618,Bread,Afternoon,Weekday,2017,02
13576,6619,Bread,Afternoon,Weekday,2017,02
13577,6620,Cake,Afternoon,Weekday,2017,02
13578,6621,Baguette,Afternoon,Weekday,2017,02
13579,6622,Hot chocolate,Afternoon,Weekday,2017,02
13580,6622,Alfajores,Afternoon,Weekday,2017,02
13581,6623,Coffee,Afternoon,Weekday,2017,02
13582,6623,Hot chocolate,Afternoon,Weekday,2017,02
13583,6623,Coffee,Afternoon,Weekday,2017,02
13584,6623,Medialuna,Afternoon,Weekday,2017,02
13585,6623,Jammie Dodgers,Afternoon,Weekday,2017,02
13586,6624,Coffee,Afternoon,Weekday,2017,02
13587,6624,Vegan mincepie,Afternoon,Weekday,2017,02
13588,6624,Pastry,Afternoon,Weekday,2017,02
13589,6625,Hot chocolate,Afternoon,Weekday,2017,02
13590,6625,Coffee,Afternoon,Weekday,2017,02
13591,6625,Alfajores,Afternoon,Weekday,2017,02
13592,6625,Cake,Afternoon,Weekday,2017,02
13593,6626,Brownie,Afternoon,Weekday,2017,02
13594,6627,Bread,Evening,Weekday,2017,02
13595,6628,Coffee,Morning,Weekday,2017,02
13596,6628,Bread,Morning,Weekday,2017,02
13597,6629,Bread,Morning,Weekday,2017,02
13598,6629,Cake,Morning,Weekday,2017,02
13599,6630,Cake,Morning,Weekday,2017,02
13600,6630,Coffee,Morning,Weekday,2017,02
13601,6631,Coffee,Morning,Weekday,2017,02
13602,6632,Farm House,Morning,Weekday,2017,02
13603,6633,Cookies,Morning,Weekday,2017,02
13604,6634,Brownie,Morning,Weekday,2017,02
13605,6635,Coffee,Morning,Weekday,2017,02
13606,6636,Baguette,Morning,Weekday,2017,02
13607,6637,Coffee,Morning,Weekday,2017,02
13608,6638,Medialuna,Morning,Weekday,2017,02
13609,6638,Alfajores,Morning,Weekday,2017,02
13610,6638,Hot chocolate,Morning,Weekday,2017,02
13611,6638,Hot chocolate,Morning,Weekday,2017,02
13612,6638,Bread,Morning,Weekday,2017,02
13613,6639,Pastry,Morning,Weekday,2017,02
13614,6639,Medialuna,Morning,Weekday,2017,02
13615,6639,Alfajores,Morning,Weekday,2017,02
13616,6639,Alfajores,Morning,Weekday,2017,02
13617,6639,Cake,Morning,Weekday,2017,02
13618,6640,Coffee,Morning,Weekday,2017,02
13619,6641,Hot chocolate,Afternoon,Weekday,2017,02
13620,6641,Coffee,Afternoon,Weekday,2017,02
13621,6641,Cake,Afternoon,Weekday,2017,02
13622,6641,Cookies,Afternoon,Weekday,2017,02
13623,6641,Spanish Brunch,Afternoon,Weekday,2017,02
13624,6641,Duck egg,Afternoon,Weekday,2017,02
13625,6642,Coffee,Afternoon,Weekday,2017,02
13626,6642,Pastry,Afternoon,Weekday,2017,02
13627,6643,Smoothies,Afternoon,Weekday,2017,02
13628,6643,Sandwich,Afternoon,Weekday,2017,02
13629,6643,Soup,Afternoon,Weekday,2017,02
13630,6644,Coffee,Afternoon,Weekday,2017,02
13631,6644,Juice,Afternoon,Weekday,2017,02
13632,6644,Jammie Dodgers,Afternoon,Weekday,2017,02
13633,6644,Chicken Stew,Afternoon,Weekday,2017,02
13634,6644,Tea,Afternoon,Weekday,2017,02
13635,6645,Hot chocolate,Afternoon,Weekday,2017,02
13636,6645,Juice,Afternoon,Weekday,2017,02
13637,6645,Hot chocolate,Afternoon,Weekday,2017,02
13638,6645,Toast,Afternoon,Weekday,2017,02
13639,6645,Chicken Stew,Afternoon,Weekday,2017,02
13640,6645,Tea,Afternoon,Weekday,2017,02
13641,6645,Tea,Afternoon,Weekday,2017,02
13642,6646,Coffee,Afternoon,Weekday,2017,02
13643,6647,Coffee,Afternoon,Weekday,2017,02
13644,6647,Coffee,Afternoon,Weekday,2017,02
13645,6647,Pastry,Afternoon,Weekday,2017,02
13646,6647,Pastry,Afternoon,Weekday,2017,02
13647,6648,Coffee,Afternoon,Weekday,2017,02
13648,6648,Coffee,Afternoon,Weekday,2017,02
13649,6648,Cookies,Afternoon,Weekday,2017,02
13650,6648,Cake,Afternoon,Weekday,2017,02
13651,6649,Coffee,Afternoon,Weekday,2017,02
13652,6650,Fudge,Afternoon,Weekday,2017,02
13653,6651,Coffee,Afternoon,Weekday,2017,02
13654,6651,Cake,Afternoon,Weekday,2017,02
13655,6651,Brownie,Afternoon,Weekday,2017,02
13656,6651,Alfajores,Afternoon,Weekday,2017,02
13657,6652,Cake,Afternoon,Weekday,2017,02
13658,6653,Tea,Afternoon,Weekday,2017,02
13659,6653,Tea,Afternoon,Weekday,2017,02
13660,6653,Soup,Afternoon,Weekday,2017,02
13661,6654,Hot chocolate,Afternoon,Weekday,2017,02
13662,6654,Sandwich,Afternoon,Weekday,2017,02
13663,6654,Sandwich,Afternoon,Weekday,2017,02
13664,6655,Afternoon with the baker,Afternoon,Weekday,2017,02
13665,6656,Soup,Afternoon,Weekday,2017,02
13666,6656,Soup,Afternoon,Weekday,2017,02
13667,6656,Tea,Afternoon,Weekday,2017,02
13668,6656,Truffles,Afternoon,Weekday,2017,02
13669,6657,Coffee,Afternoon,Weekday,2017,02
13670,6657,Coffee,Afternoon,Weekday,2017,02
13671,6657,Brownie,Afternoon,Weekday,2017,02
13672,6657,Cake,Afternoon,Weekday,2017,02
13673,6657,Sandwich,Afternoon,Weekday,2017,02
13674,6657,Sandwich,Afternoon,Weekday,2017,02
13675,6658,Cookies,Afternoon,Weekday,2017,02
13676,6659,Coffee,Afternoon,Weekday,2017,02
13677,6660,Coffee,Afternoon,Weekday,2017,02
13678,6660,Coffee,Afternoon,Weekday,2017,02
13679,6660,Juice,Afternoon,Weekday,2017,02
13680,6660,Extra Salami or Feta,Afternoon,Weekday,2017,02
13681,6660,Salad,Afternoon,Weekday,2017,02
13682,6660,Toast,Afternoon,Weekday,2017,02
13683,6661,Pastry,Afternoon,Weekday,2017,02
13684,6661,Coffee,Afternoon,Weekday,2017,02
13685,6661,Coffee,Afternoon,Weekday,2017,02
13686,6661,Muffin,Afternoon,Weekday,2017,02
13687,6661,Alfajores,Afternoon,Weekday,2017,02
13688,6662,Bread,Afternoon,Weekday,2017,02
13689,6663,Baguette,Afternoon,Weekday,2017,02
13690,6664,Afternoon with the baker,Afternoon,Weekday,2017,02
13691,6664,Brownie,Afternoon,Weekday,2017,02
13692,6664,Cookies,Afternoon,Weekday,2017,02
13693,6664,Cookies,Afternoon,Weekday,2017,02
13694,6665,Cookies,Afternoon,Weekday,2017,02
13695,6665,Farm House,Afternoon,Weekday,2017,02
13696,6666,Baguette,Afternoon,Weekday,2017,02
13697,6666,Cake,Afternoon,Weekday,2017,02
13698,6667,Cake,Afternoon,Weekday,2017,02
13699,6668,Bread,Afternoon,Weekday,2017,02
13700,6669,Coffee,Afternoon,Weekday,2017,02
13701,6670,Tea,Afternoon,Weekday,2017,02
13702,6670,Medialuna,Afternoon,Weekday,2017,02
13703,6671,Bread,Evening,Weekday,2017,02
13704,6672,Coffee,Morning,Weekday,2017,02
13705,6673,Bread,Morning,Weekday,2017,02
13706,6674,Coffee,Morning,Weekday,2017,02
13707,6674,Coffee,Morning,Weekday,2017,02
13708,6674,Pastry,Morning,Weekday,2017,02
13709,6674,Medialuna,Morning,Weekday,2017,02
13710,6675,Jammie Dodgers,Morning,Weekday,2017,02
13711,6675,Coffee,Morning,Weekday,2017,02
13712,6675,Bread,Morning,Weekday,2017,02
13713,6676,Coffee,Morning,Weekday,2017,02
13714,6677,Spanish Brunch,Morning,Weekday,2017,02
13715,6677,Tea,Morning,Weekday,2017,02
13716,6678,Coffee,Morning,Weekday,2017,02
13717,6678,Spanish Brunch,Morning,Weekday,2017,02
13718,6678,Bread,Morning,Weekday,2017,02
13719,6679,Tea,Morning,Weekday,2017,02
13720,6679,Coffee,Morning,Weekday,2017,02
13721,6679,Cookies,Morning,Weekday,2017,02
13722,6679,Cookies,Morning,Weekday,2017,02
13723,6680,Bread,Morning,Weekday,2017,02
13724,6680,Bread,Morning,Weekday,2017,02
13725,6681,Scandinavian,Morning,Weekday,2017,02
13726,6681,Baguette,Morning,Weekday,2017,02
13727,6682,Farm House,Morning,Weekday,2017,02
13728,6683,Bread,Morning,Weekday,2017,02
13729,6684,Cake,Morning,Weekday,2017,02
13730,6684,Cookies,Morning,Weekday,2017,02
13731,6684,Coffee,Morning,Weekday,2017,02
13732,6684,Coffee,Morning,Weekday,2017,02
13733,6685,Coffee,Morning,Weekday,2017,02
13734,6685,Tea,Morning,Weekday,2017,02
13735,6685,Scone,Morning,Weekday,2017,02
13736,6685,Bread,Morning,Weekday,2017,02
13737,6686,Coffee,Morning,Weekday,2017,02
13738,6687,Tea,Morning,Weekday,2017,02
13739,6687,Cake,Morning,Weekday,2017,02
13740,6688,Pastry,Morning,Weekday,2017,02
13741,6688,Coffee,Morning,Weekday,2017,02
13742,6688,Coffee,Morning,Weekday,2017,02
13743,6689,Farm House,Morning,Weekday,2017,02
13744,6690,Juice,Morning,Weekday,2017,02
13745,6690,Bread,Morning,Weekday,2017,02
13746,6690,Sandwich,Morning,Weekday,2017,02
13747,6690,Sandwich,Morning,Weekday,2017,02
13748,6690,Sandwich,Morning,Weekday,2017,02
13749,6690,Coke,Morning,Weekday,2017,02
13750,6691,Bread,Morning,Weekday,2017,02
13751,6691,Bread,Morning,Weekday,2017,02
13752,6691,Tea,Morning,Weekday,2017,02
13753,6691,Jammie Dodgers,Morning,Weekday,2017,02
13754,6691,Tiffin,Morning,Weekday,2017,02
13755,6692,Bread,Morning,Weekday,2017,02
13756,6692,Tea,Morning,Weekday,2017,02
13757,6693,Juice,Morning,Weekday,2017,02
13758,6693,Coffee,Morning,Weekday,2017,02
13759,6693,Coffee,Morning,Weekday,2017,02
13760,6693,Hot chocolate,Morning,Weekday,2017,02
13761,6693,Hot chocolate,Morning,Weekday,2017,02
13762,6693,Chocolates,Morning,Weekday,2017,02
13763,6693,Jammie Dodgers,Morning,Weekday,2017,02
13764,6694,Brownie,Morning,Weekday,2017,02
13765,6694,Pastry,Morning,Weekday,2017,02
13766,6694,Juice,Morning,Weekday,2017,02
13767,6694,Bread,Morning,Weekday,2017,02
13768,6694,Scone,Morning,Weekday,2017,02
13769,6695,Cake,Morning,Weekday,2017,02
13770,6695,Muffin,Morning,Weekday,2017,02
13771,6696,Brownie,Morning,Weekday,2017,02
13772,6696,Sandwich,Morning,Weekday,2017,02
13773,6696,Baguette,Morning,Weekday,2017,02
13774,6697,Coffee,Afternoon,Weekday,2017,02
13775,6698,Coffee,Afternoon,Weekday,2017,02
13776,6698,Sandwich,Afternoon,Weekday,2017,02
13777,6698,Sandwich,Afternoon,Weekday,2017,02
13778,6699,Coffee,Afternoon,Weekday,2017,02
13779,6699,Toast,Afternoon,Weekday,2017,02
13780,6700,Pastry,Afternoon,Weekday,2017,02
13781,6701,Tiffin,Afternoon,Weekday,2017,02
13782,6701,Sandwich,Afternoon,Weekday,2017,02
13783,6702,Muffin,Afternoon,Weekday,2017,02
13784,6703,Bread,Afternoon,Weekday,2017,02
13785,6704,Bread,Afternoon,Weekday,2017,02
13786,6705,Chicken Stew,Afternoon,Weekday,2017,02
13787,6705,Scone,Afternoon,Weekday,2017,02
13788,6705,Brownie,Afternoon,Weekday,2017,02
13789,6705,Medialuna,Afternoon,Weekday,2017,02
13790,6706,Scone,Afternoon,Weekday,2017,02
13791,6707,Sandwich,Afternoon,Weekday,2017,02
13792,6707,Soup,Afternoon,Weekday,2017,02
13793,6707,Coffee,Afternoon,Weekday,2017,02
13794,6708,Scandinavian,Afternoon,Weekday,2017,02
13795,6708,Bread,Afternoon,Weekday,2017,02
13796,6709,Chicken Stew,Afternoon,Weekday,2017,02
13797,6709,Tea,Afternoon,Weekday,2017,02
13798,6710,Cake,Afternoon,Weekday,2017,02
13799,6710,Coffee,Afternoon,Weekday,2017,02
13800,6710,Coffee,Afternoon,Weekday,2017,02
13801,6710,Sandwich,Afternoon,Weekday,2017,02
13802,6710,Sandwich,Afternoon,Weekday,2017,02
13803,6711,Bread,Afternoon,Weekday,2017,02
13804,6712,Bread,Afternoon,Weekday,2017,02
13805,6712,Scone,Afternoon,Weekday,2017,02
13806,6713,Sandwich,Afternoon,Weekday,2017,02
13807,6713,Tea,Afternoon,Weekday,2017,02
13808,6713,Tea,Afternoon,Weekday,2017,02
13809,6714,Cake,Afternoon,Weekday,2017,02
13810,6714,Tiffin,Afternoon,Weekday,2017,02
13811,6715,Baguette,Afternoon,Weekday,2017,02
13812,6715,Scandinavian,Afternoon,Weekday,2017,02
13813,6716,Coffee,Afternoon,Weekday,2017,02
13814,6716,Coffee,Afternoon,Weekday,2017,02
13815,6716,Coffee,Afternoon,Weekday,2017,02
13816,6716,Tea,Afternoon,Weekday,2017,02
13817,6716,Coke,Afternoon,Weekday,2017,02
13818,6716,Tiffin,Afternoon,Weekday,2017,02
13819,6716,Medialuna,Afternoon,Weekday,2017,02
13820,6716,Bread,Afternoon,Weekday,2017,02
13821,6716,Soup,Afternoon,Weekday,2017,02
13822,6716,Chicken Stew,Afternoon,Weekday,2017,02
13823,6716,Sandwich,Afternoon,Weekday,2017,02
13824,6717,Coffee,Afternoon,Weekday,2017,02
13825,6717,Bread,Afternoon,Weekday,2017,02
13826,6718,Hot chocolate,Afternoon,Weekday,2017,02
13827,6718,Bread,Afternoon,Weekday,2017,02
13828,6718,Muffin,Afternoon,Weekday,2017,02
13829,6719,Coffee,Afternoon,Weekday,2017,02
13830,6719,Scone,Afternoon,Weekday,2017,02
13831,6720,Coffee,Afternoon,Weekday,2017,02
13832,6720,Hot chocolate,Afternoon,Weekday,2017,02
13833,6721,Tea,Afternoon,Weekday,2017,02
13834,6721,Coffee,Afternoon,Weekday,2017,02
13835,6722,Muffin,Afternoon,Weekday,2017,02
13836,6723,Sandwich,Afternoon,Weekday,2017,02
13837,6723,Sandwich,Afternoon,Weekday,2017,02
13838,6723,Sandwich,Afternoon,Weekday,2017,02
13839,6723,Coke,Afternoon,Weekday,2017,02
13840,6723,Truffles,Afternoon,Weekday,2017,02
13841,6723,Coffee,Afternoon,Weekday,2017,02
13842,6724,Baguette,Afternoon,Weekday,2017,02
13843,6725,Bread,Afternoon,Weekday,2017,02
13844,6725,Medialuna,Afternoon,Weekday,2017,02
13845,6725,Brownie,Afternoon,Weekday,2017,02
13846,6725,Truffles,Afternoon,Weekday,2017,02
13847,6726,Coffee,Afternoon,Weekday,2017,02
13848,6726,Coffee,Afternoon,Weekday,2017,02
13849,6726,Mineral water,Afternoon,Weekday,2017,02
13850,6726,Hot chocolate,Afternoon,Weekday,2017,02
13851,6726,Alfajores,Afternoon,Weekday,2017,02
13852,6727,Cake,Afternoon,Weekday,2017,02
13853,6727,Mineral water,Afternoon,Weekday,2017,02
13854,6727,Coffee,Afternoon,Weekday,2017,02
13855,6727,Sandwich,Afternoon,Weekday,2017,02
13856,6728,Coffee,Afternoon,Weekday,2017,02
13857,6728,Jammie Dodgers,Afternoon,Weekday,2017,02
13858,6729,Coffee,Afternoon,Weekday,2017,02
13859,6730,Bread,Afternoon,Weekday,2017,02
13860,6730,Bread,Afternoon,Weekday,2017,02
13861,6730,Coffee,Afternoon,Weekday,2017,02
13862,6730,Coffee,Afternoon,Weekday,2017,02
13863,6730,Tea,Afternoon,Weekday,2017,02
13864,6730,Brownie,Afternoon,Weekday,2017,02
13865,6730,Bread,Afternoon,Weekday,2017,02
13866,6730,Alfajores,Afternoon,Weekday,2017,02
13867,6731,Scone,Afternoon,Weekday,2017,02
13868,6731,Bread,Afternoon,Weekday,2017,02
13869,6731,Tea,Afternoon,Weekday,2017,02
13870,6731,Coffee,Afternoon,Weekday,2017,02
13871,6732,Cake,Afternoon,Weekday,2017,02
13872,6733,Cake,Evening,Weekday,2017,02
13873,6733,Bread,Evening,Weekday,2017,02
13874,6734,Muffin,Evening,Weekday,2017,02
13875,6734,Scone,Evening,Weekday,2017,02
13876,6734,Cake,Evening,Weekday,2017,02
13877,6734,Tea,Evening,Weekday,2017,02
13878,6734,Tea,Evening,Weekday,2017,02
13879,6734,Tea,Evening,Weekday,2017,02
13880,6735,Baguette,Morning,Weekend,2017,02
13881,6736,Bread,Morning,Weekend,2017,02
13882,6737,Bread,Morning,Weekend,2017,02
13883,6737,Pastry,Morning,Weekend,2017,02
13884,6739,Medialuna,Morning,Weekend,2017,02
13885,6739,Tea,Morning,Weekend,2017,02
13886,6740,Coffee,Morning,Weekend,2017,02
13887,6740,Tea,Morning,Weekend,2017,02
13888,6741,Bread,Morning,Weekend,2017,02
13889,6742,Scone,Morning,Weekend,2017,02
13890,6742,Fudge,Morning,Weekend,2017,02
13891,6743,Cake,Morning,Weekend,2017,02
13892,6743,Chocolates,Morning,Weekend,2017,02
13893,6744,Coffee,Morning,Weekend,2017,02
13894,6745,Bread,Morning,Weekend,2017,02
13895,6745,Pastry,Morning,Weekend,2017,02
13896,6746,Baguette,Morning,Weekend,2017,02
13897,6747,Bread,Morning,Weekend,2017,02
13898,6747,Sandwich,Morning,Weekend,2017,02
13899,6748,Sandwich,Morning,Weekend,2017,02
13900,6748,Tea,Morning,Weekend,2017,02
13901,6748,Coffee,Morning,Weekend,2017,02
13902,6749,Bread,Morning,Weekend,2017,02
13903,6749,Baguette,Morning,Weekend,2017,02
13904,6750,Medialuna,Morning,Weekend,2017,02
13905,6750,Medialuna,Morning,Weekend,2017,02
13906,6751,Scone,Morning,Weekend,2017,02
13907,6751,Bread,Morning,Weekend,2017,02
13908,6751,Nomad bag,Morning,Weekend,2017,02
13909,6751,Coffee,Morning,Weekend,2017,02
13910,6752,Coffee,Morning,Weekend,2017,02
13911,6753,Bread,Morning,Weekend,2017,02
13912,6754,Coffee,Morning,Weekend,2017,02
13913,6754,Coffee,Morning,Weekend,2017,02
13914,6754,Pastry,Morning,Weekend,2017,02
13915,6755,Bread,Morning,Weekend,2017,02
13916,6756,Scandinavian,Morning,Weekend,2017,02
13917,6756,Cake,Morning,Weekend,2017,02
13918,6756,Bread,Morning,Weekend,2017,02
13919,6756,Scandinavian,Morning,Weekend,2017,02
13920,6757,Bread,Morning,Weekend,2017,02
13921,6757,Bread,Morning,Weekend,2017,02
13922,6758,Bread,Morning,Weekend,2017,02
13923,6759,Coffee,Morning,Weekend,2017,02
13924,6760,Bread,Morning,Weekend,2017,02
13925,6760,Tea,Morning,Weekend,2017,02
13926,6761,Bread,Morning,Weekend,2017,02
13927,6761,Tea,Morning,Weekend,2017,02
13928,6762,Tea,Morning,Weekend,2017,02
13929,6763,Tea,Morning,Weekend,2017,02
13930,6764,Scandinavian,Morning,Weekend,2017,02
13931,6765,Coffee,Morning,Weekend,2017,02
13932,6766,Bread,Morning,Weekend,2017,02
13933,6767,Coffee,Morning,Weekend,2017,02
13934,6769,Coffee,Morning,Weekend,2017,02
13935,6769,Coffee,Morning,Weekend,2017,02
13936,6769,Juice,Morning,Weekend,2017,02
13937,6769,Spanish Brunch,Morning,Weekend,2017,02
13938,6769,Alfajores,Morning,Weekend,2017,02
13939,6770,Sandwich,Morning,Weekend,2017,02
13940,6771,Eggs,Morning,Weekend,2017,02
13941,6771,Juice,Morning,Weekend,2017,02
13942,6771,Coffee,Morning,Weekend,2017,02
13943,6771,Jammie Dodgers,Morning,Weekend,2017,02
13944,6772,Bread,Morning,Weekend,2017,02
13945,6773,Pastry,Morning,Weekend,2017,02
13946,6773,Pastry,Morning,Weekend,2017,02
13947,6773,Bread,Morning,Weekend,2017,02
13948,6774,Coffee,Morning,Weekend,2017,02
13949,6775,Coffee,Morning,Weekend,2017,02
13950,6775,Medialuna,Morning,Weekend,2017,02
13951,6775,Bread,Morning,Weekend,2017,02
13952,6775,Eggs,Morning,Weekend,2017,02
13953,6776,Bread,Morning,Weekend,2017,02
13954,6776,Bread,Morning,Weekend,2017,02
13955,6776,Pastry,Morning,Weekend,2017,02
13956,6777,Jam,Morning,Weekend,2017,02
13957,6778,Bread,Morning,Weekend,2017,02
13958,6778,Tea,Morning,Weekend,2017,02
13959,6778,Brownie,Morning,Weekend,2017,02
13960,6778,Jammie Dodgers,Morning,Weekend,2017,02
13961,6778,Spanish Brunch,Morning,Weekend,2017,02
13962,6778,Toast,Morning,Weekend,2017,02
13963,6778,Cake,Morning,Weekend,2017,02
13964,6779,Bread,Morning,Weekend,2017,02
13965,6779,Bread,Morning,Weekend,2017,02
13966,6779,Brownie,Morning,Weekend,2017,02
13967,6779,Pastry,Morning,Weekend,2017,02
13968,6780,Bread,Morning,Weekend,2017,02
13969,6781,Coffee,Morning,Weekend,2017,02
13970,6782,Coffee,Morning,Weekend,2017,02
13971,6782,Coffee,Morning,Weekend,2017,02
13972,6783,Bread,Morning,Weekend,2017,02
13973,6783,Scandinavian,Morning,Weekend,2017,02
13974,6784,Bread,Morning,Weekend,2017,02
13975,6784,Coffee,Morning,Weekend,2017,02
13976,6784,Coffee,Morning,Weekend,2017,02
13977,6785,Farm House,Morning,Weekend,2017,02
13978,6785,Bread,Morning,Weekend,2017,02
13979,6785,Coffee,Morning,Weekend,2017,02
13980,6785,Toast,Morning,Weekend,2017,02
13981,6786,Afternoon with the baker,Afternoon,Weekend,2017,02
13982,6787,Coffee,Afternoon,Weekend,2017,02
13983,6787,Coffee,Afternoon,Weekend,2017,02
13984,6787,Jammie Dodgers,Afternoon,Weekend,2017,02
13985,6787,Alfajores,Afternoon,Weekend,2017,02
13986,6787,Juice,Afternoon,Weekend,2017,02
13987,6788,Hot chocolate,Afternoon,Weekend,2017,02
13988,6788,Bread,Afternoon,Weekend,2017,02
13989,6789,Coffee,Afternoon,Weekend,2017,02
13990,6789,Spanish Brunch,Afternoon,Weekend,2017,02
13991,6789,Coffee,Afternoon,Weekend,2017,02
13992,6789,Toast,Afternoon,Weekend,2017,02
13993,6789,Sandwich,Afternoon,Weekend,2017,02
13994,6789,Bread,Afternoon,Weekend,2017,02
13995,6790,Coffee,Afternoon,Weekend,2017,02
13996,6790,Coffee,Afternoon,Weekend,2017,02
13997,6791,Bread,Afternoon,Weekend,2017,02
13998,6791,Coffee,Afternoon,Weekend,2017,02
13999,6791,Jammie Dodgers,Afternoon,Weekend,2017,02
14000,6791,Alfajores,Afternoon,Weekend,2017,02
14001,6792,Bread,Afternoon,Weekend,2017,02
14002,6792,Scone,Afternoon,Weekend,2017,02
14003,6794,Sandwich,Afternoon,Weekend,2017,02
14004,6795,Coffee,Afternoon,Weekend,2017,02
14005,6795,Coffee,Afternoon,Weekend,2017,02
14006,6795,Brownie,Afternoon,Weekend,2017,02
14007,6795,Sandwich,Afternoon,Weekend,2017,02
14008,6796,Hot chocolate,Afternoon,Weekend,2017,02
14009,6797,Smoothies,Afternoon,Weekend,2017,02
14010,6797,Tea,Afternoon,Weekend,2017,02
14011,6797,Chicken Stew,Afternoon,Weekend,2017,02
14012,6797,Spanish Brunch,Afternoon,Weekend,2017,02
14013,6797,Farm House,Afternoon,Weekend,2017,02
14014,6797,Cake,Afternoon,Weekend,2017,02
14015,6798,Coffee,Afternoon,Weekend,2017,02
14016,6799,Chicken Stew,Afternoon,Weekend,2017,02
14017,6799,Coffee,Afternoon,Weekend,2017,02
14018,6799,Bread,Afternoon,Weekend,2017,02
14019,6800,Juice,Afternoon,Weekend,2017,02
14020,6800,Coffee,Afternoon,Weekend,2017,02
14021,6800,Coffee,Afternoon,Weekend,2017,02
14022,6800,Chicken Stew,Afternoon,Weekend,2017,02
14023,6800,Granola,Afternoon,Weekend,2017,02
14024,6801,Jam,Afternoon,Weekend,2017,02
14025,6802,Chicken Stew,Afternoon,Weekend,2017,02
14026,6803,Spanish Brunch,Afternoon,Weekend,2017,02
14027,6803,Coffee,Afternoon,Weekend,2017,02
14028,6804,Coffee,Afternoon,Weekend,2017,02
14029,6804,Sandwich,Afternoon,Weekend,2017,02
14030,6805,Coffee,Afternoon,Weekend,2017,02
14031,6805,Juice,Afternoon,Weekend,2017,02
14032,6805,Toast,Afternoon,Weekend,2017,02
14033,6806,Sandwich,Afternoon,Weekend,2017,02
14034,6806,Sandwich,Afternoon,Weekend,2017,02
14035,6806,Coffee,Afternoon,Weekend,2017,02
14036,6806,Coffee,Afternoon,Weekend,2017,02
14037,6806,Pastry,Afternoon,Weekend,2017,02
14038,6806,Scandinavian,Afternoon,Weekend,2017,02
14039,6807,Eggs,Afternoon,Weekend,2017,02
14040,6808,Coffee,Afternoon,Weekend,2017,02
14041,6808,Cake,Afternoon,Weekend,2017,02
14042,6809,Coffee,Afternoon,Weekend,2017,02
14043,6810,Cake,Afternoon,Weekend,2017,02
14044,6810,Scone,Afternoon,Weekend,2017,02
14045,6810,Chicken Stew,Afternoon,Weekend,2017,02
14046,6810,Soup,Afternoon,Weekend,2017,02
14047,6811,Spanish Brunch,Afternoon,Weekend,2017,02
14048,6811,Extra Salami or Feta,Afternoon,Weekend,2017,02
14049,6811,Truffles,Afternoon,Weekend,2017,02
14050,6811,Coke,Afternoon,Weekend,2017,02
14051,6811,Brownie,Afternoon,Weekend,2017,02
14052,6812,Farm House,Afternoon,Weekend,2017,02
14053,6813,Scandinavian,Afternoon,Weekend,2017,02
14054,6813,Scone,Afternoon,Weekend,2017,02
14055,6814,Sandwich,Afternoon,Weekend,2017,02
14056,6814,Bread,Afternoon,Weekend,2017,02
14057,6814,Bread,Afternoon,Weekend,2017,02
14058,6814,Muffin,Afternoon,Weekend,2017,02
14059,6815,Bread,Afternoon,Weekend,2017,02
14060,6816,Bread,Afternoon,Weekend,2017,02
14061,6816,Brownie,Afternoon,Weekend,2017,02
14062,6818,Soup,Afternoon,Weekend,2017,02
14063,6818,Soup,Afternoon,Weekend,2017,02
14064,6818,Coffee,Afternoon,Weekend,2017,02
14065,6818,Coffee,Afternoon,Weekend,2017,02
14066,6819,Chicken Stew,Afternoon,Weekend,2017,02
14067,6819,Sandwich,Afternoon,Weekend,2017,02
14068,6819,Tea,Afternoon,Weekend,2017,02
14069,6819,Cake,Afternoon,Weekend,2017,02
14070,6820,Spanish Brunch,Afternoon,Weekend,2017,02
14071,6820,Chicken Stew,Afternoon,Weekend,2017,02
14072,6820,Sandwich,Afternoon,Weekend,2017,02
14073,6820,Coffee,Afternoon,Weekend,2017,02
14074,6820,Coffee,Afternoon,Weekend,2017,02
14075,6820,Juice,Afternoon,Weekend,2017,02
14076,6821,Coffee,Afternoon,Weekend,2017,02
14077,6822,Scandinavian,Afternoon,Weekend,2017,02
14078,6823,Scone,Afternoon,Weekend,2017,02
14079,6824,Hot chocolate,Afternoon,Weekend,2017,02
14080,6824,Coffee,Afternoon,Weekend,2017,02
14081,6824,Mineral water,Afternoon,Weekend,2017,02
14082,6824,Tiffin,Afternoon,Weekend,2017,02
14083,6824,Cake,Afternoon,Weekend,2017,02
14084,6825,Muffin,Afternoon,Weekend,2017,02
14085,6825,Alfajores,Afternoon,Weekend,2017,02
14086,6826,Bread,Afternoon,Weekend,2017,02
14087,6826,Bread,Afternoon,Weekend,2017,02
14088,6827,Bread,Afternoon,Weekend,2017,02
14089,6827,Bread,Afternoon,Weekend,2017,02
14090,6827,Jammie Dodgers,Afternoon,Weekend,2017,02
14091,6827,Alfajores,Afternoon,Weekend,2017,02
14092,6828,Cake,Afternoon,Weekend,2017,02
14093,6828,Coffee,Afternoon,Weekend,2017,02
14094,6828,Tea,Afternoon,Weekend,2017,02
14095,6829,Coffee,Afternoon,Weekend,2017,02
14096,6829,Coffee,Afternoon,Weekend,2017,02
14097,6829,Coke,Afternoon,Weekend,2017,02
14098,6829,Brownie,Afternoon,Weekend,2017,02
14099,6829,Cake,Afternoon,Weekend,2017,02
14100,6829,Muffin,Afternoon,Weekend,2017,02
14101,6830,Bread,Afternoon,Weekend,2017,02
14102,6830,Tiffin,Afternoon,Weekend,2017,02
14103,6830,Cookies,Afternoon,Weekend,2017,02
14104,6830,Toast,Afternoon,Weekend,2017,02
14105,6831,Coffee,Evening,Weekend,2017,02
14106,6831,Coffee,Evening,Weekend,2017,02
14107,6832,Cake,Morning,Weekend,2017,02
14108,6832,Cake,Morning,Weekend,2017,02
14109,6833,Coffee,Morning,Weekend,2017,02
14110,6833,Bread,Morning,Weekend,2017,02
14111,6834,Juice,Morning,Weekend,2017,02
14112,6834,Hot chocolate,Morning,Weekend,2017,02
14113,6834,Alfajores,Morning,Weekend,2017,02
14114,6834,Brownie,Morning,Weekend,2017,02
14115,6834,Vegan mincepie,Morning,Weekend,2017,02
14116,6834,Vegan mincepie,Morning,Weekend,2017,02
14117,6835,Pastry,Morning,Weekend,2017,02
14118,6835,Medialuna,Morning,Weekend,2017,02
14119,6835,Medialuna,Morning,Weekend,2017,02
14120,6836,Bread,Morning,Weekend,2017,02
14121,6836,Tiffin,Morning,Weekend,2017,02
14122,6836,Cookies,Morning,Weekend,2017,02
14123,6836,Toast,Morning,Weekend,2017,02
14124,6837,Coffee,Morning,Weekend,2017,02
14125,6837,Coffee,Morning,Weekend,2017,02
14126,6838,Smoothies,Morning,Weekend,2017,02
14127,6838,Coffee,Morning,Weekend,2017,02
14128,6838,Bread,Morning,Weekend,2017,02
14129,6838,Spanish Brunch,Morning,Weekend,2017,02
14130,6838,Bread,Morning,Weekend,2017,02
14131,6839,Cake,Morning,Weekend,2017,02
14132,6840,Coffee,Morning,Weekend,2017,02
14133,6840,Coffee,Morning,Weekend,2017,02
14134,6840,Smoothies,Morning,Weekend,2017,02
14135,6840,Juice,Morning,Weekend,2017,02
14136,6840,Granola,Morning,Weekend,2017,02
14137,6841,Coffee,Morning,Weekend,2017,02
14138,6841,Coffee,Morning,Weekend,2017,02
14139,6841,Cake,Morning,Weekend,2017,02
14140,6841,Pastry,Morning,Weekend,2017,02
14141,6842,Hot chocolate,Morning,Weekend,2017,02
14142,6842,Hot chocolate,Morning,Weekend,2017,02
14143,6842,Coffee,Morning,Weekend,2017,02
14144,6842,Bread,Morning,Weekend,2017,02
14145,6842,Bread,Morning,Weekend,2017,02
14146,6843,Bread,Morning,Weekend,2017,02
14147,6844,Hot chocolate,Morning,Weekend,2017,02
14148,6844,Brownie,Morning,Weekend,2017,02
14149,6845,Coffee,Morning,Weekend,2017,02
14150,6845,Cake,Morning,Weekend,2017,02
14151,6846,Coffee,Morning,Weekend,2017,02
14152,6846,Smoothies,Morning,Weekend,2017,02
14153,6846,Alfajores,Morning,Weekend,2017,02
14154,6846,Alfajores,Morning,Weekend,2017,02
14155,6847,Juice,Morning,Weekend,2017,02
14156,6847,Coffee,Morning,Weekend,2017,02
14157,6848,Spanish Brunch,Morning,Weekend,2017,02
14158,6848,Coffee,Morning,Weekend,2017,02
14159,6848,Tea,Morning,Weekend,2017,02
14160,6848,Juice,Morning,Weekend,2017,02
14161,6849,Coffee,Morning,Weekend,2017,02
14162,6849,Coffee,Morning,Weekend,2017,02
14163,6849,Tiffin,Morning,Weekend,2017,02
14164,6849,Medialuna,Morning,Weekend,2017,02
14165,6849,Brownie,Morning,Weekend,2017,02
14166,6849,Mineral water,Morning,Weekend,2017,02
14167,6850,Coffee,Morning,Weekend,2017,02
14168,6850,Coffee,Morning,Weekend,2017,02
14169,6850,Coffee,Morning,Weekend,2017,02
14170,6850,Coffee,Morning,Weekend,2017,02
14171,6850,Toast,Morning,Weekend,2017,02
14172,6851,Bread,Morning,Weekend,2017,02
14173,6851,Coffee,Morning,Weekend,2017,02
14174,6851,Medialuna,Morning,Weekend,2017,02
14175,6851,Spanish Brunch,Morning,Weekend,2017,02
14176,6851,Medialuna,Morning,Weekend,2017,02
14177,6852,Bread,Afternoon,Weekend,2017,02
14178,6852,Tea,Afternoon,Weekend,2017,02
14179,6852,Cake,Afternoon,Weekend,2017,02
14180,6853,Coffee,Afternoon,Weekend,2017,02
14181,6853,Coffee,Afternoon,Weekend,2017,02
14182,6853,Scone,Afternoon,Weekend,2017,02
14183,6854,Coffee,Afternoon,Weekend,2017,02
14184,6854,Tea,Afternoon,Weekend,2017,02
14185,6854,Medialuna,Afternoon,Weekend,2017,02
14186,6854,Toast,Afternoon,Weekend,2017,02
14187,6854,Farm House,Afternoon,Weekend,2017,02
14188,6855,Tea,Afternoon,Weekend,2017,02
14189,6855,Tea,Afternoon,Weekend,2017,02
14190,6855,Cake,Afternoon,Weekend,2017,02
14191,6855,Spanish Brunch,Afternoon,Weekend,2017,02
14192,6855,Duck egg,Afternoon,Weekend,2017,02
14193,6855,Jam,Afternoon,Weekend,2017,02
14194,6856,Bread,Afternoon,Weekend,2017,02
14195,6856,Bread,Afternoon,Weekend,2017,02
14196,6857,Coffee,Afternoon,Weekend,2017,02
14197,6857,Coffee,Afternoon,Weekend,2017,02
14198,6857,Pastry,Afternoon,Weekend,2017,02
14199,6858,Coffee,Afternoon,Weekend,2017,02
14200,6858,Tea,Afternoon,Weekend,2017,02
14201,6858,Spanish Brunch,Afternoon,Weekend,2017,02
14202,6858,Alfajores,Afternoon,Weekend,2017,02
14203,6858,Cake,Afternoon,Weekend,2017,02
14204,6859,Bread,Afternoon,Weekend,2017,02
14205,6859,Coffee,Afternoon,Weekend,2017,02
14206,6859,Tea,Afternoon,Weekend,2017,02
14207,6859,Toast,Afternoon,Weekend,2017,02
14208,6860,Farm House,Afternoon,Weekend,2017,02
14209,6860,Cake,Afternoon,Weekend,2017,02
14210,6861,Tea,Afternoon,Weekend,2017,02
14211,6861,Pastry,Afternoon,Weekend,2017,02
14212,6861,Scone,Afternoon,Weekend,2017,02
14213,6861,Tiffin,Afternoon,Weekend,2017,02
14214,6862,Tiffin,Afternoon,Weekend,2017,02
14215,6862,Bread,Afternoon,Weekend,2017,02
14216,6863,Bread,Afternoon,Weekend,2017,02
14217,6863,Bread,Afternoon,Weekend,2017,02
14218,6863,Coffee,Afternoon,Weekend,2017,02
14219,6863,Cake,Afternoon,Weekend,2017,02
14220,6863,Alfajores,Afternoon,Weekend,2017,02
14221,6864,Tiffin,Afternoon,Weekend,2017,02
14222,6864,Farm House,Afternoon,Weekend,2017,02
14223,6865,Coffee,Afternoon,Weekend,2017,02
14224,6865,Spanish Brunch,Afternoon,Weekend,2017,02
14225,6866,Alfajores,Afternoon,Weekend,2017,02
14226,6867,Coffee,Afternoon,Weekend,2017,02
14227,6867,Bread,Afternoon,Weekend,2017,02
14228,6868,Coffee,Afternoon,Weekend,2017,02
14229,6869,Coffee,Afternoon,Weekend,2017,02
14230,6869,Coffee,Afternoon,Weekend,2017,02
14231,6869,Sandwich,Afternoon,Weekend,2017,02
14232,6869,Sandwich,Afternoon,Weekend,2017,02
14233,6869,Alfajores,Afternoon,Weekend,2017,02
14234,6869,Alfajores,Afternoon,Weekend,2017,02
14235,6870,Scone,Afternoon,Weekend,2017,02
14236,6870,Coffee,Afternoon,Weekend,2017,02
14237,6870,Coffee,Afternoon,Weekend,2017,02
14238,6871,Bread,Afternoon,Weekend,2017,02
14239,6871,Bread,Afternoon,Weekend,2017,02
14240,6871,Scone,Afternoon,Weekend,2017,02
14241,6871,Sandwich,Afternoon,Weekend,2017,02
14242,6871,Alfajores,Afternoon,Weekend,2017,02
14243,6872,Coffee,Afternoon,Weekend,2017,02
14244,6872,Coffee,Afternoon,Weekend,2017,02
14245,6873,Coffee,Afternoon,Weekend,2017,02
14246,6873,Spanish Brunch,Afternoon,Weekend,2017,02
14247,6873,Baguette,Afternoon,Weekend,2017,02
14248,6874,Coffee,Afternoon,Weekend,2017,02
14249,6875,Cake,Afternoon,Weekend,2017,02
14250,6876,Coffee,Afternoon,Weekend,2017,02
14251,6876,Cake,Afternoon,Weekend,2017,02
14252,6877,Bread,Afternoon,Weekend,2017,02
14253,6878,Sandwich,Afternoon,Weekend,2017,02
14254,6878,Coke,Afternoon,Weekend,2017,02
14255,6878,Bread,Afternoon,Weekend,2017,02
14256,6878,Cake,Afternoon,Weekend,2017,02
14257,6879,Coffee,Afternoon,Weekend,2017,02
14258,6879,Cake,Afternoon,Weekend,2017,02
14259,6879,Bread,Afternoon,Weekend,2017,02
14260,6879,Cookies,Afternoon,Weekend,2017,02
14261,6880,The Nomad,Afternoon,Weekend,2017,02
14262,6881,Tea,Afternoon,Weekend,2017,02
14263,6881,Bread,Afternoon,Weekend,2017,02
14264,6881,Alfajores,Afternoon,Weekend,2017,02
14265,6882,Cake,Afternoon,Weekend,2017,02
14266,6882,Cake,Afternoon,Weekend,2017,02
14267,6882,Coffee granules ,Afternoon,Weekend,2017,02
14268,6883,Coffee,Afternoon,Weekend,2017,02
14269,6883,Salad,Afternoon,Weekend,2017,02
14270,6883,Cake,Afternoon,Weekend,2017,02
14271,6883,Extra Salami or Feta,Afternoon,Weekend,2017,02
14272,6883,Cake,Afternoon,Weekend,2017,02
14273,6883,Tea,Afternoon,Weekend,2017,02
14274,6884,Coffee,Afternoon,Weekend,2017,02
14275,6885,Coffee,Afternoon,Weekend,2017,02
14276,6885,Tea,Afternoon,Weekend,2017,02
14277,6885,Medialuna,Afternoon,Weekend,2017,02
14278,6885,Brownie,Afternoon,Weekend,2017,02
14279,6885,Juice,Afternoon,Weekend,2017,02
14280,6886,Baguette,Afternoon,Weekend,2017,02
14281,6887,Coffee,Afternoon,Weekend,2017,02
14282,6887,Coffee,Afternoon,Weekend,2017,02
14283,6887,Coffee,Afternoon,Weekend,2017,02
14284,6887,Coffee,Afternoon,Weekend,2017,02
14285,6887,Cake,Afternoon,Weekend,2017,02
14286,6888,Afternoon with the baker,Evening,Weekend,2017,02
14287,6889,Afternoon with the baker,Evening,Weekend,2017,02
14288,6890,Bread,Morning,Weekday,2017,02
14289,6890,Brownie,Morning,Weekday,2017,02
14290,6891,Coffee,Morning,Weekday,2017,02
14291,6892,The Nomad,Morning,Weekday,2017,02
14292,6892,Coffee,Morning,Weekday,2017,02
14293,6893,Coffee,Morning,Weekday,2017,02
14294,6894,Coffee,Morning,Weekday,2017,02
14295,6894,Scone,Morning,Weekday,2017,02
14296,6895,Coffee,Morning,Weekday,2017,02
14297,6895,Medialuna,Morning,Weekday,2017,02
14298,6896,Bread,Morning,Weekday,2017,02
14299,6897,Fudge,Morning,Weekday,2017,02
14300,6897,Fudge,Morning,Weekday,2017,02
14301,6898,Coffee,Morning,Weekday,2017,02
14302,6898,Bread,Morning,Weekday,2017,02
14303,6899,Coffee,Morning,Weekday,2017,02
14304,6899,Juice,Morning,Weekday,2017,02
14305,6899,Bread,Morning,Weekday,2017,02
14306,6900,Alfajores,Morning,Weekday,2017,02
14307,6900,Bread,Morning,Weekday,2017,02
14308,6900,Coffee,Morning,Weekday,2017,02
14309,6900,Coffee,Morning,Weekday,2017,02
14310,6901,Coffee,Morning,Weekday,2017,02
14311,6902,Coffee,Morning,Weekday,2017,02
14312,6903,Coffee,Morning,Weekday,2017,02
14313,6903,Medialuna,Morning,Weekday,2017,02
14314,6904,Pastry,Morning,Weekday,2017,02
14315,6905,Scone,Morning,Weekday,2017,02
14316,6905,Cookies,Morning,Weekday,2017,02
14317,6905,Hot chocolate,Morning,Weekday,2017,02
14318,6905,Coffee,Morning,Weekday,2017,02
14319,6906,Bread,Morning,Weekday,2017,02
14320,6907,Salad,Morning,Weekday,2017,02
14321,6908,Coffee,Morning,Weekday,2017,02
14322,6908,Tea,Morning,Weekday,2017,02
14323,6908,Coffee,Morning,Weekday,2017,02
14324,6908,Pastry,Morning,Weekday,2017,02
14325,6909,Bread,Afternoon,Weekday,2017,02
14326,6910,Bread,Afternoon,Weekday,2017,02
14327,6911,Bread,Afternoon,Weekday,2017,02
14328,6912,Scone,Afternoon,Weekday,2017,02
14329,6913,Sandwich,Afternoon,Weekday,2017,02
14330,6913,Sandwich,Afternoon,Weekday,2017,02
14331,6913,Coffee,Afternoon,Weekday,2017,02
14332,6913,Coffee,Afternoon,Weekday,2017,02
14333,6914,Bread,Afternoon,Weekday,2017,02
14334,6915,Coffee,Afternoon,Weekday,2017,02
14335,6915,Coffee,Afternoon,Weekday,2017,02
14336,6916,Juice,Afternoon,Weekday,2017,02
14337,6916,Sandwich,Afternoon,Weekday,2017,02
14338,6916,Spanish Brunch,Afternoon,Weekday,2017,02
14339,6916,Tea,Afternoon,Weekday,2017,02
14340,6916,Alfajores,Afternoon,Weekday,2017,02
14341,6916,Scone,Afternoon,Weekday,2017,02
14342,6917,Bread,Afternoon,Weekday,2017,02
14343,6918,Hot chocolate,Afternoon,Weekday,2017,02
14344,6919,Sandwich,Afternoon,Weekday,2017,02
14345,6920,Coffee,Afternoon,Weekday,2017,02
14346,6920,Cake,Afternoon,Weekday,2017,02
14347,6921,Alfajores,Afternoon,Weekday,2017,02
14348,6921,Brownie,Afternoon,Weekday,2017,02
14349,6921,Bread,Afternoon,Weekday,2017,02
14350,6921,Bread,Afternoon,Weekday,2017,02
14351,6922,Coffee,Afternoon,Weekday,2017,02
14352,6922,Bread,Afternoon,Weekday,2017,02
14353,6923,Smoothies,Afternoon,Weekday,2017,02
14354,6923,Coffee,Afternoon,Weekday,2017,02
14355,6923,Bread,Afternoon,Weekday,2017,02
14356,6923,Cookies,Afternoon,Weekday,2017,02
14357,6924,Toast,Afternoon,Weekday,2017,02
14358,6924,Spanish Brunch,Afternoon,Weekday,2017,02
14359,6924,Coke,Afternoon,Weekday,2017,02
14360,6924,Tea,Afternoon,Weekday,2017,02
14361,6924,Coffee,Afternoon,Weekday,2017,02
14362,6925,Bread,Afternoon,Weekday,2017,02
14363,6925,Bread,Afternoon,Weekday,2017,02
14364,6925,Scone,Afternoon,Weekday,2017,02
14365,6925,Sandwich,Afternoon,Weekday,2017,02
14366,6925,The Nomad,Afternoon,Weekday,2017,02
14367,6926,Coffee,Afternoon,Weekday,2017,02
14368,6926,Bread,Afternoon,Weekday,2017,02
14369,6927,Coffee,Afternoon,Weekday,2017,02
14370,6927,Cookies,Afternoon,Weekday,2017,02
14371,6928,Pastry,Afternoon,Weekday,2017,02
14372,6928,Jammie Dodgers,Afternoon,Weekday,2017,02
14373,6929,Medialuna,Afternoon,Weekday,2017,02
14374,6929,Coffee,Afternoon,Weekday,2017,02
14375,6929,Hot chocolate,Afternoon,Weekday,2017,02
14376,6930,Tea,Afternoon,Weekday,2017,02
14377,6930,Bread,Afternoon,Weekday,2017,02
14378,6931,Truffles,Afternoon,Weekday,2017,02
14379,6932,Juice,Afternoon,Weekday,2017,02
14380,6932,Tea,Afternoon,Weekday,2017,02
14381,6932,Cake,Afternoon,Weekday,2017,02
14382,6933,Bread,Afternoon,Weekday,2017,02
14383,6933,Tea,Afternoon,Weekday,2017,02
14384,6934,Coffee,Afternoon,Weekday,2017,02
14385,6934,Cake,Afternoon,Weekday,2017,02
14386,6935,Juice,Afternoon,Weekday,2017,02
14387,6936,Bread,Afternoon,Weekday,2017,02
14388,6936,Bread,Afternoon,Weekday,2017,02
14389,6936,Bread,Afternoon,Weekday,2017,02
14390,6936,Coffee,Afternoon,Weekday,2017,02
14391,6937,Coffee,Afternoon,Weekday,2017,02
14392,6937,Medialuna,Afternoon,Weekday,2017,02
14393,6938,Coffee,Afternoon,Weekday,2017,02
14394,6938,Bread,Afternoon,Weekday,2017,02
14395,6939,Alfajores,Afternoon,Weekday,2017,02
14396,6939,Bread,Afternoon,Weekday,2017,02
14397,6940,Cookies,Afternoon,Weekday,2017,02
14398,6940,Alfajores,Afternoon,Weekday,2017,02
14399,6940,Pastry,Afternoon,Weekday,2017,02
14400,6940,Medialuna,Afternoon,Weekday,2017,02
14401,6941,Eggs,Afternoon,Weekday,2017,02
14402,6942,Coffee,Morning,Weekday,2017,02
14403,6942,Toast,Morning,Weekday,2017,02
14404,6943,Coffee,Morning,Weekday,2017,02
14405,6944,Bread,Morning,Weekday,2017,02
14406,6945,Bread,Morning,Weekday,2017,02
14407,6945,Coffee,Morning,Weekday,2017,02
14408,6945,Pastry,Morning,Weekday,2017,02
14409,6946,Farm House,Morning,Weekday,2017,02
14410,6947,Tea,Morning,Weekday,2017,02
14411,6948,Coffee,Morning,Weekday,2017,02
14412,6950,Coffee,Morning,Weekday,2017,02
14413,6950,Bread,Morning,Weekday,2017,02
14414,6950,Pastry,Morning,Weekday,2017,02
14415,6951,Jam,Morning,Weekday,2017,02
14416,6951,Coffee,Morning,Weekday,2017,02
14417,6951,Bread,Morning,Weekday,2017,02
14418,6951,Scone,Morning,Weekday,2017,02
14419,6952,Tea,Morning,Weekday,2017,02
14420,6952,Scone,Morning,Weekday,2017,02
14421,6953,Coffee,Afternoon,Weekday,2017,02
14422,6954,Tea,Afternoon,Weekday,2017,02
14423,6955,Bread,Afternoon,Weekday,2017,02
14424,6955,Coffee,Afternoon,Weekday,2017,02
14425,6956,Baguette,Afternoon,Weekday,2017,02
14426,6957,Coffee,Afternoon,Weekday,2017,02
14427,6958,Coffee,Afternoon,Weekday,2017,02
14428,6958,Coffee,Afternoon,Weekday,2017,02
14429,6958,Bread,Afternoon,Weekday,2017,02
14430,6958,Pastry,Afternoon,Weekday,2017,02
14431,6959,Bread,Afternoon,Weekday,2017,02
14432,6960,Bread,Afternoon,Weekday,2017,02
14433,6960,Coffee,Afternoon,Weekday,2017,02
14434,6960,Coffee,Afternoon,Weekday,2017,02
14435,6961,Tea,Afternoon,Weekday,2017,02
14436,6961,Scone,Afternoon,Weekday,2017,02
14437,6962,Coffee,Afternoon,Weekday,2017,02
14438,6963,Sandwich,Afternoon,Weekday,2017,02
14439,6963,Tea,Afternoon,Weekday,2017,02
14440,6964,Bread,Afternoon,Weekday,2017,02
14441,6965,Coffee,Afternoon,Weekday,2017,02
14442,6965,Coffee,Afternoon,Weekday,2017,02
14443,6965,Tea,Afternoon,Weekday,2017,02
14444,6965,Medialuna,Afternoon,Weekday,2017,02
14445,6966,Tea,Afternoon,Weekday,2017,02
14446,6966,Tea,Afternoon,Weekday,2017,02
14447,6966,Coffee,Afternoon,Weekday,2017,02
14448,6966,Coffee,Afternoon,Weekday,2017,02
14449,6966,Sandwich,Afternoon,Weekday,2017,02
14450,6967,Bread,Afternoon,Weekday,2017,02
14451,6968,Coffee,Afternoon,Weekday,2017,02
14452,6968,Pastry,Afternoon,Weekday,2017,02
14453,6969,Cake,Afternoon,Weekday,2017,02
14454,6970,Coffee,Afternoon,Weekday,2017,02
14455,6970,Coffee,Afternoon,Weekday,2017,02
14456,6970,Salad,Afternoon,Weekday,2017,02
14457,6971,Bread,Afternoon,Weekday,2017,02
14458,6972,Bread,Afternoon,Weekday,2017,02
14459,6973,Jam,Afternoon,Weekday,2017,02
14460,6974,Coffee,Afternoon,Weekday,2017,02
14461,6974,Cake,Afternoon,Weekday,2017,02
14462,6974,Toast,Afternoon,Weekday,2017,02
14463,6975,Coffee,Afternoon,Weekday,2017,02
14464,6975,Toast,Afternoon,Weekday,2017,02
14465,6976,Cake,Afternoon,Weekday,2017,02
14466,6976,Tea,Afternoon,Weekday,2017,02
14467,6977,Truffles,Afternoon,Weekday,2017,02
14468,6977,Alfajores,Afternoon,Weekday,2017,02
14469,6977,Soup,Afternoon,Weekday,2017,02
14470,6978,Cake,Afternoon,Weekday,2017,02
14471,6978,Alfajores,Afternoon,Weekday,2017,02
14472,6979,Coffee,Afternoon,Weekday,2017,02
14473,6979,Cookies,Afternoon,Weekday,2017,02
14474,6979,Mineral water,Afternoon,Weekday,2017,02
14475,6979,Tea,Afternoon,Weekday,2017,02
14476,6979,Alfajores,Afternoon,Weekday,2017,02
14477,6980,Coffee,Afternoon,Weekday,2017,02
14478,6980,Toast,Afternoon,Weekday,2017,02
14479,6980,Coffee,Afternoon,Weekday,2017,02
14480,6980,Cookies,Afternoon,Weekday,2017,02
14481,6981,Coffee,Afternoon,Weekday,2017,02
14482,6981,Tea,Afternoon,Weekday,2017,02
14483,6981,Scone,Afternoon,Weekday,2017,02
14484,6982,Cookies,Afternoon,Weekday,2017,02
14485,6983,Farm House,Afternoon,Weekday,2017,02
14486,6984,Tea,Evening,Weekday,2017,02
14487,6984,Chicken Stew,Evening,Weekday,2017,02
14488,6985,Coffee,Evening,Weekday,2017,02
14489,6985,Cookies,Evening,Weekday,2017,02
14490,6986,Bread,Morning,Weekday,2017,02
14491,6987,Bread,Morning,Weekday,2017,02
14492,6988,Coffee,Morning,Weekday,2017,02
14493,6988,Pastry,Morning,Weekday,2017,02
14494,6988,Cake,Morning,Weekday,2017,02
14495,6989,Bread,Morning,Weekday,2017,02
14496,6990,Coffee,Morning,Weekday,2017,02
14497,6991,Alfajores,Morning,Weekday,2017,02
14498,6991,Alfajores,Morning,Weekday,2017,02
14499,6992,Alfajores,Morning,Weekday,2017,02
14500,6992,Alfajores,Morning,Weekday,2017,02
14501,6993,Coffee,Morning,Weekday,2017,02
14502,6993,Coffee,Morning,Weekday,2017,02
14503,6993,Pastry,Morning,Weekday,2017,02
14504,6994,Cake,Morning,Weekday,2017,02
14505,6994,Coffee,Morning,Weekday,2017,02
14506,6995,Coffee,Morning,Weekday,2017,02
14507,6996,Bread,Morning,Weekday,2017,02
14508,6996,Medialuna,Morning,Weekday,2017,02
14509,6997,Bread,Morning,Weekday,2017,02
14510,6997,Coffee,Morning,Weekday,2017,02
14511,6997,Hot chocolate,Morning,Weekday,2017,02
14512,6998,Coffee,Morning,Weekday,2017,02
14513,6998,Bread,Morning,Weekday,2017,02
14514,6998,Pastry,Morning,Weekday,2017,02
14515,6999,Toast,Morning,Weekday,2017,02
14516,7000,Coffee,Morning,Weekday,2017,02
14517,7001,Bread,Morning,Weekday,2017,02
14518,7001,Tea,Morning,Weekday,2017,02
14519,7001,Spanish Brunch,Morning,Weekday,2017,02
14520,7002,Coffee,Afternoon,Weekday,2017,02
14521,7002,Coffee,Afternoon,Weekday,2017,02
14522,7002,Pastry,Afternoon,Weekday,2017,02
14523,7002,Pastry,Afternoon,Weekday,2017,02
14524,7003,Coffee,Afternoon,Weekday,2017,02
14525,7003,Coffee,Afternoon,Weekday,2017,02
14526,7004,Farm House,Afternoon,Weekday,2017,02
14527,7005,Tea,Afternoon,Weekday,2017,02
14528,7005,Toast,Afternoon,Weekday,2017,02
14529,7006,Bread,Afternoon,Weekday,2017,02
14530,7007,Scone,Afternoon,Weekday,2017,02
14531,7007,Bread,Afternoon,Weekday,2017,02
14532,7007,Baguette,Afternoon,Weekday,2017,02
14533,7008,Sandwich,Afternoon,Weekday,2017,02
14534,7008,Bread,Afternoon,Weekday,2017,02
14535,7008,Alfajores,Afternoon,Weekday,2017,02
14536,7008,Fudge,Afternoon,Weekday,2017,02
14537,7009,Coffee,Afternoon,Weekday,2017,02
14538,7009,Sandwich,Afternoon,Weekday,2017,02
14539,7010,Tea,Afternoon,Weekday,2017,02
14540,7011,Coffee,Afternoon,Weekday,2017,02
14541,7011,Pastry,Afternoon,Weekday,2017,02
14542,7011,Bread,Afternoon,Weekday,2017,02
14543,7012,Truffles,Afternoon,Weekday,2017,02
14544,7012,Coffee,Afternoon,Weekday,2017,02
14545,7012,Sandwich,Afternoon,Weekday,2017,02
14546,7012,Sandwich,Afternoon,Weekday,2017,02
14547,7012,Salad,Afternoon,Weekday,2017,02
14548,7013,Coffee,Afternoon,Weekday,2017,02
14549,7014,Tea,Afternoon,Weekday,2017,02
14550,7014,Coke,Afternoon,Weekday,2017,02
14551,7014,Pastry,Afternoon,Weekday,2017,02
14552,7014,Brownie,Afternoon,Weekday,2017,02
14553,7014,Scone,Afternoon,Weekday,2017,02
14554,7014,Alfajores,Afternoon,Weekday,2017,02
14555,7015,Tea,Afternoon,Weekday,2017,02
14556,7015,Bread,Afternoon,Weekday,2017,02
14557,7016,Bread,Afternoon,Weekday,2017,02
14558,7016,Tea,Afternoon,Weekday,2017,02
14559,7017,Bread,Afternoon,Weekday,2017,02
14560,7018,Tea,Afternoon,Weekday,2017,02
14561,7018,Tea,Afternoon,Weekday,2017,02
14562,7018,Tea,Afternoon,Weekday,2017,02
14563,7018,Brownie,Afternoon,Weekday,2017,02
14564,7018,Bread,Afternoon,Weekday,2017,02
14565,7019,Bread,Afternoon,Weekday,2017,02
14566,7019,Bread,Afternoon,Weekday,2017,02
14567,7019,Chicken Stew,Afternoon,Weekday,2017,02
14568,7019,Sandwich,Afternoon,Weekday,2017,02
14569,7020,Coffee,Afternoon,Weekday,2017,02
14570,7021,Coffee,Afternoon,Weekday,2017,02
14571,7021,Sandwich,Afternoon,Weekday,2017,02
14572,7022,Bread,Afternoon,Weekday,2017,02
14573,7022,Scone,Afternoon,Weekday,2017,02
14574,7023,Soup,Afternoon,Weekday,2017,02
14575,7023,Sandwich,Afternoon,Weekday,2017,02
14576,7023,Coffee,Afternoon,Weekday,2017,02
14577,7023,Tea,Afternoon,Weekday,2017,02
14578,7023,Cake,Afternoon,Weekday,2017,02
14579,7024,Farm House,Afternoon,Weekday,2017,02
14580,7025,Scandinavian,Afternoon,Weekday,2017,02
14581,7026,Tea,Afternoon,Weekday,2017,02
14582,7026,Coffee,Afternoon,Weekday,2017,02
14583,7026,Scone,Afternoon,Weekday,2017,02
14584,7027,Smoothies,Afternoon,Weekday,2017,02
14585,7027,Coffee,Afternoon,Weekday,2017,02
14586,7027,Coffee,Afternoon,Weekday,2017,02
14587,7027,Cake,Afternoon,Weekday,2017,02
14588,7028,Coffee,Afternoon,Weekday,2017,02
14589,7028,Coffee,Afternoon,Weekday,2017,02
14590,7028,Coffee,Afternoon,Weekday,2017,02
14591,7028,Sandwich,Afternoon,Weekday,2017,02
14592,7028,Sandwich,Afternoon,Weekday,2017,02
14593,7029,Brownie,Afternoon,Weekday,2017,02
14594,7029,Farm House,Afternoon,Weekday,2017,02
14595,7030,Coffee,Afternoon,Weekday,2017,02
14596,7030,Cake,Afternoon,Weekday,2017,02
14597,7031,Alfajores,Evening,Weekday,2017,02
14598,7031,Cookies,Evening,Weekday,2017,02
14599,7031,Cake,Evening,Weekday,2017,02
14600,7031,Bread,Evening,Weekday,2017,02
14601,7032,Coffee,Evening,Weekday,2017,02
14602,7032,Juice,Evening,Weekday,2017,02
14603,7033,Bread,Morning,Weekday,2017,02
14604,7034,Bread,Morning,Weekday,2017,02
14605,7034,Brownie,Morning,Weekday,2017,02
14606,7034,Coffee,Morning,Weekday,2017,02
14607,7035,Cake,Morning,Weekday,2017,02
14608,7036,Brownie,Morning,Weekday,2017,02
14609,7036,Coffee,Morning,Weekday,2017,02
14610,7036,Coffee,Morning,Weekday,2017,02
14611,7036,Bread,Morning,Weekday,2017,02
14612,7037,Brownie,Morning,Weekday,2017,02
14613,7037,Coffee,Morning,Weekday,2017,02
14614,7038,Coffee,Morning,Weekday,2017,02
14615,7038,Bread,Morning,Weekday,2017,02
14616,7039,Hot chocolate,Morning,Weekday,2017,02
14617,7040,Coffee,Morning,Weekday,2017,02
14618,7040,Coffee,Morning,Weekday,2017,02
14619,7041,Coffee,Morning,Weekday,2017,02
14620,7041,Coffee,Morning,Weekday,2017,02
14621,7042,Medialuna,Morning,Weekday,2017,02
14622,7042,Bread,Morning,Weekday,2017,02
14623,7043,Hot chocolate,Morning,Weekday,2017,02
14624,7043,Coffee,Morning,Weekday,2017,02
14625,7043,Toast,Morning,Weekday,2017,02
14626,7043,Bread,Morning,Weekday,2017,02
14627,7044,Coffee,Morning,Weekday,2017,02
14628,7045,Coffee,Morning,Weekday,2017,02
14629,7045,Tiffin,Morning,Weekday,2017,02
14630,7046,Muffin,Morning,Weekday,2017,02
14631,7046,Cookies,Morning,Weekday,2017,02
14632,7046,Hot chocolate,Morning,Weekday,2017,02
14633,7046,Juice,Morning,Weekday,2017,02
14634,7047,Coffee,Morning,Weekday,2017,02
14635,7047,Juice,Morning,Weekday,2017,02
14636,7047,Cookies,Morning,Weekday,2017,02
14637,7047,Bread,Morning,Weekday,2017,02
14638,7048,Coffee,Morning,Weekday,2017,02
14639,7048,Coffee,Morning,Weekday,2017,02
14640,7048,Coffee,Morning,Weekday,2017,02
14641,7048,Toast,Morning,Weekday,2017,02
14642,7048,Sandwich,Morning,Weekday,2017,02
14643,7049,Baguette,Morning,Weekday,2017,02
14644,7050,Juice,Afternoon,Weekday,2017,02
14645,7050,Baguette,Afternoon,Weekday,2017,02
14646,7051,Chicken Stew,Afternoon,Weekday,2017,02
14647,7051,Coffee,Afternoon,Weekday,2017,02
14648,7052,Bread,Afternoon,Weekday,2017,02
14649,7053,Coffee,Afternoon,Weekday,2017,02
14650,7054,Sandwich,Afternoon,Weekday,2017,02
14651,7055,Cake,Afternoon,Weekday,2017,02
14652,7055,Brownie,Afternoon,Weekday,2017,02
14653,7055,Tea,Afternoon,Weekday,2017,02
14654,7055,Soup,Afternoon,Weekday,2017,02
14655,7056,Tea,Afternoon,Weekday,2017,02
14656,7056,Scone,Afternoon,Weekday,2017,02
14657,7057,Scone,Afternoon,Weekday,2017,02
14658,7057,Tea,Afternoon,Weekday,2017,02
14659,7058,Coffee,Afternoon,Weekday,2017,02
14660,7058,Tea,Afternoon,Weekday,2017,02
14661,7058,Cake,Afternoon,Weekday,2017,02
14662,7059,Chicken Stew,Afternoon,Weekday,2017,02
14663,7060,Coffee,Afternoon,Weekday,2017,02
14664,7060,Alfajores,Afternoon,Weekday,2017,02
14665,7061,Bread,Afternoon,Weekday,2017,02
14666,7062,Spanish Brunch,Afternoon,Weekday,2017,02
14667,7062,Coffee,Afternoon,Weekday,2017,02
14668,7063,Mineral water,Afternoon,Weekday,2017,02
14669,7063,Soup,Afternoon,Weekday,2017,02
14670,7063,Soup,Afternoon,Weekday,2017,02
14671,7064,Tiffin,Afternoon,Weekday,2017,02
14672,7064,Muffin,Afternoon,Weekday,2017,02
14673,7065,Coffee,Afternoon,Weekday,2017,02
14674,7066,Bread,Afternoon,Weekday,2017,02
14675,7067,Cake,Afternoon,Weekday,2017,02
14676,7067,Cookies,Afternoon,Weekday,2017,02
14677,7068,Tea,Afternoon,Weekday,2017,02
14678,7068,Spanish Brunch,Afternoon,Weekday,2017,02
14679,7069,Coffee,Afternoon,Weekday,2017,02
14680,7069,Hot chocolate,Afternoon,Weekday,2017,02
14681,7070,Coffee,Afternoon,Weekday,2017,02
14682,7070,Juice,Afternoon,Weekday,2017,02
14683,7070,Coffee,Afternoon,Weekday,2017,02
14684,7070,Jammie Dodgers,Afternoon,Weekday,2017,02
14685,7070,Muffin,Afternoon,Weekday,2017,02
14686,7070,Cake,Afternoon,Weekday,2017,02
14687,7070,Bread,Afternoon,Weekday,2017,02
14688,7071,Coffee,Afternoon,Weekday,2017,02
14689,7071,Tiffin,Afternoon,Weekday,2017,02
14690,7072,Hot chocolate,Afternoon,Weekday,2017,02
14691,7072,Hot chocolate,Afternoon,Weekday,2017,02
14692,7072,Coffee,Afternoon,Weekday,2017,02
14693,7072,Muffin,Afternoon,Weekday,2017,02
14694,7072,Tiffin,Afternoon,Weekday,2017,02
14695,7072,Alfajores,Afternoon,Weekday,2017,02
14696,7073,Bread,Afternoon,Weekday,2017,02
14697,7073,Bread,Afternoon,Weekday,2017,02
14698,7074,Tea,Afternoon,Weekday,2017,02
14699,7075,Coffee,Evening,Weekday,2017,02
14700,7075,Coffee,Evening,Weekday,2017,02
14701,7075,Tiffin,Evening,Weekday,2017,02
14702,7075,Muffin,Evening,Weekday,2017,02
14703,7075,Sandwich,Evening,Weekday,2017,02
14704,7075,Sandwich,Evening,Weekday,2017,02
14705,7076,Jam,Evening,Weekday,2017,02
14706,7077,Toast,Morning,Weekday,2017,02
14707,7078,Afternoon with the baker,Morning,Weekday,2017,02
14708,7078,Brownie,Morning,Weekday,2017,02
14709,7079,Coffee,Morning,Weekday,2017,02
14710,7079,Pastry,Morning,Weekday,2017,02
14711,7080,Bread,Morning,Weekday,2017,02
14712,7081,Bread,Morning,Weekday,2017,02
14713,7082,Baguette,Morning,Weekday,2017,02
14714,7083,Coffee,Morning,Weekday,2017,02
14715,7084,Coffee,Morning,Weekday,2017,02
14716,7084,Coffee,Morning,Weekday,2017,02
14717,7084,Juice,Morning,Weekday,2017,02
14718,7084,Scone,Morning,Weekday,2017,02
14719,7084,Cookies,Morning,Weekday,2017,02
14720,7085,Toast,Morning,Weekday,2017,02
14721,7085,Coffee,Morning,Weekday,2017,02
14722,7085,Coffee,Morning,Weekday,2017,02
14723,7085,Coffee,Morning,Weekday,2017,02
14724,7086,Coffee,Morning,Weekday,2017,02
14725,7086,Coffee,Morning,Weekday,2017,02
14726,7087,Tea,Morning,Weekday,2017,02
14727,7088,Tiffin,Morning,Weekday,2017,02
14728,7089,Tea,Morning,Weekday,2017,02
14729,7090,Coffee,Morning,Weekday,2017,02
14730,7090,Coffee,Morning,Weekday,2017,02
14731,7090,Coffee,Morning,Weekday,2017,02
14732,7091,Brownie,Morning,Weekday,2017,02
14733,7091,Cake,Morning,Weekday,2017,02
14734,7091,Tea,Morning,Weekday,2017,02
14735,7092,Coffee,Morning,Weekday,2017,02
14736,7092,Cookies,Morning,Weekday,2017,02
14737,7092,Bread,Morning,Weekday,2017,02
14738,7093,Pastry,Morning,Weekday,2017,02
14739,7094,Sandwich,Morning,Weekday,2017,02
14740,7094,Toast,Morning,Weekday,2017,02
14741,7094,Tea,Morning,Weekday,2017,02
14742,7094,Tea,Morning,Weekday,2017,02
14743,7095,Bread,Morning,Weekday,2017,02
14744,7095,Toast,Morning,Weekday,2017,02
14745,7096,Farm House,Morning,Weekday,2017,02
14746,7097,Coffee,Morning,Weekday,2017,02
14747,7097,Toast,Morning,Weekday,2017,02
14748,7098,Bread,Morning,Weekday,2017,02
14749,7098,Medialuna,Morning,Weekday,2017,02
14750,7099,Coffee,Morning,Weekday,2017,02
14751,7099,Alfajores,Morning,Weekday,2017,02
14752,7099,Muffin,Morning,Weekday,2017,02
14753,7099,Coffee,Morning,Weekday,2017,02
14754,7100,Bread,Afternoon,Weekday,2017,02
14755,7100,Coffee,Afternoon,Weekday,2017,02
14756,7101,Sandwich,Afternoon,Weekday,2017,02
14757,7101,Bread,Afternoon,Weekday,2017,02
14758,7102,Tea,Afternoon,Weekday,2017,02
14759,7103,Bread,Afternoon,Weekday,2017,02
14760,7104,Bread,Afternoon,Weekday,2017,02
14761,7105,Bread,Afternoon,Weekday,2017,02
14762,7105,Bread,Afternoon,Weekday,2017,02
14763,7105,Coffee,Afternoon,Weekday,2017,02
14764,7105,Coffee,Afternoon,Weekday,2017,02
14765,7105,Coffee,Afternoon,Weekday,2017,02
14766,7105,Tiffin,Afternoon,Weekday,2017,02
14767,7105,Medialuna,Afternoon,Weekday,2017,02
14768,7105,Sandwich,Afternoon,Weekday,2017,02
14769,7106,Coffee,Afternoon,Weekday,2017,02
14770,7106,Soup,Afternoon,Weekday,2017,02
14771,7106,Sandwich,Afternoon,Weekday,2017,02
14772,7106,Cake,Afternoon,Weekday,2017,02
14773,7107,Tea,Afternoon,Weekday,2017,02
14774,7107,Coffee,Afternoon,Weekday,2017,02
14775,7107,Sandwich,Afternoon,Weekday,2017,02
14776,7107,Muffin,Afternoon,Weekday,2017,02
14777,7108,Cake,Afternoon,Weekday,2017,02
14778,7108,Tea,Afternoon,Weekday,2017,02
14779,7108,Coffee,Afternoon,Weekday,2017,02
14780,7109,Soup,Afternoon,Weekday,2017,02
14781,7109,Soup,Afternoon,Weekday,2017,02
14782,7109,Coffee,Afternoon,Weekday,2017,02
14783,7109,Coffee,Afternoon,Weekday,2017,02
14784,7110,Bread,Afternoon,Weekday,2017,02
14785,7111,Cake,Afternoon,Weekday,2017,02
14786,7111,Bread,Afternoon,Weekday,2017,02
14787,7112,Coffee,Afternoon,Weekday,2017,02
14788,7112,Coffee,Afternoon,Weekday,2017,02
14789,7112,Brownie,Afternoon,Weekday,2017,02
14790,7113,Jam,Afternoon,Weekday,2017,02
14791,7114,Brownie,Afternoon,Weekday,2017,02
14792,7114,Cake,Afternoon,Weekday,2017,02
14793,7115,Coffee,Afternoon,Weekday,2017,02
14794,7115,Cake,Afternoon,Weekday,2017,02
14795,7115,Muffin,Afternoon,Weekday,2017,02
14796,7115,Toast,Afternoon,Weekday,2017,02
14797,7115,Coffee,Afternoon,Weekday,2017,02
14798,7116,Tea,Afternoon,Weekday,2017,02
14799,7116,Tea,Afternoon,Weekday,2017,02
14800,7117,Tea,Afternoon,Weekday,2017,02
14801,7117,Scone,Afternoon,Weekday,2017,02
14802,7117,Coffee,Afternoon,Weekday,2017,02
14803,7118,Bread,Afternoon,Weekday,2017,02
14804,7118,Bread,Afternoon,Weekday,2017,02
14805,7119,Tiffin,Afternoon,Weekday,2017,02
14806,7119,Mineral water,Afternoon,Weekday,2017,02
14807,7120,Alfajores,Afternoon,Weekday,2017,02
14808,7120,Scone,Afternoon,Weekday,2017,02
14809,7120,Bread,Afternoon,Weekday,2017,02
14810,7121,Bread,Afternoon,Weekday,2017,02
14811,7121,Smoothies,Afternoon,Weekday,2017,02
14812,7121,Chicken Stew,Afternoon,Weekday,2017,02
14813,7122,Soup,Afternoon,Weekday,2017,02
14814,7122,Soup,Afternoon,Weekday,2017,02
14815,7123,Sandwich,Afternoon,Weekday,2017,02
14816,7123,Bread,Afternoon,Weekday,2017,02
14817,7124,Tea,Afternoon,Weekday,2017,02
14818,7124,Tiffin,Afternoon,Weekday,2017,02
14819,7125,Bread,Afternoon,Weekday,2017,02
14820,7126,Spanish Brunch,Afternoon,Weekday,2017,02
14821,7127,Coffee,Afternoon,Weekday,2017,02
14822,7127,Coffee,Afternoon,Weekday,2017,02
14823,7128,Coffee,Afternoon,Weekday,2017,02
14824,7128,Brownie,Afternoon,Weekday,2017,02
14825,7129,Coffee,Afternoon,Weekday,2017,02
14826,7129,Truffles,Afternoon,Weekday,2017,02
14827,7130,Sandwich,Afternoon,Weekday,2017,02
14828,7130,Sandwich,Afternoon,Weekday,2017,02
14829,7130,Bread,Afternoon,Weekday,2017,02
14830,7130,Coffee,Afternoon,Weekday,2017,02
14831,7130,Mineral water,Afternoon,Weekday,2017,02
14832,7131,Bread,Afternoon,Weekday,2017,02
14833,7132,Bread,Afternoon,Weekday,2017,02
14834,7132,Coffee,Afternoon,Weekday,2017,02
14835,7133,Alfajores,Afternoon,Weekday,2017,02
14836,7133,Mineral water,Afternoon,Weekday,2017,02
14837,7133,Coffee,Afternoon,Weekday,2017,02
14838,7133,Hot chocolate,Afternoon,Weekday,2017,02
14839,7133,Cookies,Afternoon,Weekday,2017,02
14840,7133,Cookies,Afternoon,Weekday,2017,02
14841,7134,Farm House,Afternoon,Weekday,2017,02
14842,7135,Tea,Afternoon,Weekday,2017,02
14843,7135,Bread,Afternoon,Weekday,2017,02
14844,7135,Brownie,Afternoon,Weekday,2017,02
14845,7136,Coffee,Evening,Weekday,2017,02
14846,7136,Alfajores,Evening,Weekday,2017,02
14847,7136,Tea,Evening,Weekday,2017,02
14848,7137,Coffee,Morning,Weekend,2017,02
14849,7137,Bread,Morning,Weekend,2017,02
14850,7137,Pastry,Morning,Weekend,2017,02
14851,7137,Farm House,Morning,Weekend,2017,02
14852,7138,Eggs,Morning,Weekend,2017,02
14853,7139,Bread,Morning,Weekend,2017,02
14854,7139,Coffee,Morning,Weekend,2017,02
14855,7140,Bread,Morning,Weekend,2017,02
14856,7141,Coffee,Morning,Weekend,2017,02
14857,7141,Coke,Morning,Weekend,2017,02
14858,7141,Toast,Morning,Weekend,2017,02
14859,7142,Cake,Morning,Weekend,2017,02
14860,7142,Muffin,Morning,Weekend,2017,02
14861,7142,Muffin,Morning,Weekend,2017,02
14862,7142,Muffin,Morning,Weekend,2017,02
14863,7143,Bread,Morning,Weekend,2017,02
14864,7144,Bread,Morning,Weekend,2017,02
14865,7145,Scandinavian,Morning,Weekend,2017,02
14866,7146,Bread,Morning,Weekend,2017,02
14867,7146,Bread,Morning,Weekend,2017,02
14868,7146,Pastry,Morning,Weekend,2017,02
14869,7146,Medialuna,Morning,Weekend,2017,02
14870,7147,Bread,Morning,Weekend,2017,02
14871,7147,Bread,Morning,Weekend,2017,02
14872,7148,Bread,Morning,Weekend,2017,02
14873,7149,Baguette,Morning,Weekend,2017,02
14874,7149,Scandinavian,Morning,Weekend,2017,02
14875,7150,Cookies,Morning,Weekend,2017,02
14876,7150,Bread,Morning,Weekend,2017,02
14877,7151,Coffee,Morning,Weekend,2017,02
14878,7151,Coffee,Morning,Weekend,2017,02
14879,7151,Cake,Morning,Weekend,2017,02
14880,7151,Cake,Morning,Weekend,2017,02
14881,7152,Bread,Morning,Weekend,2017,02
14882,7153,Pastry,Morning,Weekend,2017,02
14883,7153,Coffee,Morning,Weekend,2017,02
14884,7153,Bread,Morning,Weekend,2017,02
14885,7154,Pastry,Morning,Weekend,2017,02
14886,7154,Pastry,Morning,Weekend,2017,02
14887,7154,Coffee,Morning,Weekend,2017,02
14888,7155,Scone,Morning,Weekend,2017,02
14889,7156,Toast,Morning,Weekend,2017,02
14890,7156,Coffee,Morning,Weekend,2017,02
14891,7157,Bread,Morning,Weekend,2017,02
14892,7157,Scone,Morning,Weekend,2017,02
14893,7158,Bread,Morning,Weekend,2017,02
14894,7158,Pastry,Morning,Weekend,2017,02
14895,7160,Tea,Morning,Weekend,2017,02
14896,7160,Bread,Morning,Weekend,2017,02
14897,7160,Alfajores,Morning,Weekend,2017,02
14898,7160,Medialuna,Morning,Weekend,2017,02
14899,7160,Bread,Morning,Weekend,2017,02
14900,7160,Jam,Morning,Weekend,2017,02
14901,7161,Coffee,Morning,Weekend,2017,02
14902,7161,Brownie,Morning,Weekend,2017,02
14903,7161,Coffee,Morning,Weekend,2017,02
14904,7162,Tea,Morning,Weekend,2017,02
14905,7163,Cookies,Morning,Weekend,2017,02
14906,7163,Juice,Morning,Weekend,2017,02
14907,7163,Coffee,Morning,Weekend,2017,02
14908,7163,Coffee,Morning,Weekend,2017,02
14909,7164,Scandinavian,Morning,Weekend,2017,02
14910,7165,Coffee,Morning,Weekend,2017,02
14911,7165,Coffee,Morning,Weekend,2017,02
14912,7165,Cookies,Morning,Weekend,2017,02
14913,7166,Coffee,Morning,Weekend,2017,02
14914,7166,Coffee,Morning,Weekend,2017,02
14915,7166,Pastry,Morning,Weekend,2017,02
14916,7166,Pastry,Morning,Weekend,2017,02
14917,7167,Coffee,Morning,Weekend,2017,02
14918,7167,Coffee,Morning,Weekend,2017,02
14919,7168,Medialuna,Morning,Weekend,2017,02
14920,7169,Medialuna,Morning,Weekend,2017,02
14921,7170,Coffee,Morning,Weekend,2017,02
14922,7170,Coffee,Morning,Weekend,2017,02
14923,7170,Coffee,Morning,Weekend,2017,02
14924,7171,Tea,Morning,Weekend,2017,02
14925,7171,Coffee,Morning,Weekend,2017,02
14926,7171,Coffee,Morning,Weekend,2017,02
14927,7171,Coke,Morning,Weekend,2017,02
14928,7172,Bread,Morning,Weekend,2017,02
14929,7172,Coffee,Morning,Weekend,2017,02
14930,7172,Coffee,Morning,Weekend,2017,02
14931,7173,Tiffin,Afternoon,Weekend,2017,02
14932,7173,Medialuna,Afternoon,Weekend,2017,02
14933,7174,Alfajores,Afternoon,Weekend,2017,02
14934,7174,Brownie,Afternoon,Weekend,2017,02
14935,7174,Bread,Afternoon,Weekend,2017,02
14936,7174,Baguette,Afternoon,Weekend,2017,02
14937,7175,Coffee,Afternoon,Weekend,2017,02
14938,7175,Cake,Afternoon,Weekend,2017,02
14939,7175,Alfajores,Afternoon,Weekend,2017,02
14940,7175,Tea,Afternoon,Weekend,2017,02
14941,7175,Tea,Afternoon,Weekend,2017,02
14942,7176,Coffee,Afternoon,Weekend,2017,02
14943,7176,Cake,Afternoon,Weekend,2017,02
14944,7177,The Nomad,Afternoon,Weekend,2017,02
14945,7177,Chicken Stew,Afternoon,Weekend,2017,02
14946,7177,Cake,Afternoon,Weekend,2017,02
14947,7177,Coffee,Afternoon,Weekend,2017,02
14948,7177,Coffee,Afternoon,Weekend,2017,02
14949,7178,Hot chocolate,Afternoon,Weekend,2017,02
14950,7178,Brownie,Afternoon,Weekend,2017,02
14951,7179,Coffee,Afternoon,Weekend,2017,02
14952,7179,Nomad bag,Afternoon,Weekend,2017,02
14953,7180,Coffee,Afternoon,Weekend,2017,02
14954,7181,Coffee,Afternoon,Weekend,2017,02
14955,7182,Coffee,Afternoon,Weekend,2017,02
14956,7183,Coffee,Afternoon,Weekend,2017,02
14957,7184,Coffee,Afternoon,Weekend,2017,02
14958,7185,Bread,Afternoon,Weekend,2017,02
14959,7185,Mineral water,Afternoon,Weekend,2017,02
14960,7186,Salad,Afternoon,Weekend,2017,02
14961,7186,Soup,Afternoon,Weekend,2017,02
14962,7186,Cake,Afternoon,Weekend,2017,02
14963,7187,Extra Salami or Feta,Afternoon,Weekend,2017,02
14964,7187,Tea,Afternoon,Weekend,2017,02
14965,7188,Bread,Afternoon,Weekend,2017,02
14966,7188,Soup,Afternoon,Weekend,2017,02
14967,7189,Coffee,Afternoon,Weekend,2017,02
14968,7189,Sandwich,Afternoon,Weekend,2017,02
14969,7190,Sandwich,Afternoon,Weekend,2017,02
14970,7190,Tea,Afternoon,Weekend,2017,02
14971,7191,Coffee,Afternoon,Weekend,2017,02
14972,7191,Extra Salami or Feta,Afternoon,Weekend,2017,02
14973,7191,Salad,Afternoon,Weekend,2017,02
14974,7191,Bread,Afternoon,Weekend,2017,02
14975,7191,Sandwich,Afternoon,Weekend,2017,02
14976,7192,Bread,Afternoon,Weekend,2017,02
14977,7192,Sandwich,Afternoon,Weekend,2017,02
14978,7193,Coffee,Afternoon,Weekend,2017,02
14979,7194,Hot chocolate,Afternoon,Weekend,2017,02
14980,7194,Coke,Afternoon,Weekend,2017,02
14981,7194,Juice,Afternoon,Weekend,2017,02
14982,7194,Chocolates,Afternoon,Weekend,2017,02
14983,7194,Tea,Afternoon,Weekend,2017,02
14984,7195,Coffee,Afternoon,Weekend,2017,02
14985,7195,Coffee,Afternoon,Weekend,2017,02
14986,7196,Cake,Afternoon,Weekend,2017,02
14987,7197,Cake,Afternoon,Weekend,2017,02
14988,7197,Coffee,Afternoon,Weekend,2017,02
14989,7198,Soup,Afternoon,Weekend,2017,02
14990,7198,Soup,Afternoon,Weekend,2017,02
14991,7198,Coffee,Afternoon,Weekend,2017,02
14992,7198,Coffee,Afternoon,Weekend,2017,02
14993,7198,Cookies,Afternoon,Weekend,2017,02
14994,7198,Scone,Afternoon,Weekend,2017,02
14995,7198,Hot chocolate,Afternoon,Weekend,2017,02
14996,7199,Tea,Afternoon,Weekend,2017,02
14997,7199,Tiffin,Afternoon,Weekend,2017,02
14998,7199,Bread,Afternoon,Weekend,2017,02
14999,7200,Scone,Afternoon,Weekend,2017,02
15000,7200,Muffin,Afternoon,Weekend,2017,02
15001,7200,Cake,Afternoon,Weekend,2017,02
15002,7200,Tea,Afternoon,Weekend,2017,02
15003,7200,Bread,Afternoon,Weekend,2017,02
15004,7201,Sandwich,Afternoon,Weekend,2017,02
15005,7202,Coke,Afternoon,Weekend,2017,02
15006,7203,Coffee,Afternoon,Weekend,2017,02
15007,7203,Coffee,Afternoon,Weekend,2017,02
15008,7203,Cake,Afternoon,Weekend,2017,02
15009,7203,Cake,Afternoon,Weekend,2017,02
15010,7204,Coffee,Afternoon,Weekend,2017,02
15011,7204,Sandwich,Afternoon,Weekend,2017,02
15012,7205,Bread,Afternoon,Weekend,2017,02
15013,7205,Medialuna,Afternoon,Weekend,2017,02
15014,7206,Cake,Afternoon,Weekend,2017,02
15015,7206,Cake,Afternoon,Weekend,2017,02
15016,7207,Cookies,Afternoon,Weekend,2017,02
15017,7207,Coffee,Afternoon,Weekend,2017,02
15018,7207,Bread,Afternoon,Weekend,2017,02
15019,7208,Hot chocolate,Evening,Weekend,2017,02
15020,7208,Cake,Evening,Weekend,2017,02
15021,7209,Hot chocolate,Evening,Weekend,2017,02
15022,7209,Cake,Evening,Weekend,2017,02
15023,7210,Coffee,Morning,Weekend,2017,02
15024,7210,Medialuna,Morning,Weekend,2017,02
15025,7210,Fudge,Morning,Weekend,2017,02
15026,7211,Bread,Morning,Weekend,2017,02
15027,7212,Coffee,Morning,Weekend,2017,02
15028,7212,Medialuna,Morning,Weekend,2017,02
15029,7212,Fudge,Morning,Weekend,2017,02
15030,7213,Coffee,Morning,Weekend,2017,02
15031,7214,Coffee,Morning,Weekend,2017,02
15032,7214,Coffee,Morning,Weekend,2017,02
15033,7214,Scone,Morning,Weekend,2017,02
15034,7214,Medialuna,Morning,Weekend,2017,02
15035,7215,Bread,Morning,Weekend,2017,02
15036,7216,Medialuna,Morning,Weekend,2017,02
15037,7217,Coffee,Morning,Weekend,2017,02
15038,7217,Medialuna,Morning,Weekend,2017,02
15039,7218,Cake,Morning,Weekend,2017,02
15040,7218,Coffee,Morning,Weekend,2017,02
15041,7218,Coffee,Morning,Weekend,2017,02
15042,7218,Juice,Morning,Weekend,2017,02
15043,7218,Soup,Morning,Weekend,2017,02
15044,7219,Coffee,Morning,Weekend,2017,02
15045,7220,Coffee,Morning,Weekend,2017,02
15046,7221,Tea,Morning,Weekend,2017,02
15047,7221,Coffee,Morning,Weekend,2017,02
15048,7221,Medialuna,Morning,Weekend,2017,02
15049,7221,Art Tray,Morning,Weekend,2017,02
15050,7222,Coffee,Morning,Weekend,2017,02
15051,7223,Coffee,Morning,Weekend,2017,02
15052,7223,Toast,Morning,Weekend,2017,02
15053,7223,Medialuna,Morning,Weekend,2017,02
15054,7223,Coffee,Morning,Weekend,2017,02
15055,7224,Medialuna,Morning,Weekend,2017,02
15056,7224,Medialuna,Morning,Weekend,2017,02
15057,7224,Cake,Morning,Weekend,2017,02
15058,7224,Scone,Morning,Weekend,2017,02
15059,7225,Farm House,Morning,Weekend,2017,02
15060,7225,Eggs,Morning,Weekend,2017,02
15061,7225,Bread,Morning,Weekend,2017,02
15062,7225,Medialuna,Morning,Weekend,2017,02
15063,7226,Coffee,Morning,Weekend,2017,02
15064,7227,Farm House,Morning,Weekend,2017,02
15065,7228,Bread,Morning,Weekend,2017,02
15066,7228,Alfajores,Morning,Weekend,2017,02
15067,7229,Scone,Morning,Weekend,2017,02
15068,7229,Jammie Dodgers,Morning,Weekend,2017,02
15069,7229,Cake,Morning,Weekend,2017,02
15070,7230,Bread,Morning,Weekend,2017,02
15071,7230,Scone,Morning,Weekend,2017,02
15072,7231,Bread,Morning,Weekend,2017,02
15073,7232,Coffee,Morning,Weekend,2017,02
15074,7232,Coffee,Morning,Weekend,2017,02
15075,7232,Hot chocolate,Morning,Weekend,2017,02
15076,7233,Coffee,Morning,Weekend,2017,02
15077,7233,Hot chocolate,Morning,Weekend,2017,02
15078,7233,Sandwich,Morning,Weekend,2017,02
15079,7233,Cake,Morning,Weekend,2017,02
15080,7234,Alfajores,Morning,Weekend,2017,02
15081,7234,Pastry,Morning,Weekend,2017,02
15082,7234,Baguette,Morning,Weekend,2017,02
15083,7234,Coffee,Morning,Weekend,2017,02
15084,7234,Coffee,Morning,Weekend,2017,02
15085,7235,Bread,Morning,Weekend,2017,02
15086,7236,Tea,Afternoon,Weekend,2017,02
15087,7236,Tea,Afternoon,Weekend,2017,02
15088,7236,The Nomad,Afternoon,Weekend,2017,02
15089,7237,Coffee,Afternoon,Weekend,2017,02
15090,7237,Coffee,Afternoon,Weekend,2017,02
15091,7237,Alfajores,Afternoon,Weekend,2017,02
15092,7237,Scone,Afternoon,Weekend,2017,02
15093,7238,Sandwich,Afternoon,Weekend,2017,02
15094,7238,Coffee,Afternoon,Weekend,2017,02
15095,7238,Coffee,Afternoon,Weekend,2017,02
15096,7238,Juice,Afternoon,Weekend,2017,02
15097,7238,Bread,Afternoon,Weekend,2017,02
15098,7239,Farm House,Afternoon,Weekend,2017,02
15099,7239,Cookies,Afternoon,Weekend,2017,02
15100,7240,Cake,Afternoon,Weekend,2017,02
15101,7240,Jammie Dodgers,Afternoon,Weekend,2017,02
15102,7241,Hot chocolate,Afternoon,Weekend,2017,02
15103,7241,Bread,Afternoon,Weekend,2017,02
15104,7242,Bread,Afternoon,Weekend,2017,02
15105,7243,Tea,Afternoon,Weekend,2017,02
15106,7243,Cookies,Afternoon,Weekend,2017,02
15107,7244,Coffee,Afternoon,Weekend,2017,02
15108,7244,Coffee,Afternoon,Weekend,2017,02
15109,7245,Coffee,Afternoon,Weekend,2017,02
15110,7245,Coffee,Afternoon,Weekend,2017,02
15111,7245,Coffee,Afternoon,Weekend,2017,02
15112,7245,Juice,Afternoon,Weekend,2017,02
15113,7245,Sandwich,Afternoon,Weekend,2017,02
15114,7245,Sandwich,Afternoon,Weekend,2017,02
15115,7245,Cookies,Afternoon,Weekend,2017,02
15116,7245,Cookies,Afternoon,Weekend,2017,02
15117,7245,Extra Salami or Feta,Afternoon,Weekend,2017,02
15118,7246,Coffee,Afternoon,Weekend,2017,02
15119,7247,Jammie Dodgers,Afternoon,Weekend,2017,02
15120,7247,Tiffin,Afternoon,Weekend,2017,02
15121,7247,Bread,Afternoon,Weekend,2017,02
15122,7247,Juice,Afternoon,Weekend,2017,02
15123,7247,Tea,Afternoon,Weekend,2017,02
15124,7247,Coffee,Afternoon,Weekend,2017,02
15125,7248,Pastry,Afternoon,Weekend,2017,02
15126,7248,Cake,Afternoon,Weekend,2017,02
15127,7248,Bread,Afternoon,Weekend,2017,02
15128,7248,Coffee,Afternoon,Weekend,2017,02
15129,7248,Tea,Afternoon,Weekend,2017,02
15130,7249,Pastry,Afternoon,Weekend,2017,02
15131,7249,Coffee,Afternoon,Weekend,2017,02
15132,7250,Toast,Afternoon,Weekend,2017,02
15133,7251,Coffee,Afternoon,Weekend,2017,02
15134,7251,Bread,Afternoon,Weekend,2017,02
15135,7252,Coffee,Afternoon,Weekend,2017,02
15136,7253,Spanish Brunch,Afternoon,Weekend,2017,02
15137,7253,Soup,Afternoon,Weekend,2017,02
15138,7253,Tea,Afternoon,Weekend,2017,02
15139,7253,Tea,Afternoon,Weekend,2017,02
15140,7254,Coffee,Afternoon,Weekend,2017,02
15141,7254,Coffee,Afternoon,Weekend,2017,02
15142,7254,Coffee,Afternoon,Weekend,2017,02
15143,7254,Art Tray,Afternoon,Weekend,2017,02
15144,7254,Soup,Afternoon,Weekend,2017,02
15145,7254,Soup,Afternoon,Weekend,2017,02
15146,7254,Salad,Afternoon,Weekend,2017,02
15147,7254,Spanish Brunch,Afternoon,Weekend,2017,02
15148,7255,Sandwich,Afternoon,Weekend,2017,02
15149,7255,Sandwich,Afternoon,Weekend,2017,02
15150,7255,Cookies,Afternoon,Weekend,2017,02
15151,7256,Juice,Afternoon,Weekend,2017,02
15152,7256,Spanish Brunch,Afternoon,Weekend,2017,02
15153,7257,Cake,Afternoon,Weekend,2017,02
15154,7258,Bread,Afternoon,Weekend,2017,02
15155,7259,Soup,Afternoon,Weekend,2017,02
15156,7259,Spanish Brunch,Afternoon,Weekend,2017,02
15157,7259,Coffee,Afternoon,Weekend,2017,02
15158,7259,Coffee,Afternoon,Weekend,2017,02
15159,7260,Bread,Afternoon,Weekend,2017,02
15160,7261,Coffee,Afternoon,Weekend,2017,02
15161,7261,Coffee,Afternoon,Weekend,2017,02
15162,7261,Scone,Afternoon,Weekend,2017,02
15163,7261,Cake,Afternoon,Weekend,2017,02
15164,7262,Coffee,Afternoon,Weekend,2017,02
15165,7262,Coffee,Afternoon,Weekend,2017,02
15166,7262,Scone,Afternoon,Weekend,2017,02
15167,7262,Cake,Afternoon,Weekend,2017,02
15168,7263,Coffee,Afternoon,Weekend,2017,02
15169,7263,Hot chocolate,Afternoon,Weekend,2017,02
15170,7263,Cake,Afternoon,Weekend,2017,02
15171,7264,Chicken Stew,Afternoon,Weekend,2017,02
15172,7265,Coffee,Afternoon,Weekend,2017,02
15173,7265,Coffee,Afternoon,Weekend,2017,02
15174,7265,Cake,Afternoon,Weekend,2017,02
15175,7266,Coffee,Afternoon,Weekend,2017,02
15176,7266,Hot chocolate,Afternoon,Weekend,2017,02
15177,7266,Sandwich,Afternoon,Weekend,2017,02
15178,7266,Sandwich,Afternoon,Weekend,2017,02
15179,7267,Coffee,Afternoon,Weekend,2017,02
15180,7267,Coffee,Afternoon,Weekend,2017,02
15181,7267,Sandwich,Afternoon,Weekend,2017,02
15182,7267,Sandwich,Afternoon,Weekend,2017,02
15183,7267,Jammie Dodgers,Afternoon,Weekend,2017,02
15184,7267,Tiffin,Afternoon,Weekend,2017,02
15185,7268,Coffee,Afternoon,Weekend,2017,02
15186,7268,Coffee,Afternoon,Weekend,2017,02
15187,7269,Bread,Afternoon,Weekend,2017,02
15188,7269,Bread,Afternoon,Weekend,2017,02
15189,7270,Coffee,Afternoon,Weekend,2017,02
15190,7270,Cookies,Afternoon,Weekend,2017,02
15191,7270,Jammie Dodgers,Afternoon,Weekend,2017,02
15192,7270,Cake,Afternoon,Weekend,2017,02
15193,7270,Tiffin,Afternoon,Weekend,2017,02
15194,7271,Coffee,Afternoon,Weekend,2017,02
15195,7271,Soup,Afternoon,Weekend,2017,02
15196,7272,Coffee,Afternoon,Weekend,2017,02
15197,7272,Spanish Brunch,Afternoon,Weekend,2017,02
15198,7273,Spanish Brunch,Afternoon,Weekend,2017,02
15199,7273,Coffee,Afternoon,Weekend,2017,02
15200,7273,Coffee,Afternoon,Weekend,2017,02
15201,7274,Scone,Afternoon,Weekend,2017,02
15202,7274,Cake,Afternoon,Weekend,2017,02
15203,7274,Tea,Afternoon,Weekend,2017,02
15204,7274,Tea,Afternoon,Weekend,2017,02
15205,7275,Jam,Afternoon,Weekend,2017,02
15206,7275,Fudge,Afternoon,Weekend,2017,02
15207,7276,Cake,Afternoon,Weekend,2017,02
15208,7276,Truffles,Afternoon,Weekend,2017,02
15209,7277,Coffee,Morning,Weekday,2017,02
15210,7278,Coffee,Morning,Weekday,2017,02
15211,7278,Pastry,Morning,Weekday,2017,02
15212,7279,Coffee,Morning,Weekday,2017,02
15213,7279,Coffee,Morning,Weekday,2017,02
15214,7279,Medialuna,Morning,Weekday,2017,02
15215,7280,Coffee,Morning,Weekday,2017,02
15216,7280,Coffee,Morning,Weekday,2017,02
15217,7281,Coffee,Morning,Weekday,2017,02
15218,7281,Bread,Morning,Weekday,2017,02
15219,7282,Coffee,Morning,Weekday,2017,02
15220,7282,Medialuna,Morning,Weekday,2017,02
15221,7283,Tea,Morning,Weekday,2017,02
15222,7283,Pastry,Morning,Weekday,2017,02
15223,7284,Farm House,Morning,Weekday,2017,02
15224,7285,Coffee,Morning,Weekday,2017,02
15225,7285,Jammie Dodgers,Morning,Weekday,2017,02
15226,7285,Juice,Morning,Weekday,2017,02
15227,7286,Bread,Morning,Weekday,2017,02
15228,7286,Coffee,Morning,Weekday,2017,02
15229,7286,Pastry,Morning,Weekday,2017,02
15230,7286,Pastry,Morning,Weekday,2017,02
15231,7287,Bread,Morning,Weekday,2017,02
15232,7288,Bread,Morning,Weekday,2017,02
15233,7288,Coffee,Morning,Weekday,2017,02
15234,7289,Coffee,Morning,Weekday,2017,02
15235,7290,Bread,Morning,Weekday,2017,02
15236,7291,Bread,Morning,Weekday,2017,02
15237,7291,Tea,Morning,Weekday,2017,02
15238,7291,Tea,Morning,Weekday,2017,02
15239,7291,Medialuna,Morning,Weekday,2017,02
15240,7292,Coffee,Morning,Weekday,2017,02
15241,7292,Coffee,Morning,Weekday,2017,02
15242,7293,Coffee,Morning,Weekday,2017,02
15243,7293,Spanish Brunch,Morning,Weekday,2017,02
15244,7294,Sandwich,Afternoon,Weekday,2017,02
15245,7294,Coke,Afternoon,Weekday,2017,02
15246,7295,Soup,Afternoon,Weekday,2017,02
15247,7296,Bread,Afternoon,Weekday,2017,02
15248,7296,Soup,Afternoon,Weekday,2017,02
15249,7297,Coffee,Afternoon,Weekday,2017,02
15250,7297,Toast,Afternoon,Weekday,2017,02
15251,7298,Granola,Afternoon,Weekday,2017,02
15252,7298,Coffee,Afternoon,Weekday,2017,02
15253,7299,Tea,Afternoon,Weekday,2017,02
15254,7299,Tea,Afternoon,Weekday,2017,02
15255,7299,Medialuna,Afternoon,Weekday,2017,02
15256,7299,Jammie Dodgers,Afternoon,Weekday,2017,02
15257,7300,Farm House,Afternoon,Weekday,2017,02
15258,7301,Chicken Stew,Afternoon,Weekday,2017,02
15259,7302,Coffee,Afternoon,Weekday,2017,02
15260,7303,Tea,Afternoon,Weekday,2017,02
15261,7303,Tea,Afternoon,Weekday,2017,02
15262,7304,Bread,Afternoon,Weekday,2017,02
15263,7304,Bread,Afternoon,Weekday,2017,02
15264,7305,Coffee,Afternoon,Weekday,2017,02
15265,7305,Coffee,Afternoon,Weekday,2017,02
15266,7305,Pastry,Afternoon,Weekday,2017,02
15267,7305,Pastry,Afternoon,Weekday,2017,02
15268,7305,Soup,Afternoon,Weekday,2017,02
15269,7305,Chicken Stew,Afternoon,Weekday,2017,02
15270,7306,Coffee,Afternoon,Weekday,2017,02
15271,7306,Coffee,Afternoon,Weekday,2017,02
15272,7306,Jammie Dodgers,Afternoon,Weekday,2017,02
15273,7306,Truffles,Afternoon,Weekday,2017,02
15274,7307,Bread,Afternoon,Weekday,2017,02
15275,7307,Bread,Afternoon,Weekday,2017,02
15276,7307,Coffee,Afternoon,Weekday,2017,02
15277,7308,Bread,Afternoon,Weekday,2017,02
15278,7309,Bread,Afternoon,Weekday,2017,02
15279,7309,Bread,Afternoon,Weekday,2017,02
15280,7310,Coffee,Afternoon,Weekday,2017,02
15281,7310,Tea,Afternoon,Weekday,2017,02
15282,7310,Tiffin,Afternoon,Weekday,2017,02
15283,7311,Bread,Afternoon,Weekday,2017,02
15284,7313,Bread,Afternoon,Weekday,2017,02
15285,7314,Bread,Morning,Weekday,2017,02
15286,7315,Bread,Morning,Weekday,2017,02
15287,7316,Bread,Morning,Weekday,2017,02
15288,7317,Bread,Morning,Weekday,2017,02
15289,7317,Pastry,Morning,Weekday,2017,02
15290,7318,Juice,Morning,Weekday,2017,02
15291,7318,Tea,Morning,Weekday,2017,02
15292,7319,Farm House,Morning,Weekday,2017,02
15293,7320,Coffee,Morning,Weekday,2017,02
15294,7320,Tea,Morning,Weekday,2017,02
15295,7320,Toast,Morning,Weekday,2017,02
15296,7321,Baguette,Morning,Weekday,2017,02
15297,7322,Baguette,Morning,Weekday,2017,02
15298,7322,Pastry,Morning,Weekday,2017,02
15299,7322,Cake,Morning,Weekday,2017,02
15300,7322,Truffles,Morning,Weekday,2017,02
15301,7322,Coffee,Morning,Weekday,2017,02
15302,7323,Coffee,Morning,Weekday,2017,02
15303,7324,Coke,Morning,Weekday,2017,02
15304,7324,Bread,Morning,Weekday,2017,02
15305,7325,Bread,Morning,Weekday,2017,02
15306,7325,Cookies,Morning,Weekday,2017,02
15307,7326,Bread,Morning,Weekday,2017,02
15308,7326,Bread,Morning,Weekday,2017,02
15309,7327,Pastry,Morning,Weekday,2017,02
15310,7327,Coffee,Morning,Weekday,2017,02
15311,7327,Coffee,Morning,Weekday,2017,02
15312,7328,Bread,Morning,Weekday,2017,02
15313,7329,Bread,Morning,Weekday,2017,02
15314,7329,Bread,Morning,Weekday,2017,02
15315,7329,Bread,Morning,Weekday,2017,02
15316,7330,Coffee,Morning,Weekday,2017,02
15317,7330,Coffee,Morning,Weekday,2017,02
15318,7330,Bread,Morning,Weekday,2017,02
15319,7331,Bread,Morning,Weekday,2017,02
15320,7331,Bread,Morning,Weekday,2017,02
15321,7331,Tea,Morning,Weekday,2017,02
15322,7331,Pastry,Morning,Weekday,2017,02
15323,7332,Coffee,Morning,Weekday,2017,02
15324,7332,Bread,Morning,Weekday,2017,02
15325,7333,Scandinavian,Morning,Weekday,2017,02
15326,7334,Coffee,Morning,Weekday,2017,02
15327,7334,Bread,Morning,Weekday,2017,02
15328,7335,Coffee,Morning,Weekday,2017,02
15329,7335,Coffee,Morning,Weekday,2017,02
15330,7336,Bread,Morning,Weekday,2017,02
15331,7337,Baguette,Afternoon,Weekday,2017,02
15332,7338,Jammie Dodgers,Afternoon,Weekday,2017,02
15333,7338,Bread,Afternoon,Weekday,2017,02
15334,7339,Coffee,Afternoon,Weekday,2017,02
15335,7340,Bread,Afternoon,Weekday,2017,02
15336,7341,Mineral water,Afternoon,Weekday,2017,02
15337,7341,Coffee,Afternoon,Weekday,2017,02
15338,7341,Soup,Afternoon,Weekday,2017,02
15339,7342,Bread,Afternoon,Weekday,2017,02
15340,7342,Pastry,Afternoon,Weekday,2017,02
15341,7343,Tea,Afternoon,Weekday,2017,02
15342,7343,Cookies,Afternoon,Weekday,2017,02
15343,7344,Coffee,Afternoon,Weekday,2017,02
15344,7345,Coffee,Afternoon,Weekday,2017,02
15345,7346,Coffee,Afternoon,Weekday,2017,02
15346,7346,Coke,Afternoon,Weekday,2017,02
15347,7346,Sandwich,Afternoon,Weekday,2017,02
15348,7346,Soup,Afternoon,Weekday,2017,02
15349,7347,Coffee,Afternoon,Weekday,2017,02
15350,7347,Farm House,Afternoon,Weekday,2017,02
15351,7348,Baguette,Afternoon,Weekday,2017,02
15352,7348,Scandinavian,Afternoon,Weekday,2017,02
15353,7348,Pastry,Afternoon,Weekday,2017,02
15354,7349,Hot chocolate,Afternoon,Weekday,2017,02
15355,7349,Tea,Afternoon,Weekday,2017,02
15356,7349,Sandwich,Afternoon,Weekday,2017,02
15357,7349,Sandwich,Afternoon,Weekday,2017,02
15358,7350,Coffee,Afternoon,Weekday,2017,02
15359,7351,Tea,Afternoon,Weekday,2017,02
15360,7351,Cake,Afternoon,Weekday,2017,02
15361,7352,Coffee,Afternoon,Weekday,2017,02
15362,7352,Coffee,Afternoon,Weekday,2017,02
15363,7352,Alfajores,Afternoon,Weekday,2017,02
15364,7352,Pastry,Afternoon,Weekday,2017,02
15365,7353,Coffee,Afternoon,Weekday,2017,02
15366,7353,Hot chocolate,Afternoon,Weekday,2017,02
15367,7354,Coffee,Afternoon,Weekday,2017,02
15368,7354,Coffee,Afternoon,Weekday,2017,02
15369,7354,Coffee,Afternoon,Weekday,2017,02
15370,7355,Coffee,Afternoon,Weekday,2017,02
15371,7355,Sandwich,Afternoon,Weekday,2017,02
15372,7356,Tea,Afternoon,Weekday,2017,02
15373,7356,Tea,Afternoon,Weekday,2017,02
15374,7356,Bread,Afternoon,Weekday,2017,02
15375,7356,Alfajores,Afternoon,Weekday,2017,02
15376,7356,Bread,Afternoon,Weekday,2017,02
15377,7356,Spanish Brunch,Afternoon,Weekday,2017,02
15378,7357,Hot chocolate,Afternoon,Weekday,2017,02
15379,7357,Coffee,Afternoon,Weekday,2017,02
15380,7357,Coffee,Afternoon,Weekday,2017,02
15381,7357,Cookies,Afternoon,Weekday,2017,02
15382,7358,Coffee,Afternoon,Weekday,2017,02
15383,7358,Cake,Afternoon,Weekday,2017,02
15384,7359,Tea,Afternoon,Weekday,2017,02
15385,7359,Cookies,Afternoon,Weekday,2017,02
15386,7360,Smoothies,Afternoon,Weekday,2017,02
15387,7360,Cake,Afternoon,Weekday,2017,02
15388,7360,Coffee,Afternoon,Weekday,2017,02
15389,7360,Bread,Afternoon,Weekday,2017,02
15390,7361,Bread,Afternoon,Weekday,2017,02
15391,7362,Bread,Afternoon,Weekday,2017,02
15392,7363,Vegan Feast,Evening,Weekday,2017,02
15393,7364,Coffee,Evening,Weekday,2017,02
15394,7364,Coffee,Evening,Weekday,2017,02
15395,7364,Cake,Evening,Weekday,2017,02
15396,7364,Cake,Evening,Weekday,2017,02
15397,7365,Hot chocolate,Evening,Weekday,2017,02
15398,7365,Tea,Evening,Weekday,2017,02
15399,7365,Pastry,Evening,Weekday,2017,02
15400,7366,Cake,Evening,Weekday,2017,02
15401,7366,Coffee,Evening,Weekday,2017,02
15402,7366,Hot chocolate,Evening,Weekday,2017,02
15403,7367,Bread,Evening,Weekday,2017,02
15404,7367,Tea,Evening,Weekday,2017,02
15405,7367,Coffee,Evening,Weekday,2017,02
15406,7368,Coffee,Morning,Weekday,2017,01
15407,7369,Coffee,Morning,Weekday,2017,01
15408,7370,Coffee,Morning,Weekday,2017,01
15409,7370,Tea,Morning,Weekday,2017,01
15410,7370,Toast,Morning,Weekday,2017,01
15411,7371,Coffee,Morning,Weekday,2017,01
15412,7371,Coffee,Morning,Weekday,2017,01
15413,7372,Bread,Morning,Weekday,2017,01
15414,7373,Coffee,Morning,Weekday,2017,01
15415,7373,Coffee,Morning,Weekday,2017,01
15416,7373,Alfajores,Morning,Weekday,2017,01
15417,7373,Pastry,Morning,Weekday,2017,01
15418,7373,Pastry,Morning,Weekday,2017,01
15419,7373,Juice,Morning,Weekday,2017,01
15420,7374,Coffee,Morning,Weekday,2017,01
15421,7374,Baguette,Morning,Weekday,2017,01
15422,7375,Coffee,Morning,Weekday,2017,01
15423,7375,Coffee,Morning,Weekday,2017,01
15424,7375,Cake,Morning,Weekday,2017,01
15425,7375,Pastry,Morning,Weekday,2017,01
15426,7376,Tea,Morning,Weekday,2017,01
15427,7376,Coffee,Morning,Weekday,2017,01
15428,7377,Bread,Morning,Weekday,2017,01
15429,7377,Pastry,Morning,Weekday,2017,01
15430,7378,Bread,Morning,Weekday,2017,01
15431,7378,Pastry,Morning,Weekday,2017,01
15432,7379,Vegan mincepie,Morning,Weekday,2017,01
15433,7379,Coffee,Morning,Weekday,2017,01
15434,7379,Baguette,Morning,Weekday,2017,01
15435,7380,Baguette,Morning,Weekday,2017,01
15436,7381,Bread,Morning,Weekday,2017,01
15437,7381,Coffee,Morning,Weekday,2017,01
15438,7381,Tea,Morning,Weekday,2017,01
15439,7382,Coffee,Morning,Weekday,2017,01
15440,7382,Cake,Morning,Weekday,2017,01
15441,7382,Cake,Morning,Weekday,2017,01
15442,7382,Toast,Morning,Weekday,2017,01
15443,7382,Juice,Morning,Weekday,2017,01
15444,7383,Hot chocolate,Afternoon,Weekday,2017,01
15445,7383,Truffles,Afternoon,Weekday,2017,01
15446,7384,Coffee,Afternoon,Weekday,2017,01
15447,7384,Toast,Afternoon,Weekday,2017,01
15448,7385,Hot chocolate,Afternoon,Weekday,2017,01
15449,7386,Bread,Afternoon,Weekday,2017,01
15450,7387,Tea,Afternoon,Weekday,2017,01
15451,7388,Chicken Stew,Afternoon,Weekday,2017,01
15452,7389,Chicken Stew,Afternoon,Weekday,2017,01
15453,7390,Soup,Afternoon,Weekday,2017,01
15454,7390,Chicken Stew,Afternoon,Weekday,2017,01
15455,7390,Tea,Afternoon,Weekday,2017,01
15456,7390,Tea,Afternoon,Weekday,2017,01
15457,7390,Bread,Afternoon,Weekday,2017,01
15458,7391,Bread,Afternoon,Weekday,2017,01
15459,7391,Pastry,Afternoon,Weekday,2017,01
15460,7392,Mineral water,Afternoon,Weekday,2017,01
15461,7392,Salad,Afternoon,Weekday,2017,01
15462,7393,Duck egg,Afternoon,Weekday,2017,01
15463,7393,Sandwich,Afternoon,Weekday,2017,01
15464,7393,Soup,Afternoon,Weekday,2017,01
15465,7393,Truffles,Afternoon,Weekday,2017,01
15466,7393,Coffee,Afternoon,Weekday,2017,01
15467,7394,Coffee,Afternoon,Weekday,2017,01
15468,7394,Bread,Afternoon,Weekday,2017,01
15469,7395,Hot chocolate,Afternoon,Weekday,2017,01
15470,7395,Sandwich,Afternoon,Weekday,2017,01
15471,7396,Bread,Afternoon,Weekday,2017,01
15472,7397,Coffee,Afternoon,Weekday,2017,01
15473,7397,Coffee,Afternoon,Weekday,2017,01
15474,7397,Tea,Afternoon,Weekday,2017,01
15475,7397,Tea,Afternoon,Weekday,2017,01
15476,7397,Soup,Afternoon,Weekday,2017,01
15477,7397,Chicken Stew,Afternoon,Weekday,2017,01
15478,7397,Cake,Afternoon,Weekday,2017,01
15479,7397,Cake,Afternoon,Weekday,2017,01
15480,7398,Cookies,Afternoon,Weekday,2017,01
15481,7398,Coffee,Afternoon,Weekday,2017,01
15482,7399,Farm House,Afternoon,Weekday,2017,01
15483,7400,Coffee,Afternoon,Weekday,2017,01
15484,7400,Coffee,Afternoon,Weekday,2017,01
15485,7400,Bread,Afternoon,Weekday,2017,01
15486,7401,Tea,Afternoon,Weekday,2017,01
15487,7401,Coke,Afternoon,Weekday,2017,01
15488,7401,Truffles,Afternoon,Weekday,2017,01
15489,7401,Bread,Afternoon,Weekday,2017,01
15490,7402,Bread,Afternoon,Weekday,2017,01
15491,7403,Cake,Afternoon,Weekday,2017,01
15492,7403,Bread,Afternoon,Weekday,2017,01
15493,7403,Tea,Afternoon,Weekday,2017,01
15494,7404,Bread,Afternoon,Weekday,2017,01
15495,7404,Smoothies,Afternoon,Weekday,2017,01
15496,7405,Coffee,Evening,Weekday,2017,01
15497,7406,Coffee,Morning,Weekday,2017,02
15498,7406,Juice,Morning,Weekday,2017,02
15499,7407,Coffee,Morning,Weekday,2017,02
15500,7408,Bread,Morning,Weekday,2017,02
15501,7409,Tea,Morning,Weekday,2017,02
15502,7409,Toast,Morning,Weekday,2017,02
15503,7409,Coffee,Morning,Weekday,2017,02
15504,7410,Jam,Morning,Weekday,2017,02
15505,7410,Bread,Morning,Weekday,2017,02
15506,7411,Coffee,Morning,Weekday,2017,02
15507,7411,Pastry,Morning,Weekday,2017,02
15508,7412,Bread,Morning,Weekday,2017,02
15509,7413,Bread,Morning,Weekday,2017,02
15510,7414,Tea,Morning,Weekday,2017,02
15511,7414,Cake,Morning,Weekday,2017,02
15512,7415,Bread,Morning,Weekday,2017,02
15513,7415,Hot chocolate,Morning,Weekday,2017,02
15514,7416,Coffee,Morning,Weekday,2017,02
15515,7416,Coffee,Morning,Weekday,2017,02
15516,7416,Cake,Morning,Weekday,2017,02
15517,7417,Bread,Morning,Weekday,2017,02
15518,7417,Pastry,Morning,Weekday,2017,02
15519,7417,Hot chocolate,Morning,Weekday,2017,02
15520,7417,Coffee,Morning,Weekday,2017,02
15521,7418,Hot chocolate,Morning,Weekday,2017,02
15522,7418,Coffee,Morning,Weekday,2017,02
15523,7418,Cake,Morning,Weekday,2017,02
15524,7419,Coffee,Morning,Weekday,2017,02
15525,7419,Toast,Morning,Weekday,2017,02
15526,7420,Cake,Morning,Weekday,2017,02
15527,7420,Coffee,Morning,Weekday,2017,02
15528,7421,Pastry,Afternoon,Weekday,2017,02
15529,7421,Pastry,Afternoon,Weekday,2017,02
15530,7421,Bread,Afternoon,Weekday,2017,02
15531,7423,Coffee,Afternoon,Weekday,2017,02
15532,7423,Coffee,Afternoon,Weekday,2017,02
15533,7423,Tea,Afternoon,Weekday,2017,02
15534,7424,Coffee,Afternoon,Weekday,2017,02
15535,7424,Coffee,Afternoon,Weekday,2017,02
15536,7424,Baguette,Afternoon,Weekday,2017,02
15537,7425,Coffee,Afternoon,Weekday,2017,02
15538,7425,Coffee,Afternoon,Weekday,2017,02
15539,7425,Pastry,Afternoon,Weekday,2017,02
15540,7426,Bread,Afternoon,Weekday,2017,02
15541,7426,Pastry,Afternoon,Weekday,2017,02
15542,7427,Bread,Afternoon,Weekday,2017,02
15543,7428,Coffee,Afternoon,Weekday,2017,02
15544,7428,Coffee,Afternoon,Weekday,2017,02
15545,7428,Cookies,Afternoon,Weekday,2017,02
15546,7429,Coffee,Afternoon,Weekday,2017,02
15547,7429,Sandwich,Afternoon,Weekday,2017,02
15548,7430,Tea,Afternoon,Weekday,2017,02
15549,7431,Bread,Afternoon,Weekday,2017,02
15550,7432,Bread,Afternoon,Weekday,2017,02
15551,7433,Tea,Afternoon,Weekday,2017,02
15552,7433,Tea,Afternoon,Weekday,2017,02
15553,7434,Bread,Afternoon,Weekday,2017,02
15554,7435,Coffee,Afternoon,Weekday,2017,02
15555,7435,Coffee,Afternoon,Weekday,2017,02
15556,7436,Chicken Stew,Afternoon,Weekday,2017,02
15557,7437,Coffee,Afternoon,Weekday,2017,02
15558,7437,Sandwich,Afternoon,Weekday,2017,02
15559,7438,Coffee,Afternoon,Weekday,2017,02
15560,7438,Hot chocolate,Afternoon,Weekday,2017,02
15561,7438,Bread,Afternoon,Weekday,2017,02
15562,7438,Pastry,Afternoon,Weekday,2017,02
15563,7439,Coffee,Afternoon,Weekday,2017,02
15564,7439,Coffee,Afternoon,Weekday,2017,02
15565,7439,Bread,Afternoon,Weekday,2017,02
15566,7440,Coffee,Afternoon,Weekday,2017,02
15567,7440,Coffee,Afternoon,Weekday,2017,02
15568,7440,Coffee,Afternoon,Weekday,2017,02
15569,7440,Bread,Afternoon,Weekday,2017,02
15570,7441,Hot chocolate,Afternoon,Weekday,2017,02
15571,7441,Pastry,Afternoon,Weekday,2017,02
15572,7442,Coffee,Afternoon,Weekday,2017,02
15573,7442,Hot chocolate,Afternoon,Weekday,2017,02
15574,7443,Coffee,Afternoon,Weekday,2017,02
15575,7443,Tea,Afternoon,Weekday,2017,02
15576,7444,Tea,Afternoon,Weekday,2017,02
15577,7444,Tea,Afternoon,Weekday,2017,02
15578,7445,Coffee,Afternoon,Weekday,2017,02
15579,7445,Cake,Afternoon,Weekday,2017,02
15580,7446,Coffee,Afternoon,Weekday,2017,02
15581,7446,Cake,Afternoon,Weekday,2017,02
15582,7447,Muffin,Afternoon,Weekday,2017,02
15583,7447,Bread,Afternoon,Weekday,2017,02
15584,7448,Tea,Afternoon,Weekday,2017,02
15585,7448,Tea,Afternoon,Weekday,2017,02
15586,7448,Pastry,Afternoon,Weekday,2017,02
15587,7449,Cake,Afternoon,Weekday,2017,02
15588,7450,Bread,Afternoon,Weekday,2017,02
15589,7451,Bread,Afternoon,Weekday,2017,02
15590,7452,Bread,Afternoon,Weekday,2017,02
15591,7453,Bread,Morning,Weekday,2017,03
15592,7453,Pastry,Morning,Weekday,2017,03
15593,7454,Bread,Morning,Weekday,2017,03
15594,7454,Bread,Morning,Weekday,2017,03
15595,7455,Coffee,Morning,Weekday,2017,03
15596,7456,Coffee,Morning,Weekday,2017,03
15597,7456,Coffee,Morning,Weekday,2017,03
15598,7456,Toast,Morning,Weekday,2017,03
15599,7457,Coffee,Morning,Weekday,2017,03
15600,7457,Coffee,Morning,Weekday,2017,03
15601,7458,Coffee,Morning,Weekday,2017,03
15602,7458,Coffee,Morning,Weekday,2017,03
15603,7459,Coffee,Morning,Weekday,2017,03
15604,7459,Coffee,Morning,Weekday,2017,03
15605,7459,Juice,Morning,Weekday,2017,03
15606,7459,Cake,Morning,Weekday,2017,03
15607,7459,Cookies,Morning,Weekday,2017,03
15608,7460,Coffee,Morning,Weekday,2017,03
15609,7461,Coffee,Morning,Weekday,2017,03
15610,7461,Tiffin,Morning,Weekday,2017,03
15611,7462,Bread,Morning,Weekday,2017,03
15612,7463,Coffee,Morning,Weekday,2017,03
15613,7464,Coffee,Morning,Weekday,2017,03
15614,7464,Pastry,Morning,Weekday,2017,03
15615,7464,Pastry,Morning,Weekday,2017,03
15616,7465,Pastry,Morning,Weekday,2017,03
15617,7465,Pastry,Morning,Weekday,2017,03
15618,7465,Bread,Morning,Weekday,2017,03
15619,7465,Sandwich,Morning,Weekday,2017,03
15620,7465,Coffee,Morning,Weekday,2017,03
15621,7466,Fudge,Morning,Weekday,2017,03
15622,7467,Scandinavian,Morning,Weekday,2017,03
15623,7468,Bread,Morning,Weekday,2017,03
15624,7468,Hot chocolate,Morning,Weekday,2017,03
15625,7469,Fudge,Morning,Weekday,2017,03
15626,7469,Fudge,Morning,Weekday,2017,03
15627,7469,Coffee,Morning,Weekday,2017,03
15628,7469,Alfajores,Morning,Weekday,2017,03
15629,7470,Coffee,Morning,Weekday,2017,03
15630,7471,Coffee,Morning,Weekday,2017,03
15631,7471,Coffee,Morning,Weekday,2017,03
15632,7472,Tea,Morning,Weekday,2017,03
15633,7473,Bread,Morning,Weekday,2017,03
15634,7474,Bread,Morning,Weekday,2017,03
15635,7475,Coffee,Morning,Weekday,2017,03
15636,7475,Pastry,Morning,Weekday,2017,03
15637,7476,Coffee,Morning,Weekday,2017,03
15638,7476,Tea,Morning,Weekday,2017,03
15639,7477,Sandwich,Morning,Weekday,2017,03
15640,7478,Coffee,Morning,Weekday,2017,03
15641,7478,Cake,Morning,Weekday,2017,03
15642,7478,Tiffin,Morning,Weekday,2017,03
15643,7479,Coffee,Morning,Weekday,2017,03
15644,7480,Coffee,Morning,Weekday,2017,03
15645,7480,Pastry,Morning,Weekday,2017,03
15646,7480,Tea,Morning,Weekday,2017,03
15647,7481,Coffee,Morning,Weekday,2017,03
15648,7482,Coffee,Morning,Weekday,2017,03
15649,7482,Coffee,Morning,Weekday,2017,03
15650,7483,Chicken Stew,Morning,Weekday,2017,03
15651,7483,Sandwich,Morning,Weekday,2017,03
15652,7483,Mineral water,Morning,Weekday,2017,03
15653,7484,Cookies,Afternoon,Weekday,2017,03
15654,7484,Cake,Afternoon,Weekday,2017,03
15655,7484,Bread,Afternoon,Weekday,2017,03
15656,7485,Bread,Afternoon,Weekday,2017,03
15657,7485,Pastry,Afternoon,Weekday,2017,03
15658,7485,Coffee,Afternoon,Weekday,2017,03
15659,7485,Eggs,Afternoon,Weekday,2017,03
15660,7486,Bread,Afternoon,Weekday,2017,03
15661,7487,Coffee,Afternoon,Weekday,2017,03
15662,7487,Salad,Afternoon,Weekday,2017,03
15663,7487,Sandwich,Afternoon,Weekday,2017,03
15664,7488,Coffee,Afternoon,Weekday,2017,03
15665,7488,Bread,Afternoon,Weekday,2017,03
15666,7488,Pastry,Afternoon,Weekday,2017,03
15667,7489,Bread,Afternoon,Weekday,2017,03
15668,7489,Bread,Afternoon,Weekday,2017,03
15669,7489,Coffee,Afternoon,Weekday,2017,03
15670,7490,Chicken Stew,Afternoon,Weekday,2017,03
15671,7490,Tea,Afternoon,Weekday,2017,03
15672,7491,Cookies,Afternoon,Weekday,2017,03
15673,7491,Sandwich,Afternoon,Weekday,2017,03
15674,7491,Coffee,Afternoon,Weekday,2017,03
15675,7491,Coffee,Afternoon,Weekday,2017,03
15676,7492,Coffee,Afternoon,Weekday,2017,03
15677,7492,Coffee,Afternoon,Weekday,2017,03
15678,7492,Tiffin,Afternoon,Weekday,2017,03
15679,7492,Alfajores,Afternoon,Weekday,2017,03
15680,7493,Bread,Afternoon,Weekday,2017,03
15681,7493,Pastry,Afternoon,Weekday,2017,03
15682,7493,Pastry,Afternoon,Weekday,2017,03
15683,7494,Tiffin,Afternoon,Weekday,2017,03
15684,7494,Hot chocolate,Afternoon,Weekday,2017,03
15685,7495,Spanish Brunch,Afternoon,Weekday,2017,03
15686,7495,Duck egg,Afternoon,Weekday,2017,03
15687,7495,Tea,Afternoon,Weekday,2017,03
15688,7495,Bread,Afternoon,Weekday,2017,03
15689,7496,Tea,Afternoon,Weekday,2017,03
15690,7496,Soup,Afternoon,Weekday,2017,03
15691,7496,Cookies,Afternoon,Weekday,2017,03
15692,7497,Juice,Afternoon,Weekday,2017,03
15693,7497,Muffin,Afternoon,Weekday,2017,03
15694,7497,Cake,Afternoon,Weekday,2017,03
15695,7497,Soup,Afternoon,Weekday,2017,03
15696,7498,Sandwich,Afternoon,Weekday,2017,03
15697,7498,Coffee,Afternoon,Weekday,2017,03
15698,7498,Coke,Afternoon,Weekday,2017,03
15699,7498,Smoothies,Afternoon,Weekday,2017,03
15700,7499,Afternoon with the baker,Afternoon,Weekday,2017,03
15701,7500,Coffee,Afternoon,Weekday,2017,03
15702,7500,Coffee,Afternoon,Weekday,2017,03
15703,7500,Sandwich,Afternoon,Weekday,2017,03
15704,7501,Pastry,Afternoon,Weekday,2017,03
15705,7501,Scone,Afternoon,Weekday,2017,03
15706,7501,Bread,Afternoon,Weekday,2017,03
15707,7502,Coffee,Afternoon,Weekday,2017,03
15708,7502,Bread,Afternoon,Weekday,2017,03
15709,7503,Bread,Afternoon,Weekday,2017,03
15710,7504,Sandwich,Afternoon,Weekday,2017,03
15711,7505,Coffee,Afternoon,Weekday,2017,03
15712,7505,Cookies,Afternoon,Weekday,2017,03
15713,7506,Scone,Afternoon,Weekday,2017,03
15714,7507,Coffee,Afternoon,Weekday,2017,03
15715,7508,Bread,Afternoon,Weekday,2017,03
15716,7508,Bread,Afternoon,Weekday,2017,03
15717,7508,Tiffin,Afternoon,Weekday,2017,03
15718,7508,Sandwich,Afternoon,Weekday,2017,03
15719,7509,Tea,Afternoon,Weekday,2017,03
15720,7509,Juice,Afternoon,Weekday,2017,03
15721,7509,Bread,Afternoon,Weekday,2017,03
15722,7509,Afternoon with the baker,Afternoon,Weekday,2017,03
15723,7510,Scone,Afternoon,Weekday,2017,03
15724,7510,Coffee,Afternoon,Weekday,2017,03
15725,7511,Cake,Afternoon,Weekday,2017,03
15726,7512,Coffee,Morning,Weekend,2017,04
15727,7512,Coffee,Morning,Weekend,2017,04
15728,7512,Truffles,Morning,Weekend,2017,04
15729,7512,Alfajores,Morning,Weekend,2017,04
15730,7512,Scone,Morning,Weekend,2017,04
15731,7513,Coffee,Morning,Weekend,2017,04
15732,7514,Bread,Morning,Weekend,2017,04
15733,7515,Coffee,Morning,Weekend,2017,04
15734,7516,Coffee,Morning,Weekend,2017,04
15735,7516,Scone,Morning,Weekend,2017,04
15736,7516,Bread,Morning,Weekend,2017,04
15737,7517,Bread,Morning,Weekend,2017,04
15738,7518,Coffee,Morning,Weekend,2017,04
15739,7519,Coffee,Morning,Weekend,2017,04
15740,7519,Coke,Morning,Weekend,2017,04
15741,7519,Pastry,Morning,Weekend,2017,04
15742,7520,Farm House,Morning,Weekend,2017,04
15743,7520,Coffee,Morning,Weekend,2017,04
15744,7520,Hot chocolate,Morning,Weekend,2017,04
15745,7521,Bread,Morning,Weekend,2017,04
15746,7521,Pastry,Morning,Weekend,2017,04
15747,7522,Scone,Morning,Weekend,2017,04
15748,7523,Pastry,Morning,Weekend,2017,04
15749,7523,Coffee,Morning,Weekend,2017,04
15750,7524,Scone,Morning,Weekend,2017,04
15751,7524,Bread,Morning,Weekend,2017,04
15752,7525,Coffee,Morning,Weekend,2017,04
15753,7525,Juice,Morning,Weekend,2017,04
15754,7525,Tiffin,Morning,Weekend,2017,04
15755,7525,Brownie,Morning,Weekend,2017,04
15756,7526,Alfajores,Morning,Weekend,2017,04
15757,7526,Scandinavian,Morning,Weekend,2017,04
15758,7527,Bread,Morning,Weekend,2017,04
15759,7528,Tea,Morning,Weekend,2017,04
15760,7528,Juice,Morning,Weekend,2017,04
15761,7528,Coffee,Morning,Weekend,2017,04
15762,7529,Pastry,Morning,Weekend,2017,04
15763,7529,Pastry,Morning,Weekend,2017,04
15764,7529,Scone,Morning,Weekend,2017,04
15765,7529,Coffee,Morning,Weekend,2017,04
15766,7530,Muffin,Morning,Weekend,2017,04
15767,7530,Scone,Morning,Weekend,2017,04
15768,7530,Coffee,Morning,Weekend,2017,04
15769,7531,Bread,Morning,Weekend,2017,04
15770,7532,Coffee,Morning,Weekend,2017,04
15771,7533,Bread,Morning,Weekend,2017,04
15772,7534,Baguette,Morning,Weekend,2017,04
15773,7534,Scone,Morning,Weekend,2017,04
15774,7534,Medialuna,Morning,Weekend,2017,04
15775,7534,Cookies,Morning,Weekend,2017,04
15776,7534,Scandinavian,Morning,Weekend,2017,04
15777,7535,Bread,Morning,Weekend,2017,04
15778,7535,Coffee,Morning,Weekend,2017,04
15779,7535,Bread,Morning,Weekend,2017,04
15780,7536,Coffee,Morning,Weekend,2017,04
15781,7536,Coffee,Morning,Weekend,2017,04
15782,7536,Pastry,Morning,Weekend,2017,04
15783,7536,Bread,Morning,Weekend,2017,04
15784,7537,Baguette,Morning,Weekend,2017,04
15785,7538,Bread,Morning,Weekend,2017,04
15786,7539,Bread,Morning,Weekend,2017,04
15787,7539,Cake,Morning,Weekend,2017,04
15788,7539,Jammie Dodgers,Morning,Weekend,2017,04
15789,7540,Bread,Morning,Weekend,2017,04
15790,7540,Coffee,Morning,Weekend,2017,04
15791,7540,Sandwich,Morning,Weekend,2017,04
15792,7540,Extra Salami or Feta,Morning,Weekend,2017,04
15793,7541,Cake,Morning,Weekend,2017,04
15794,7541,Brownie,Morning,Weekend,2017,04
15795,7541,Mineral water,Morning,Weekend,2017,04
15796,7541,Coffee,Morning,Weekend,2017,04
15797,7541,Tea,Morning,Weekend,2017,04
15798,7541,Hot chocolate,Morning,Weekend,2017,04
15799,7542,Coffee,Morning,Weekend,2017,04
15800,7542,Coke,Morning,Weekend,2017,04
15801,7543,Bread,Morning,Weekend,2017,04
15802,7544,Tea,Morning,Weekend,2017,04
15803,7544,Coffee,Morning,Weekend,2017,04
15804,7545,Coffee,Morning,Weekend,2017,04
15805,7545,Coffee,Morning,Weekend,2017,04
15806,7545,Coffee,Morning,Weekend,2017,04
15807,7545,Cookies,Morning,Weekend,2017,04
15808,7546,Bread,Morning,Weekend,2017,04
15809,7547,Spanish Brunch,Morning,Weekend,2017,04
15810,7547,The Nomad,Morning,Weekend,2017,04
15811,7547,Coffee,Morning,Weekend,2017,04
15812,7548,Coffee,Morning,Weekend,2017,04
15813,7548,Muffin,Morning,Weekend,2017,04
15814,7549,Scone,Morning,Weekend,2017,04
15815,7549,Coffee,Morning,Weekend,2017,04
15816,7550,Coffee,Morning,Weekend,2017,04
15817,7550,Coffee,Morning,Weekend,2017,04
15818,7550,Bread,Morning,Weekend,2017,04
15819,7550,Tiffin,Morning,Weekend,2017,04
15820,7551,Baguette,Morning,Weekend,2017,04
15821,7552,Bread,Afternoon,Weekend,2017,04
15822,7552,Coffee,Afternoon,Weekend,2017,04
15823,7553,Coffee,Afternoon,Weekend,2017,04
15824,7553,Smoothies,Afternoon,Weekend,2017,04
15825,7553,Brownie,Afternoon,Weekend,2017,04
15826,7553,Sandwich,Afternoon,Weekend,2017,04
15827,7553,Sandwich,Afternoon,Weekend,2017,04
15828,7554,Toast,Afternoon,Weekend,2017,04
15829,7554,Scone,Afternoon,Weekend,2017,04
15830,7554,Brownie,Afternoon,Weekend,2017,04
15831,7554,Coffee,Afternoon,Weekend,2017,04
15832,7554,Coke,Afternoon,Weekend,2017,04
15833,7555,Bread,Afternoon,Weekend,2017,04
15834,7555,Bread,Afternoon,Weekend,2017,04
15835,7555,Cake,Afternoon,Weekend,2017,04
15836,7555,Soup,Afternoon,Weekend,2017,04
15837,7555,Smoothies,Afternoon,Weekend,2017,04
15838,7555,Sandwich,Afternoon,Weekend,2017,04
15839,7556,Bread,Afternoon,Weekend,2017,04
15840,7557,Coffee,Afternoon,Weekend,2017,04
15841,7557,Juice,Afternoon,Weekend,2017,04
15842,7557,Toast,Afternoon,Weekend,2017,04
15843,7557,Sandwich,Afternoon,Weekend,2017,04
15844,7557,Baguette,Afternoon,Weekend,2017,04
15845,7558,Bread,Afternoon,Weekend,2017,04
15846,7558,Coffee,Afternoon,Weekend,2017,04
15847,7559,Coffee,Afternoon,Weekend,2017,04
15848,7560,Coffee,Afternoon,Weekend,2017,04
15849,7560,Spanish Brunch,Afternoon,Weekend,2017,04
15850,7561,Bread,Afternoon,Weekend,2017,04
15851,7561,Brownie,Afternoon,Weekend,2017,04
15852,7561,Scandinavian,Afternoon,Weekend,2017,04
15853,7561,Coffee,Afternoon,Weekend,2017,04
15854,7561,Coffee,Afternoon,Weekend,2017,04
15855,7561,Soup,Afternoon,Weekend,2017,04
15856,7562,Pastry,Afternoon,Weekend,2017,04
15857,7563,Vegan Feast,Afternoon,Weekend,2017,04
15858,7564,Cake,Afternoon,Weekend,2017,04
15859,7564,Muffin,Afternoon,Weekend,2017,04
15860,7565,Baguette,Afternoon,Weekend,2017,04
15861,7566,Sandwich,Afternoon,Weekend,2017,04
15862,7566,Chicken Stew,Afternoon,Weekend,2017,04
15863,7566,Coffee,Afternoon,Weekend,2017,04
15864,7566,Truffles,Afternoon,Weekend,2017,04
15865,7566,Coke,Afternoon,Weekend,2017,04
15866,7567,Tea,Afternoon,Weekend,2017,04
15867,7567,Scone,Afternoon,Weekend,2017,04
15868,7567,Soup,Afternoon,Weekend,2017,04
15869,7568,Bread,Afternoon,Weekend,2017,04
15870,7569,Soup,Afternoon,Weekend,2017,04
15871,7569,Sandwich,Afternoon,Weekend,2017,04
15872,7569,Juice,Afternoon,Weekend,2017,04
15873,7570,Cookies,Afternoon,Weekend,2017,04
15874,7570,Mineral water,Afternoon,Weekend,2017,04
15875,7570,Coffee,Afternoon,Weekend,2017,04
15876,7571,Cookies,Afternoon,Weekend,2017,04
15877,7571,Pastry,Afternoon,Weekend,2017,04
15878,7571,Coffee,Afternoon,Weekend,2017,04
15879,7572,Sandwich,Afternoon,Weekend,2017,04
15880,7572,Coffee,Afternoon,Weekend,2017,04
15881,7572,Soup,Afternoon,Weekend,2017,04
15882,7572,Art Tray,Afternoon,Weekend,2017,04
15883,7572,Scone,Afternoon,Weekend,2017,04
15884,7572,Brownie,Afternoon,Weekend,2017,04
15885,7573,Cake,Afternoon,Weekend,2017,04
15886,7573,Tiffin,Afternoon,Weekend,2017,04
15887,7574,Scone,Afternoon,Weekend,2017,04
15888,7574,Tea,Afternoon,Weekend,2017,04
15889,7575,Brownie,Afternoon,Weekend,2017,04
15890,7575,Cookies,Afternoon,Weekend,2017,04
15891,7576,Sandwich,Afternoon,Weekend,2017,04
15892,7576,Juice,Afternoon,Weekend,2017,04
15893,7577,Hot chocolate,Afternoon,Weekend,2017,04
15894,7577,Coffee,Afternoon,Weekend,2017,04
15895,7577,Cake,Afternoon,Weekend,2017,04
15896,7577,Scone,Afternoon,Weekend,2017,04
15897,7577,Cookies,Afternoon,Weekend,2017,04
15898,7577,Bread,Afternoon,Weekend,2017,04
15899,7578,Tea,Afternoon,Weekend,2017,04
15900,7578,Hot chocolate,Afternoon,Weekend,2017,04
15901,7578,Cake,Afternoon,Weekend,2017,04
15902,7578,Salad,Afternoon,Weekend,2017,04
15903,7579,Bread,Afternoon,Weekend,2017,04
15904,7579,Tea,Afternoon,Weekend,2017,04
15905,7579,Soup,Afternoon,Weekend,2017,04
15906,7579,Sandwich,Afternoon,Weekend,2017,04
15907,7580,Spanish Brunch,Afternoon,Weekend,2017,04
15908,7580,Sandwich,Afternoon,Weekend,2017,04
15909,7581,Toast,Afternoon,Weekend,2017,04
15910,7581,Bread,Afternoon,Weekend,2017,04
15911,7582,Coffee,Afternoon,Weekend,2017,04
15912,7582,Tea,Afternoon,Weekend,2017,04
15913,7582,Toast,Afternoon,Weekend,2017,04
15914,7583,Scone,Afternoon,Weekend,2017,04
15915,7584,Scone,Afternoon,Weekend,2017,04
15916,7584,Coffee,Afternoon,Weekend,2017,04
15917,7584,Coffee,Afternoon,Weekend,2017,04
15918,7585,Bread,Afternoon,Weekend,2017,04
15919,7585,Brownie,Afternoon,Weekend,2017,04
15920,7586,Tea,Afternoon,Weekend,2017,04
15921,7586,Soup,Afternoon,Weekend,2017,04
15922,7587,Hot chocolate,Afternoon,Weekend,2017,04
15923,7587,Coffee,Afternoon,Weekend,2017,04
15924,7587,Cake,Afternoon,Weekend,2017,04
15925,7587,Scone,Afternoon,Weekend,2017,04
15926,7588,Coke,Afternoon,Weekend,2017,04
15927,7588,Tea,Afternoon,Weekend,2017,04
15928,7588,Brownie,Afternoon,Weekend,2017,04
15929,7589,Hot chocolate,Afternoon,Weekend,2017,04
15930,7589,Truffles,Afternoon,Weekend,2017,04
15931,7589,Spanish Brunch,Afternoon,Weekend,2017,04
15932,7590,Chicken Stew,Afternoon,Weekend,2017,04
15933,7590,Granola,Afternoon,Weekend,2017,04
15934,7590,Coke,Afternoon,Weekend,2017,04
15935,7591,Spanish Brunch,Afternoon,Weekend,2017,04
15936,7591,Smoothies,Afternoon,Weekend,2017,04
15937,7592,Bread,Afternoon,Weekend,2017,04
15938,7593,Coffee,Afternoon,Weekend,2017,04
15939,7593,Coffee,Afternoon,Weekend,2017,04
15940,7593,Scone,Afternoon,Weekend,2017,04
15941,7594,Tea,Afternoon,Weekend,2017,04
15942,7595,Tea,Afternoon,Weekend,2017,04
15943,7596,Scandinavian,Afternoon,Weekend,2017,04
15944,7597,Coffee,Afternoon,Weekend,2017,04
15945,7597,Hot chocolate,Afternoon,Weekend,2017,04
15946,7598,Scone,Afternoon,Weekend,2017,04
15947,7598,Cake,Afternoon,Weekend,2017,04
15948,7598,Bread,Afternoon,Weekend,2017,04
15949,7598,Bread,Afternoon,Weekend,2017,04
15950,7598,Coffee,Afternoon,Weekend,2017,04
15951,7598,Hot chocolate,Afternoon,Weekend,2017,04
15952,7599,Tea,Afternoon,Weekend,2017,04
15953,7599,Scone,Afternoon,Weekend,2017,04
15954,7599,Bread,Afternoon,Weekend,2017,04
15955,7600,Scandinavian,Afternoon,Weekend,2017,04
15956,7601,Coffee,Afternoon,Weekend,2017,04
15957,7601,Coffee,Afternoon,Weekend,2017,04
15958,7601,Bread,Afternoon,Weekend,2017,04
15959,7602,Bread,Afternoon,Weekend,2017,04
15960,7602,Coffee,Afternoon,Weekend,2017,04
15961,7602,Scone,Afternoon,Weekend,2017,04
15962,7602,Cookies,Afternoon,Weekend,2017,04
15963,7602,Soup,Afternoon,Weekend,2017,04
15964,7602,Salad,Afternoon,Weekend,2017,04
15965,7602,Truffles,Afternoon,Weekend,2017,04
15966,7602,Mineral water,Afternoon,Weekend,2017,04
15967,7603,Tiffin,Afternoon,Weekend,2017,04
15968,7603,Coffee,Afternoon,Weekend,2017,04
15969,7603,Tea,Afternoon,Weekend,2017,04
15970,7604,Coffee,Afternoon,Weekend,2017,04
15971,7605,Bread,Afternoon,Weekend,2017,04
15972,7605,Hot chocolate,Afternoon,Weekend,2017,04
15973,7605,Scone,Afternoon,Weekend,2017,04
15974,7606,Tea,Afternoon,Weekend,2017,04
15975,7606,Tea,Afternoon,Weekend,2017,04
15976,7606,Coffee,Afternoon,Weekend,2017,04
15977,7606,Cake,Afternoon,Weekend,2017,04
15978,7606,Scone,Afternoon,Weekend,2017,04
15979,7607,Bread,Afternoon,Weekend,2017,04
15980,7608,Scandinavian,Afternoon,Weekend,2017,04
15981,7608,Muffin,Afternoon,Weekend,2017,04
15982,7609,Scandinavian,Evening,Weekend,2017,04
15983,7610,Farm House,Morning,Weekend,2017,05
15984,7611,Bread,Morning,Weekend,2017,05
15985,7611,Medialuna,Morning,Weekend,2017,05
15986,7612,Coffee,Morning,Weekend,2017,05
15987,7612,Spanish Brunch,Morning,Weekend,2017,05
15988,7613,Coffee,Morning,Weekend,2017,05
15989,7614,Coffee,Morning,Weekend,2017,05
15990,7615,Bread,Morning,Weekend,2017,05
15991,7615,Coffee,Morning,Weekend,2017,05
15992,7615,Pastry,Morning,Weekend,2017,05
15993,7615,Spanish Brunch,Morning,Weekend,2017,05
15994,7616,Bread,Morning,Weekend,2017,05
15995,7616,Scone,Morning,Weekend,2017,05
15996,7617,Bread,Morning,Weekend,2017,05
15997,7617,Coffee,Morning,Weekend,2017,05
15998,7617,Coffee,Morning,Weekend,2017,05
15999,7617,Toast,Morning,Weekend,2017,05
16000,7618,Bread,Morning,Weekend,2017,05
16001,7619,Pastry,Morning,Weekend,2017,05
16002,7619,Bread,Morning,Weekend,2017,05
16003,7619,Pastry,Morning,Weekend,2017,05
16004,7620,Hot chocolate,Morning,Weekend,2017,05
16005,7620,Cookies,Morning,Weekend,2017,05
16006,7620,Pastry,Morning,Weekend,2017,05
16007,7621,Coffee,Morning,Weekend,2017,05
16008,7621,Coffee,Morning,Weekend,2017,05
16009,7621,The Nomad,Morning,Weekend,2017,05
16010,7622,Coffee,Morning,Weekend,2017,05
16011,7622,Jammie Dodgers,Morning,Weekend,2017,05
16012,7622,Muffin,Morning,Weekend,2017,05
16013,7622,Tea,Morning,Weekend,2017,05
16014,7623,Coffee,Morning,Weekend,2017,05
16015,7624,Coffee,Morning,Weekend,2017,05
16016,7624,Brownie,Morning,Weekend,2017,05
16017,7625,Coffee,Morning,Weekend,2017,05
16018,7626,Bread,Morning,Weekend,2017,05
16019,7626,Coffee,Morning,Weekend,2017,05
16020,7627,Coffee,Morning,Weekend,2017,05
16021,7627,Coffee,Morning,Weekend,2017,05
16022,7627,Hot chocolate,Morning,Weekend,2017,05
16023,7627,Muffin,Morning,Weekend,2017,05
16024,7628,Bread,Morning,Weekend,2017,05
16025,7629,Farm House,Morning,Weekend,2017,05
16026,7630,Coffee,Morning,Weekend,2017,05
16027,7630,Tiffin,Morning,Weekend,2017,05
16028,7631,Coffee,Morning,Weekend,2017,05
16029,7631,Coffee,Morning,Weekend,2017,05
16030,7631,Toast,Morning,Weekend,2017,05
16031,7631,Pastry,Morning,Weekend,2017,05
16032,7631,Scone,Morning,Weekend,2017,05
16033,7632,Coffee,Morning,Weekend,2017,05
16034,7633,Jam,Morning,Weekend,2017,05
16035,7634,Pastry,Morning,Weekend,2017,05
16036,7634,Cake,Morning,Weekend,2017,05
16037,7634,Coffee,Morning,Weekend,2017,05
16038,7635,Soup,Morning,Weekend,2017,05
16039,7635,Coffee,Morning,Weekend,2017,05
16040,7635,Juice,Morning,Weekend,2017,05
16041,7635,Tea,Morning,Weekend,2017,05
16042,7636,Pastry,Morning,Weekend,2017,05
16043,7637,Coffee,Morning,Weekend,2017,05
16044,7638,Jammie Dodgers,Morning,Weekend,2017,05
16045,7638,Coffee,Morning,Weekend,2017,05
16046,7639,Coffee,Afternoon,Weekend,2017,05
16047,7640,Coffee,Afternoon,Weekend,2017,05
16048,7641,Muffin,Afternoon,Weekend,2017,05
16049,7642,Coffee,Afternoon,Weekend,2017,05
16050,7642,Cake,Afternoon,Weekend,2017,05
16051,7642,Muffin,Afternoon,Weekend,2017,05
16052,7643,Pastry,Afternoon,Weekend,2017,05
16053,7643,Bread,Afternoon,Weekend,2017,05
16054,7644,Coffee,Afternoon,Weekend,2017,05
16055,7644,Pastry,Afternoon,Weekend,2017,05
16056,7644,Bread,Afternoon,Weekend,2017,05
16057,7645,Hot chocolate,Afternoon,Weekend,2017,05
16058,7646,Juice,Afternoon,Weekend,2017,05
16059,7646,Cake,Afternoon,Weekend,2017,05
16060,7646,Coffee,Afternoon,Weekend,2017,05
16061,7647,Coke,Afternoon,Weekend,2017,05
16062,7647,Sandwich,Afternoon,Weekend,2017,05
16063,7648,Sandwich,Afternoon,Weekend,2017,05
16064,7648,Smoothies,Afternoon,Weekend,2017,05
16065,7649,Coffee,Afternoon,Weekend,2017,05
16066,7649,Coffee,Afternoon,Weekend,2017,05
16067,7650,Scone,Afternoon,Weekend,2017,05
16068,7651,Cake,Afternoon,Weekend,2017,05
16069,7651,Bread,Afternoon,Weekend,2017,05
16070,7651,Coffee,Afternoon,Weekend,2017,05
16071,7651,Juice,Afternoon,Weekend,2017,05
16072,7652,Cake,Afternoon,Weekend,2017,05
16073,7652,Coffee,Afternoon,Weekend,2017,05
16074,7652,Tea,Afternoon,Weekend,2017,05
16075,7653,Truffles,Afternoon,Weekend,2017,05
16076,7653,Coffee,Afternoon,Weekend,2017,05
16077,7653,Cake,Afternoon,Weekend,2017,05
16078,7653,Pastry,Afternoon,Weekend,2017,05
16079,7653,Sandwich,Afternoon,Weekend,2017,05
16080,7654,Tiffin,Afternoon,Weekend,2017,05
16081,7655,Coffee,Afternoon,Weekend,2017,05
16082,7655,Cake,Afternoon,Weekend,2017,05
16083,7656,Cake,Afternoon,Weekend,2017,05
16084,7656,Scone,Afternoon,Weekend,2017,05
16085,7656,Medialuna,Afternoon,Weekend,2017,05
16086,7656,Soup,Afternoon,Weekend,2017,05
16087,7656,Coffee,Afternoon,Weekend,2017,05
16088,7656,Coffee,Afternoon,Weekend,2017,05
16089,7656,Tea,Afternoon,Weekend,2017,05
16090,7657,Coffee,Afternoon,Weekend,2017,05
16091,7658,Bread,Afternoon,Weekend,2017,05
16092,7658,Coffee,Afternoon,Weekend,2017,05
16093,7659,Coffee,Afternoon,Weekend,2017,05
16094,7659,Medialuna,Afternoon,Weekend,2017,05
16095,7659,Pastry,Afternoon,Weekend,2017,05
16096,7660,Jammie Dodgers,Afternoon,Weekend,2017,05
16097,7660,Tiffin,Afternoon,Weekend,2017,05
16098,7661,Coffee,Afternoon,Weekend,2017,05
16099,7661,Bread,Afternoon,Weekend,2017,05
16100,7661,Alfajores,Afternoon,Weekend,2017,05
16101,7663,Afternoon with the baker,Evening,Weekend,2017,05
16102,7664,Afternoon with the baker,Evening,Weekend,2017,05
16103,7665,Afternoon with the baker,Evening,Weekend,2017,05
16104,7666,Afternoon with the baker,Evening,Weekend,2017,05
16105,7666,Afternoon with the baker,Evening,Weekend,2017,05
16106,7667,Afternoon with the baker,Evening,Weekend,2017,05
16107,7668,Jammie Dodgers,Morning,Weekday,2017,06
16108,7669,Coffee,Morning,Weekday,2017,06
16109,7670,Coffee,Morning,Weekday,2017,06
16110,7671,Coffee,Morning,Weekday,2017,06
16111,7671,Bread,Morning,Weekday,2017,06
16112,7672,Coffee,Morning,Weekday,2017,06
16113,7673,Bread,Morning,Weekday,2017,06
16114,7674,Bread,Morning,Weekday,2017,06
16115,7675,Coffee,Morning,Weekday,2017,06
16116,7675,Pastry,Morning,Weekday,2017,06
16117,7676,Bread,Morning,Weekday,2017,06
16118,7677,Tea,Morning,Weekday,2017,06
16119,7677,Pastry,Morning,Weekday,2017,06
16120,7678,Pastry,Morning,Weekday,2017,06
16121,7679,Tea,Morning,Weekday,2017,06
16122,7680,Coffee,Morning,Weekday,2017,06
16123,7681,Farm House,Morning,Weekday,2017,06
16124,7682,Coffee,Morning,Weekday,2017,06
16125,7683,Cookies,Morning,Weekday,2017,06
16126,7683,Pastry,Morning,Weekday,2017,06
16127,7683,Coffee,Morning,Weekday,2017,06
16128,7683,Coffee,Morning,Weekday,2017,06
16129,7684,Bread,Morning,Weekday,2017,06
16130,7684,Coffee,Morning,Weekday,2017,06
16131,7684,Toast,Morning,Weekday,2017,06
16132,7685,Tea,Morning,Weekday,2017,06
16133,7685,Coffee,Morning,Weekday,2017,06
16134,7685,Cake,Morning,Weekday,2017,06
16135,7686,Toast,Morning,Weekday,2017,06
16136,7686,Coffee,Morning,Weekday,2017,06
16137,7687,Coffee,Morning,Weekday,2017,06
16138,7687,Toast,Morning,Weekday,2017,06
16139,7688,Bread,Morning,Weekday,2017,06
16140,7689,Bread,Morning,Weekday,2017,06
16141,7690,Bread,Morning,Weekday,2017,06
16142,7691,Farm House,Morning,Weekday,2017,06
16143,7691,Cake,Morning,Weekday,2017,06
16144,7692,Soup,Morning,Weekday,2017,06
16145,7692,Coffee,Morning,Weekday,2017,06
16146,7693,Coffee,Afternoon,Weekday,2017,06
16147,7694,Bread,Afternoon,Weekday,2017,06
16148,7694,Sandwich,Afternoon,Weekday,2017,06
16149,7695,Bread,Afternoon,Weekday,2017,06
16150,7696,Juice,Afternoon,Weekday,2017,06
16151,7696,Coffee,Afternoon,Weekday,2017,06
16152,7696,Sandwich,Afternoon,Weekday,2017,06
16153,7696,Cake,Afternoon,Weekday,2017,06
16154,7697,Bread,Afternoon,Weekday,2017,06
16155,7698,Tea,Afternoon,Weekday,2017,06
16156,7699,Cake,Afternoon,Weekday,2017,06
16157,7699,Bread,Afternoon,Weekday,2017,06
16158,7700,Chicken Stew,Afternoon,Weekday,2017,06
16159,7700,Coffee,Afternoon,Weekday,2017,06
16160,7701,Coffee,Afternoon,Weekday,2017,06
16161,7702,Coffee,Afternoon,Weekday,2017,06
16162,7702,Salad,Afternoon,Weekday,2017,06
16163,7703,Soup,Afternoon,Weekday,2017,06
16164,7703,Bread,Afternoon,Weekday,2017,06
16165,7704,Bread,Afternoon,Weekday,2017,06
16166,7704,Cake,Afternoon,Weekday,2017,06
16167,7705,Bread,Afternoon,Weekday,2017,06
16168,7706,Coffee,Afternoon,Weekday,2017,06
16169,7706,Coffee,Afternoon,Weekday,2017,06
16170,7706,Cake,Afternoon,Weekday,2017,06
16171,7706,Sandwich,Afternoon,Weekday,2017,06
16172,7706,Sandwich,Afternoon,Weekday,2017,06
16173,7707,Cake,Afternoon,Weekday,2017,06
16174,7707,Truffles,Afternoon,Weekday,2017,06
16175,7707,Tea,Afternoon,Weekday,2017,06
16176,7707,Coffee,Afternoon,Weekday,2017,06
16177,7707,Salad,Afternoon,Weekday,2017,06
16178,7707,Chicken Stew,Afternoon,Weekday,2017,06
16179,7708,Coffee,Afternoon,Weekday,2017,06
16180,7708,Juice,Afternoon,Weekday,2017,06
16181,7708,Drinking chocolate spoons ,Afternoon,Weekday,2017,06
16182,7709,Bread,Afternoon,Weekday,2017,06
16183,7709,Sandwich,Afternoon,Weekday,2017,06
16184,7709,Coffee,Afternoon,Weekday,2017,06
16185,7709,Coffee,Afternoon,Weekday,2017,06
16186,7709,Soup,Afternoon,Weekday,2017,06
16187,7709,Cake,Afternoon,Weekday,2017,06
16188,7710,Juice,Afternoon,Weekday,2017,06
16189,7711,Tea,Afternoon,Weekday,2017,06
16190,7712,Bread,Afternoon,Weekday,2017,06
16191,7713,Tea,Afternoon,Weekday,2017,06
16192,7713,Hot chocolate,Afternoon,Weekday,2017,06
16193,7713,Cake,Afternoon,Weekday,2017,06
16194,7714,Tea,Afternoon,Weekday,2017,06
16195,7714,Coffee,Afternoon,Weekday,2017,06
16196,7714,Toast,Afternoon,Weekday,2017,06
16197,7714,Pastry,Afternoon,Weekday,2017,06
16198,7715,Coffee,Afternoon,Weekday,2017,06
16199,7715,Cake,Afternoon,Weekday,2017,06
16200,7716,Afternoon with the baker,Afternoon,Weekday,2017,06
16201,7717,Bread,Morning,Weekday,2017,07
16202,7718,Coffee,Morning,Weekday,2017,07
16203,7719,Toast,Morning,Weekday,2017,07
16204,7719,Coffee,Morning,Weekday,2017,07
16205,7720,Bread,Morning,Weekday,2017,07
16206,7720,Cookies,Morning,Weekday,2017,07
16207,7720,Pastry,Morning,Weekday,2017,07
16208,7721,Coke,Morning,Weekday,2017,07
16209,7722,Coffee,Morning,Weekday,2017,07
16210,7723,Coffee,Morning,Weekday,2017,07
16211,7723,Tea,Morning,Weekday,2017,07
16212,7724,Bread,Morning,Weekday,2017,07
16213,7724,Pastry,Morning,Weekday,2017,07
16214,7725,Coffee,Morning,Weekday,2017,07
16215,7726,Coffee,Morning,Weekday,2017,07
16216,7727,Bread,Morning,Weekday,2017,07
16217,7727,Pastry,Morning,Weekday,2017,07
16218,7728,Baguette,Morning,Weekday,2017,07
16219,7729,Bread,Morning,Weekday,2017,07
16220,7730,Coffee,Morning,Weekday,2017,07
16221,7731,Tea,Morning,Weekday,2017,07
16222,7731,Coffee,Morning,Weekday,2017,07
16223,7732,Coffee,Morning,Weekday,2017,07
16224,7732,Coffee,Morning,Weekday,2017,07
16225,7732,Granola,Morning,Weekday,2017,07
16226,7733,Coffee,Morning,Weekday,2017,07
16227,7734,Bread,Morning,Weekday,2017,07
16228,7735,Bread,Morning,Weekday,2017,07
16229,7735,Sandwich,Morning,Weekday,2017,07
16230,7736,Coffee,Morning,Weekday,2017,07
16231,7737,Coffee,Morning,Weekday,2017,07
16232,7738,Bread,Morning,Weekday,2017,07
16233,7738,Toast,Morning,Weekday,2017,07
16234,7739,Hot chocolate,Morning,Weekday,2017,07
16235,7739,Coffee,Morning,Weekday,2017,07
16236,7739,Pastry,Morning,Weekday,2017,07
16237,7739,Cookies,Morning,Weekday,2017,07
16238,7740,Coffee,Morning,Weekday,2017,07
16239,7740,Coffee,Morning,Weekday,2017,07
16240,7740,Bread,Morning,Weekday,2017,07
16241,7740,Cookies,Morning,Weekday,2017,07
16242,7741,Baguette,Morning,Weekday,2017,07
16243,7742,Bread,Morning,Weekday,2017,07
16244,7742,Tea,Morning,Weekday,2017,07
16245,7743,Coffee,Morning,Weekday,2017,07
16246,7744,Coffee,Morning,Weekday,2017,07
16247,7745,Bread,Morning,Weekday,2017,07
16248,7746,Coffee,Afternoon,Weekday,2017,07
16249,7746,Bread,Afternoon,Weekday,2017,07
16250,7746,Pastry,Afternoon,Weekday,2017,07
16251,7747,Bread,Afternoon,Weekday,2017,07
16252,7748,Pastry,Afternoon,Weekday,2017,07
16253,7748,Coffee,Afternoon,Weekday,2017,07
16254,7748,Bread,Afternoon,Weekday,2017,07
16255,7748,Spanish Brunch,Afternoon,Weekday,2017,07
16256,7749,Soup,Afternoon,Weekday,2017,07
16257,7749,Coffee,Afternoon,Weekday,2017,07
16258,7749,Coffee,Afternoon,Weekday,2017,07
16259,7750,Bread,Afternoon,Weekday,2017,07
16260,7750,Salad,Afternoon,Weekday,2017,07
16261,7750,Spanish Brunch,Afternoon,Weekday,2017,07
16262,7750,Jam,Afternoon,Weekday,2017,07
16263,7751,Tea,Afternoon,Weekday,2017,07
16264,7751,Soup,Afternoon,Weekday,2017,07
16265,7753,Coffee,Afternoon,Weekday,2017,07
16266,7753,Soup,Afternoon,Weekday,2017,07
16267,7753,Sandwich,Afternoon,Weekday,2017,07
16268,7754,Hot chocolate,Afternoon,Weekday,2017,07
16269,7754,Coffee,Afternoon,Weekday,2017,07
16270,7754,Sandwich,Afternoon,Weekday,2017,07
16271,7754,Cake,Afternoon,Weekday,2017,07
16272,7755,Coffee,Afternoon,Weekday,2017,07
16273,7755,Salad,Afternoon,Weekday,2017,07
16274,7755,Tiffin,Afternoon,Weekday,2017,07
16275,7756,Hot chocolate,Afternoon,Weekday,2017,07
16276,7756,Coffee,Afternoon,Weekday,2017,07
16277,7756,Sandwich,Afternoon,Weekday,2017,07
16278,7756,Cake,Afternoon,Weekday,2017,07
16279,7757,Coffee,Afternoon,Weekday,2017,07
16280,7757,Soup,Afternoon,Weekday,2017,07
16281,7757,Spanish Brunch,Afternoon,Weekday,2017,07
16282,7758,Cookies,Afternoon,Weekday,2017,07
16283,7759,Farm House,Afternoon,Weekday,2017,07
16284,7760,Farm House,Afternoon,Weekday,2017,07
16285,7760,Soup,Afternoon,Weekday,2017,07
16286,7760,Salad,Afternoon,Weekday,2017,07
16287,7760,Spanish Brunch,Afternoon,Weekday,2017,07
16288,7760,Toast,Afternoon,Weekday,2017,07
16289,7760,Coffee,Afternoon,Weekday,2017,07
16290,7760,Coffee,Afternoon,Weekday,2017,07
16291,7761,Fudge,Afternoon,Weekday,2017,07
16292,7762,Chicken Stew,Afternoon,Weekday,2017,07
16293,7762,Tea,Afternoon,Weekday,2017,07
16294,7763,Farm House,Afternoon,Weekday,2017,07
16295,7764,Cake,Afternoon,Weekday,2017,07
16296,7764,Tiffin,Afternoon,Weekday,2017,07
16297,7764,Coffee,Afternoon,Weekday,2017,07
16298,7764,Coffee,Afternoon,Weekday,2017,07
16299,7765,Spanish Brunch,Afternoon,Weekday,2017,07
16300,7765,Tea,Afternoon,Weekday,2017,07
16301,7766,Bread,Afternoon,Weekday,2017,07
16302,7767,Coffee,Afternoon,Weekday,2017,07
16303,7768,Pastry,Afternoon,Weekday,2017,07
16304,7768,Tiffin,Afternoon,Weekday,2017,07
16305,7768,Truffles,Afternoon,Weekday,2017,07
16306,7768,Bread,Afternoon,Weekday,2017,07
16307,7768,Soup,Afternoon,Weekday,2017,07
16308,7769,Bread,Afternoon,Weekday,2017,07
16309,7770,Bread,Afternoon,Weekday,2017,07
16310,7770,Pastry,Afternoon,Weekday,2017,07
16311,7771,Coffee,Afternoon,Weekday,2017,07
16312,7771,Cake,Afternoon,Weekday,2017,07
16313,7772,Tea,Afternoon,Weekday,2017,07
16314,7772,Tea,Afternoon,Weekday,2017,07
16315,7772,Cake,Afternoon,Weekday,2017,07
16316,7772,Cake,Afternoon,Weekday,2017,07
16317,7773,Cake,Afternoon,Weekday,2017,07
16318,7773,Tea,Afternoon,Weekday,2017,07
16319,7774,Hot chocolate,Morning,Weekday,2017,08
16320,7774,Coffee,Morning,Weekday,2017,08
16321,7774,Bread,Morning,Weekday,2017,08
16322,7775,Bread,Morning,Weekday,2017,08
16323,7776,Bread,Morning,Weekday,2017,08
16324,7776,Bread,Morning,Weekday,2017,08
16325,7777,Bread,Morning,Weekday,2017,08
16326,7778,Bread,Morning,Weekday,2017,08
16327,7778,Pastry,Morning,Weekday,2017,08
16328,7779,Pastry,Morning,Weekday,2017,08
16329,7779,Coffee,Morning,Weekday,2017,08
16330,7780,Medialuna,Morning,Weekday,2017,08
16331,7780,Bread,Morning,Weekday,2017,08
16332,7781,Toast,Morning,Weekday,2017,08
16333,7781,Bread,Morning,Weekday,2017,08
16334,7782,Bread,Morning,Weekday,2017,08
16335,7783,Coffee,Morning,Weekday,2017,08
16336,7783,Coffee,Morning,Weekday,2017,08
16337,7783,Cake,Morning,Weekday,2017,08
16338,7784,Tea,Morning,Weekday,2017,08
16339,7784,Tea,Morning,Weekday,2017,08
16340,7784,Bread,Morning,Weekday,2017,08
16341,7784,Coffee,Morning,Weekday,2017,08
16342,7784,Pastry,Morning,Weekday,2017,08
16343,7785,Bread,Morning,Weekday,2017,08
16344,7786,Pastry,Morning,Weekday,2017,08
16345,7787,Bread,Morning,Weekday,2017,08
16346,7788,Baguette,Morning,Weekday,2017,08
16347,7789,Coffee,Afternoon,Weekday,2017,08
16348,7789,Coffee,Afternoon,Weekday,2017,08
16349,7789,Pastry,Afternoon,Weekday,2017,08
16350,7790,Bread,Afternoon,Weekday,2017,08
16351,7791,Coffee,Afternoon,Weekday,2017,08
16352,7791,Coffee,Afternoon,Weekday,2017,08
16353,7792,Coffee,Afternoon,Weekday,2017,08
16354,7792,Coffee,Afternoon,Weekday,2017,08
16355,7792,Chicken Stew,Afternoon,Weekday,2017,08
16356,7792,Salad,Afternoon,Weekday,2017,08
16357,7793,Bread,Afternoon,Weekday,2017,08
16358,7794,Soup,Afternoon,Weekday,2017,08
16359,7795,Truffles,Afternoon,Weekday,2017,08
16360,7795,Coffee,Afternoon,Weekday,2017,08
16361,7795,Sandwich,Afternoon,Weekday,2017,08
16362,7795,Sandwich,Afternoon,Weekday,2017,08
16363,7795,Bread,Afternoon,Weekday,2017,08
16364,7796,Soup,Afternoon,Weekday,2017,08
16365,7796,Soup,Afternoon,Weekday,2017,08
16366,7796,Mineral water,Afternoon,Weekday,2017,08
16367,7796,Farm House,Afternoon,Weekday,2017,08
16368,7797,Bread,Afternoon,Weekday,2017,08
16369,7798,Coffee,Afternoon,Weekday,2017,08
16370,7798,Tea,Afternoon,Weekday,2017,08
16371,7798,Soup,Afternoon,Weekday,2017,08
16372,7799,Chicken Stew,Afternoon,Weekday,2017,08
16373,7800,Coffee,Afternoon,Weekday,2017,08
16374,7801,Cake,Afternoon,Weekday,2017,08
16375,7801,Jammie Dodgers,Afternoon,Weekday,2017,08
16376,7802,Bread,Afternoon,Weekday,2017,08
16377,7803,Coffee,Afternoon,Weekday,2017,08
16378,7803,Coffee,Afternoon,Weekday,2017,08
16379,7803,Coffee,Afternoon,Weekday,2017,08
16380,7803,Tea,Afternoon,Weekday,2017,08
16381,7803,Cake,Afternoon,Weekday,2017,08
16382,7803,Scone,Afternoon,Weekday,2017,08
16383,7803,Sandwich,Afternoon,Weekday,2017,08
16384,7803,Sandwich,Afternoon,Weekday,2017,08
16385,7804,Baguette,Afternoon,Weekday,2017,08
16386,7805,Tea,Afternoon,Weekday,2017,08
16387,7805,Juice,Afternoon,Weekday,2017,08
16388,7805,Scone,Afternoon,Weekday,2017,08
16389,7805,Cake,Afternoon,Weekday,2017,08
16390,7806,Bread,Afternoon,Weekday,2017,08
16391,7806,Pastry,Afternoon,Weekday,2017,08
16392,7807,Coffee,Evening,Weekday,2017,08
16393,7807,Tiffin,Evening,Weekday,2017,08
16394,7807,Cake,Evening,Weekday,2017,08
16395,7807,Truffles,Evening,Weekday,2017,08
16396,7808,Coffee,Morning,Weekday,2017,09
16397,7808,Jammie Dodgers,Morning,Weekday,2017,09
16398,7809,Coffee,Morning,Weekday,2017,09
16399,7809,Toast,Morning,Weekday,2017,09
16400,7810,Bread,Morning,Weekday,2017,09
16401,7811,Pastry,Morning,Weekday,2017,09
16402,7811,Coffee,Morning,Weekday,2017,09
16403,7812,Coffee,Morning,Weekday,2017,09
16404,7813,Coffee,Morning,Weekday,2017,09
16405,7813,Toast,Morning,Weekday,2017,09
16406,7813,Bread,Morning,Weekday,2017,09
16407,7814,Baguette,Morning,Weekday,2017,09
16408,7815,Coffee,Morning,Weekday,2017,09
16409,7815,Toast,Morning,Weekday,2017,09
16410,7816,Coffee,Morning,Weekday,2017,09
16411,7816,Tea,Morning,Weekday,2017,09
16412,7816,Cake,Morning,Weekday,2017,09
16413,7816,Bread,Morning,Weekday,2017,09
16414,7817,Bread,Morning,Weekday,2017,09
16415,7817,Hot chocolate,Morning,Weekday,2017,09
16416,7818,Coffee,Morning,Weekday,2017,09
16417,7818,Baguette,Morning,Weekday,2017,09
16418,7819,Tiffin,Morning,Weekday,2017,09
16419,7819,Cake,Morning,Weekday,2017,09
16420,7820,Coffee,Morning,Weekday,2017,09
16421,7821,Coffee,Morning,Weekday,2017,09
16422,7822,Cake,Morning,Weekday,2017,09
16423,7822,Juice,Morning,Weekday,2017,09
16424,7823,Bread,Morning,Weekday,2017,09
16425,7824,Coffee,Morning,Weekday,2017,09
16426,7824,Tiffin,Morning,Weekday,2017,09
16427,7825,Tea,Afternoon,Weekday,2017,09
16428,7825,Sandwich,Afternoon,Weekday,2017,09
16429,7826,Sandwich,Afternoon,Weekday,2017,09
16430,7826,Tea,Afternoon,Weekday,2017,09
16431,7827,Coffee,Afternoon,Weekday,2017,09
16432,7827,Chicken Stew,Afternoon,Weekday,2017,09
16433,7828,Sandwich,Afternoon,Weekday,2017,09
16434,7828,Cookies,Afternoon,Weekday,2017,09
16435,7829,Salad,Afternoon,Weekday,2017,09
16436,7829,Coffee,Afternoon,Weekday,2017,09
16437,7829,Juice,Afternoon,Weekday,2017,09
16438,7830,Tea,Afternoon,Weekday,2017,09
16439,7830,Bread,Afternoon,Weekday,2017,09
16440,7830,Salad,Afternoon,Weekday,2017,09
16441,7830,Sandwich,Afternoon,Weekday,2017,09
16442,7831,Bread,Afternoon,Weekday,2017,09
16443,7831,Pastry,Afternoon,Weekday,2017,09
16444,7831,Truffles,Afternoon,Weekday,2017,09
16445,7832,Bread,Afternoon,Weekday,2017,09
16446,7832,Scandinavian,Afternoon,Weekday,2017,09
16447,7833,Chicken Stew,Afternoon,Weekday,2017,09
16448,7833,Coffee,Afternoon,Weekday,2017,09
16449,7834,Soup,Afternoon,Weekday,2017,09
16450,7835,Coffee,Afternoon,Weekday,2017,09
16451,7835,Sandwich,Afternoon,Weekday,2017,09
16452,7836,Cookies,Afternoon,Weekday,2017,09
16453,7836,Soup,Afternoon,Weekday,2017,09
16454,7837,Christmas common,Afternoon,Weekday,2017,09
16455,7838,Coffee,Afternoon,Weekday,2017,09
16456,7839,Soup,Afternoon,Weekday,2017,09
16457,7839,Sandwich,Afternoon,Weekday,2017,09
16458,7839,Coffee,Afternoon,Weekday,2017,09
16459,7839,Medialuna,Afternoon,Weekday,2017,09
16460,7840,Coffee,Afternoon,Weekday,2017,09
16461,7840,Coffee,Afternoon,Weekday,2017,09
16462,7840,Hot chocolate,Afternoon,Weekday,2017,09
16463,7840,Coffee,Afternoon,Weekday,2017,09
16464,7840,Pastry,Afternoon,Weekday,2017,09
16465,7840,Cake,Afternoon,Weekday,2017,09
16466,7841,Coffee,Afternoon,Weekday,2017,09
16467,7842,Pastry,Afternoon,Weekday,2017,09
16468,7843,Bread,Afternoon,Weekday,2017,09
16469,7843,Coffee,Afternoon,Weekday,2017,09
16470,7843,Pastry,Afternoon,Weekday,2017,09
16471,7843,Chicken Stew,Afternoon,Weekday,2017,09
16472,7844,Coffee,Afternoon,Weekday,2017,09
16473,7845,Tea,Afternoon,Weekday,2017,09
16474,7845,Cake,Afternoon,Weekday,2017,09
16475,7846,Truffles,Afternoon,Weekday,2017,09
16476,7846,Spanish Brunch,Afternoon,Weekday,2017,09
16477,7846,Cake,Afternoon,Weekday,2017,09
16478,7846,Coffee,Afternoon,Weekday,2017,09
16479,7847,Truffles,Afternoon,Weekday,2017,09
16480,7847,Spanish Brunch,Afternoon,Weekday,2017,09
16481,7847,Cake,Afternoon,Weekday,2017,09
16482,7848,Bread,Afternoon,Weekday,2017,09
16483,7848,Tea,Afternoon,Weekday,2017,09
16484,7848,Scone,Afternoon,Weekday,2017,09
16485,7849,Coke,Afternoon,Weekday,2017,09
16486,7849,Tea,Afternoon,Weekday,2017,09
16487,7850,Tea,Afternoon,Weekday,2017,09
16488,7850,Cake,Afternoon,Weekday,2017,09
16489,7851,Coke,Afternoon,Weekday,2017,09
16490,7852,Bread,Afternoon,Weekday,2017,09
16491,7852,Cake,Afternoon,Weekday,2017,09
16492,7852,Coffee,Afternoon,Weekday,2017,09
16493,7852,Bread,Afternoon,Weekday,2017,09
16494,7853,Coffee,Evening,Weekday,2017,09
16495,7853,Coffee,Evening,Weekday,2017,09
16496,7853,Tea,Evening,Weekday,2017,09
16497,7853,Cake,Evening,Weekday,2017,09
16498,7853,Scone,Evening,Weekday,2017,09
16499,7853,Cookies,Evening,Weekday,2017,09
16500,7854,Coffee,Morning,Weekday,2017,10
16501,7855,Coffee,Morning,Weekday,2017,10
16502,7856,Coffee,Morning,Weekday,2017,10
16503,7857,Bread,Morning,Weekday,2017,10
16504,7858,Coffee,Morning,Weekday,2017,10
16505,7858,Bread,Morning,Weekday,2017,10
16506,7858,Pastry,Morning,Weekday,2017,10
16507,7859,Coffee,Morning,Weekday,2017,10
16508,7859,Bread,Morning,Weekday,2017,10
16509,7859,Spanish Brunch,Morning,Weekday,2017,10
16510,7860,Bread,Morning,Weekday,2017,10
16511,7860,Toast,Morning,Weekday,2017,10
16512,7861,Bread,Morning,Weekday,2017,10
16513,7862,Baguette,Morning,Weekday,2017,10
16514,7863,Coffee,Morning,Weekday,2017,10
16515,7863,Pastry,Morning,Weekday,2017,10
16516,7864,Hot chocolate,Morning,Weekday,2017,10
16517,7864,Tea,Morning,Weekday,2017,10
16518,7864,Cake,Morning,Weekday,2017,10
16519,7865,Coffee,Morning,Weekday,2017,10
16520,7865,Bread,Morning,Weekday,2017,10
16521,7866,Bread,Morning,Weekday,2017,10
16522,7866,Bread,Morning,Weekday,2017,10
16523,7866,Pastry,Morning,Weekday,2017,10
16524,7867,Coffee,Morning,Weekday,2017,10
16525,7868,Pastry,Morning,Weekday,2017,10
16526,7868,Pastry,Morning,Weekday,2017,10
16527,7869,Bread,Morning,Weekday,2017,10
16528,7869,Coffee,Morning,Weekday,2017,10
16529,7869,Coffee,Morning,Weekday,2017,10
16530,7869,Bread,Morning,Weekday,2017,10
16531,7869,Toast,Morning,Weekday,2017,10
16532,7870,Coffee,Morning,Weekday,2017,10
16533,7871,Bread,Morning,Weekday,2017,10
16534,7872,Coffee,Morning,Weekday,2017,10
16535,7873,Bread,Morning,Weekday,2017,10
16536,7873,Cookies,Morning,Weekday,2017,10
16537,7874,Medialuna,Morning,Weekday,2017,10
16538,7874,Bread,Morning,Weekday,2017,10
16539,7875,Tea,Morning,Weekday,2017,10
16540,7876,Coffee,Morning,Weekday,2017,10
16541,7876,Cake,Morning,Weekday,2017,10
16542,7876,Jam,Morning,Weekday,2017,10
16543,7876,Truffles,Morning,Weekday,2017,10
16544,7877,Coffee,Morning,Weekday,2017,10
16545,7877,Coffee,Morning,Weekday,2017,10
16546,7877,Juice,Morning,Weekday,2017,10
16547,7877,Pastry,Morning,Weekday,2017,10
16548,7877,Cookies,Morning,Weekday,2017,10
16549,7878,Coffee,Morning,Weekday,2017,10
16550,7878,Tiffin,Morning,Weekday,2017,10
16551,7878,Bread,Morning,Weekday,2017,10
16552,7879,Cake,Morning,Weekday,2017,10
16553,7879,Cookies,Morning,Weekday,2017,10
16554,7879,Cookies,Morning,Weekday,2017,10
16555,7879,Coffee,Morning,Weekday,2017,10
16556,7879,Coffee,Morning,Weekday,2017,10
16557,7879,Juice,Morning,Weekday,2017,10
16558,7880,Vegan Feast,Morning,Weekday,2017,10
16559,7880,Pastry,Morning,Weekday,2017,10
16560,7880,Coffee,Morning,Weekday,2017,10
16561,7880,Coffee,Morning,Weekday,2017,10
16562,7881,Coffee,Morning,Weekday,2017,10
16563,7881,Pastry,Morning,Weekday,2017,10
16564,7882,Coffee,Morning,Weekday,2017,10
16565,7882,Bread,Morning,Weekday,2017,10
16566,7883,Bread,Morning,Weekday,2017,10
16567,7883,Coffee,Morning,Weekday,2017,10
16568,7884,Bread,Morning,Weekday,2017,10
16569,7885,Coffee,Morning,Weekday,2017,10
16570,7885,Coffee,Morning,Weekday,2017,10
16571,7885,Medialuna,Morning,Weekday,2017,10
16572,7886,Coffee,Morning,Weekday,2017,10
16573,7887,Coffee,Morning,Weekday,2017,10
16574,7887,Tea,Morning,Weekday,2017,10
16575,7887,Tiffin,Morning,Weekday,2017,10
16576,7888,Bread,Morning,Weekday,2017,10
16577,7888,Bread,Morning,Weekday,2017,10
16578,7889,Brownie,Morning,Weekday,2017,10
16579,7890,Coffee,Afternoon,Weekday,2017,10
16580,7891,Tea,Afternoon,Weekday,2017,10
16581,7891,Sandwich,Afternoon,Weekday,2017,10
16582,7891,Sandwich,Afternoon,Weekday,2017,10
16583,7892,Coffee,Afternoon,Weekday,2017,10
16584,7892,Tiffin,Afternoon,Weekday,2017,10
16585,7893,Bread,Afternoon,Weekday,2017,10
16586,7893,Scone,Afternoon,Weekday,2017,10
16587,7894,Soup,Afternoon,Weekday,2017,10
16588,7894,Salad,Afternoon,Weekday,2017,10
16589,7894,Bread,Afternoon,Weekday,2017,10
16590,7895,Sandwich,Afternoon,Weekday,2017,10
16591,7895,Coke,Afternoon,Weekday,2017,10
16592,7896,Toast,Afternoon,Weekday,2017,10
16593,7896,Coffee,Afternoon,Weekday,2017,10
16594,7896,Bread,Afternoon,Weekday,2017,10
16595,7897,Cake,Afternoon,Weekday,2017,10
16596,7897,Sandwich,Afternoon,Weekday,2017,10
16597,7897,Sandwich,Afternoon,Weekday,2017,10
16598,7897,Coffee,Afternoon,Weekday,2017,10
16599,7898,Truffles,Afternoon,Weekday,2017,10
16600,7898,Soup,Afternoon,Weekday,2017,10
16601,7899,Vegan mincepie,Afternoon,Weekday,2017,10
16602,7899,Cookies,Afternoon,Weekday,2017,10
16603,7899,Tiffin,Afternoon,Weekday,2017,10
16604,7899,Bread,Afternoon,Weekday,2017,10
16605,7900,Cookies,Afternoon,Weekday,2017,10
16606,7901,Soup,Afternoon,Weekday,2017,10
16607,7902,Coffee,Afternoon,Weekday,2017,10
16608,7902,Spanish Brunch,Afternoon,Weekday,2017,10
16609,7903,Coffee,Afternoon,Weekday,2017,10
16610,7903,Scone,Afternoon,Weekday,2017,10
16611,7904,Bread,Afternoon,Weekday,2017,10
16612,7904,Coffee,Afternoon,Weekday,2017,10
16613,7904,Sandwich,Afternoon,Weekday,2017,10
16614,7905,Salad,Afternoon,Weekday,2017,10
16615,7905,Spanish Brunch,Afternoon,Weekday,2017,10
16616,7905,Coke,Afternoon,Weekday,2017,10
16617,7906,Coffee,Afternoon,Weekday,2017,10
16618,7906,Tea,Afternoon,Weekday,2017,10
16619,7906,Bread,Afternoon,Weekday,2017,10
16620,7906,Tiffin,Afternoon,Weekday,2017,10
16621,7906,Chicken Stew,Afternoon,Weekday,2017,10
16622,7907,Tea,Afternoon,Weekday,2017,10
16623,7907,Bread,Afternoon,Weekday,2017,10
16624,7907,Cake,Afternoon,Weekday,2017,10
16625,7908,Truffles,Afternoon,Weekday,2017,10
16626,7908,Mineral water,Afternoon,Weekday,2017,10
16627,7908,Bread,Afternoon,Weekday,2017,10
16628,7908,Scone,Afternoon,Weekday,2017,10
16629,7908,Spanish Brunch,Afternoon,Weekday,2017,10
16630,7909,Coffee,Afternoon,Weekday,2017,10
16631,7910,Truffles,Afternoon,Weekday,2017,10
16632,7910,Cake,Afternoon,Weekday,2017,10
16633,7911,Coffee,Afternoon,Weekday,2017,10
16634,7912,Coffee,Afternoon,Weekday,2017,10
16635,7912,Bread,Afternoon,Weekday,2017,10
16636,7913,Cookies,Afternoon,Weekday,2017,10
16637,7913,Tiffin,Afternoon,Weekday,2017,10
16638,7914,Tea,Afternoon,Weekday,2017,10
16639,7915,Medialuna,Morning,Weekend,2017,11
16640,7915,Medialuna,Morning,Weekend,2017,11
16641,7915,Coffee,Morning,Weekend,2017,11
16642,7916,Coffee,Morning,Weekend,2017,11
16643,7916,Toast,Morning,Weekend,2017,11
16644,7917,Baguette,Morning,Weekend,2017,11
16645,7917,Farm House,Morning,Weekend,2017,11
16646,7918,Medialuna,Morning,Weekend,2017,11
16647,7919,Cake,Morning,Weekend,2017,11
16648,7919,Bread,Morning,Weekend,2017,11
16649,7920,Bread,Morning,Weekend,2017,11
16650,7921,Coffee,Morning,Weekend,2017,11
16651,7921,Tea,Morning,Weekend,2017,11
16652,7922,The Nomad,Morning,Weekend,2017,11
16653,7922,Coffee,Morning,Weekend,2017,11
16654,7922,Medialuna,Morning,Weekend,2017,11
16655,7923,Duck egg,Morning,Weekend,2017,11
16656,7923,Tea,Morning,Weekend,2017,11
16657,7924,Coffee,Morning,Weekend,2017,11
16658,7924,Coffee,Morning,Weekend,2017,11
16659,7924,Scone,Morning,Weekend,2017,11
16660,7924,Bread,Morning,Weekend,2017,11
16661,7925,Scandinavian,Morning,Weekend,2017,11
16662,7925,Tea,Morning,Weekend,2017,11
16663,7925,Coffee,Morning,Weekend,2017,11
16664,7926,Scandinavian,Morning,Weekend,2017,11
16665,7926,Bread,Morning,Weekend,2017,11
16666,7927,Chocolates,Morning,Weekend,2017,11
16667,7927,Coffee,Morning,Weekend,2017,11
16668,7927,Coke,Morning,Weekend,2017,11
16669,7928,Coffee,Morning,Weekend,2017,11
16670,7928,Coffee,Morning,Weekend,2017,11
16671,7928,Bread,Morning,Weekend,2017,11
16672,7929,Tea,Morning,Weekend,2017,11
16673,7929,Tea,Morning,Weekend,2017,11
16674,7929,Juice,Morning,Weekend,2017,11
16675,7930,Scone,Morning,Weekend,2017,11
16676,7930,Pastry,Morning,Weekend,2017,11
16677,7930,Coffee,Morning,Weekend,2017,11
16678,7931,Coffee,Morning,Weekend,2017,11
16679,7931,Coffee,Morning,Weekend,2017,11
16680,7932,Baguette,Morning,Weekend,2017,11
16681,7933,Tea,Morning,Weekend,2017,11
16682,7933,Tea,Morning,Weekend,2017,11
16683,7933,Spanish Brunch,Morning,Weekend,2017,11
16684,7933,Fudge,Morning,Weekend,2017,11
16685,7933,Jam,Morning,Weekend,2017,11
16686,7934,Coffee,Morning,Weekend,2017,11
16687,7934,Spanish Brunch,Morning,Weekend,2017,11
16688,7934,Truffles,Morning,Weekend,2017,11
16689,7935,Scone,Morning,Weekend,2017,11
16690,7935,Cake,Morning,Weekend,2017,11
16691,7935,Scandinavian,Morning,Weekend,2017,11
16692,7936,Coffee,Morning,Weekend,2017,11
16693,7937,Sandwich,Morning,Weekend,2017,11
16694,7937,Coffee,Morning,Weekend,2017,11
16695,7938,Bread,Morning,Weekend,2017,11
16696,7938,Farm House,Morning,Weekend,2017,11
16697,7939,Bread,Morning,Weekend,2017,11
16698,7939,Toast,Morning,Weekend,2017,11
16699,7939,Cookies,Morning,Weekend,2017,11
16700,7940,Bread,Morning,Weekend,2017,11
16701,7941,Farm House,Morning,Weekend,2017,11
16702,7941,Coffee,Morning,Weekend,2017,11
16703,7941,Cookies,Morning,Weekend,2017,11
16704,7942,Spanish Brunch,Morning,Weekend,2017,11
16705,7942,Bread,Morning,Weekend,2017,11
16706,7942,Cake,Morning,Weekend,2017,11
16707,7942,Medialuna,Morning,Weekend,2017,11
16708,7942,Coffee,Morning,Weekend,2017,11
16709,7942,Brownie,Morning,Weekend,2017,11
16710,7943,Pastry,Morning,Weekend,2017,11
16711,7943,Coffee,Morning,Weekend,2017,11
16712,7943,Soup,Morning,Weekend,2017,11
16713,7943,Sandwich,Morning,Weekend,2017,11
16714,7944,Muffin,Morning,Weekend,2017,11
16715,7945,Tea,Morning,Weekend,2017,11
16716,7946,Tiffin,Morning,Weekend,2017,11
16717,7947,Bread,Morning,Weekend,2017,11
16718,7947,Coffee,Morning,Weekend,2017,11
16719,7948,Bread,Morning,Weekend,2017,11
16720,7949,Hot chocolate,Morning,Weekend,2017,11
16721,7949,Bread,Morning,Weekend,2017,11
16722,7949,Cookies,Morning,Weekend,2017,11
16723,7950,Bread,Afternoon,Weekend,2017,11
16724,7950,Juice,Afternoon,Weekend,2017,11
16725,7950,Cake,Afternoon,Weekend,2017,11
16726,7950,Jammie Dodgers,Afternoon,Weekend,2017,11
16727,7951,Scone,Afternoon,Weekend,2017,11
16728,7951,Bread,Afternoon,Weekend,2017,11
16729,7952,Tea,Afternoon,Weekend,2017,11
16730,7952,Bread,Afternoon,Weekend,2017,11
16731,7952,Hot chocolate,Afternoon,Weekend,2017,11
16732,7952,Tiffin,Afternoon,Weekend,2017,11
16733,7953,Coffee,Afternoon,Weekend,2017,11
16734,7953,Bread,Afternoon,Weekend,2017,11
16735,7954,Coffee,Afternoon,Weekend,2017,11
16736,7955,Cake,Afternoon,Weekend,2017,11
16737,7955,Granola,Afternoon,Weekend,2017,11
16738,7955,Coffee,Afternoon,Weekend,2017,11
16739,7955,Sandwich,Afternoon,Weekend,2017,11
16740,7955,Coffee,Afternoon,Weekend,2017,11
16741,7956,Scone,Afternoon,Weekend,2017,11
16742,7957,Pastry,Afternoon,Weekend,2017,11
16743,7957,Sandwich,Afternoon,Weekend,2017,11
16744,7958,Sandwich,Afternoon,Weekend,2017,11
16745,7958,Sandwich,Afternoon,Weekend,2017,11
16746,7958,Coffee,Afternoon,Weekend,2017,11
16747,7958,Coffee,Afternoon,Weekend,2017,11
16748,7959,Bread,Afternoon,Weekend,2017,11
16749,7959,Pastry,Afternoon,Weekend,2017,11
16750,7959,Cake,Afternoon,Weekend,2017,11
16751,7960,Pastry,Afternoon,Weekend,2017,11
16752,7961,Brownie,Afternoon,Weekend,2017,11
16753,7961,Drinking chocolate spoons ,Afternoon,Weekend,2017,11
16754,7961,Bread,Afternoon,Weekend,2017,11
16755,7961,Coffee,Afternoon,Weekend,2017,11
16756,7961,Sandwich,Afternoon,Weekend,2017,11
16757,7961,Sandwich,Afternoon,Weekend,2017,11
16758,7962,Coffee,Afternoon,Weekend,2017,11
16759,7962,Coffee,Afternoon,Weekend,2017,11
16760,7962,Sandwich,Afternoon,Weekend,2017,11
16761,7962,Sandwich,Afternoon,Weekend,2017,11
16762,7963,Jammie Dodgers,Afternoon,Weekend,2017,11
16763,7963,Bread,Afternoon,Weekend,2017,11
16764,7964,Tea,Afternoon,Weekend,2017,11
16765,7964,Cake,Afternoon,Weekend,2017,11
16766,7965,Coffee,Afternoon,Weekend,2017,11
16767,7965,Coffee,Afternoon,Weekend,2017,11
16768,7966,Tea,Afternoon,Weekend,2017,11
16769,7966,Juice,Afternoon,Weekend,2017,11
16770,7966,Muffin,Afternoon,Weekend,2017,11
16771,7966,Salad,Afternoon,Weekend,2017,11
16772,7967,Tea,Afternoon,Weekend,2017,11
16773,7967,Spanish Brunch,Afternoon,Weekend,2017,11
16774,7968,Spanish Brunch,Afternoon,Weekend,2017,11
16775,7968,Sandwich,Afternoon,Weekend,2017,11
16776,7968,Toast,Afternoon,Weekend,2017,11
16777,7968,Cake,Afternoon,Weekend,2017,11
16778,7968,Medialuna,Afternoon,Weekend,2017,11
16779,7968,Chicken Stew,Afternoon,Weekend,2017,11
16780,7969,Bread,Afternoon,Weekend,2017,11
16781,7970,Soup,Afternoon,Weekend,2017,11
16782,7970,Bread,Afternoon,Weekend,2017,11
16783,7971,Bread,Afternoon,Weekend,2017,11
16784,7971,Coffee,Afternoon,Weekend,2017,11
16785,7971,Juice,Afternoon,Weekend,2017,11
16786,7971,Scone,Afternoon,Weekend,2017,11
16787,7972,Coffee,Afternoon,Weekend,2017,11
16788,7972,Toast,Afternoon,Weekend,2017,11
16789,7972,Scone,Afternoon,Weekend,2017,11
16790,7973,Bread,Afternoon,Weekend,2017,11
16791,7974,Bread,Afternoon,Weekend,2017,11
16792,7974,Bread,Afternoon,Weekend,2017,11
16793,7974,Cake,Afternoon,Weekend,2017,11
16794,7975,Brownie,Afternoon,Weekend,2017,11
16795,7975,Coke,Afternoon,Weekend,2017,11
16796,7976,Coffee,Afternoon,Weekend,2017,11
16797,7976,Sandwich,Afternoon,Weekend,2017,11
16798,7977,Bread,Afternoon,Weekend,2017,11
16799,7977,Jammie Dodgers,Afternoon,Weekend,2017,11
16800,7977,Cake,Afternoon,Weekend,2017,11
16801,7978,Coffee,Afternoon,Weekend,2017,11
16802,7978,Bread,Afternoon,Weekend,2017,11
16803,7978,Scone,Afternoon,Weekend,2017,11
16804,7979,Coffee,Afternoon,Weekend,2017,11
16805,7979,Coffee,Afternoon,Weekend,2017,11
16806,7979,Scone,Afternoon,Weekend,2017,11
16807,7979,Cake,Afternoon,Weekend,2017,11
16808,7980,Sandwich,Afternoon,Weekend,2017,11
16809,7980,Coffee,Afternoon,Weekend,2017,11
16810,7980,Coffee,Afternoon,Weekend,2017,11
16811,7981,Argentina Night,Afternoon,Weekend,2017,11
16812,7981,Vegan Feast,Afternoon,Weekend,2017,11
16813,7982,Coffee,Afternoon,Weekend,2017,11
16814,7982,Cake,Afternoon,Weekend,2017,11
16815,7983,Cake,Afternoon,Weekend,2017,11
16816,7983,Tea,Afternoon,Weekend,2017,11
16817,7984,Tea,Afternoon,Weekend,2017,11
16818,7984,Cake,Afternoon,Weekend,2017,11
16819,7984,Scone,Afternoon,Weekend,2017,11
16820,7985,Bread,Afternoon,Weekend,2017,11
16821,7986,Bread,Afternoon,Weekend,2017,11
16822,7987,Coffee,Afternoon,Weekend,2017,11
16823,7988,Coffee,Afternoon,Weekend,2017,11
16824,7988,Cake,Afternoon,Weekend,2017,11
16825,7989,Coffee,Afternoon,Weekend,2017,11
16826,7990,Coffee,Evening,Weekend,2017,11
16827,7991,Bread,Evening,Weekend,2017,11
16828,7991,Juice,Evening,Weekend,2017,11
16829,7991,Muffin,Evening,Weekend,2017,11
16830,7991,Cookies,Evening,Weekend,2017,11
16831,7992,The Nomad,Evening,Weekend,2017,11
16832,7992,Duck egg,Evening,Weekend,2017,11
16833,7992,Coffee,Evening,Weekend,2017,11
16834,7992,Coffee,Evening,Weekend,2017,11
16835,7992,Tea,Evening,Weekend,2017,11
16836,7993,Coffee,Evening,Weekend,2017,11
16837,7993,Muffin,Evening,Weekend,2017,11
16838,7994,Hot chocolate,Evening,Weekend,2017,11
16839,7994,Coffee,Evening,Weekend,2017,11
16840,7994,Scone,Evening,Weekend,2017,11
16841,7994,Cake,Evening,Weekend,2017,11
16842,7995,Coffee,Morning,Weekend,2017,12
16843,7995,Pastry,Morning,Weekend,2017,12
16844,7996,Coffee,Morning,Weekend,2017,12
16845,7996,Pastry,Morning,Weekend,2017,12
16846,7997,Scone,Morning,Weekend,2017,12
16847,7997,Bread,Morning,Weekend,2017,12
16848,7998,Bread,Morning,Weekend,2017,12
16849,7999,Coffee,Morning,Weekend,2017,12
16850,7999,Sandwich,Morning,Weekend,2017,12
16851,7999,Brownie,Morning,Weekend,2017,12
16852,8000,Coffee,Morning,Weekend,2017,12
16853,8000,Cake,Morning,Weekend,2017,12
16854,8001,Scone,Morning,Weekend,2017,12
16855,8001,Coffee,Morning,Weekend,2017,12
16856,8001,Coffee,Morning,Weekend,2017,12
16857,8001,Spanish Brunch,Morning,Weekend,2017,12
16858,8002,Coffee,Morning,Weekend,2017,12
16859,8002,Coffee,Morning,Weekend,2017,12
16860,8003,Bread,Morning,Weekend,2017,12
16861,8003,Coffee,Morning,Weekend,2017,12
16862,8004,Coffee,Morning,Weekend,2017,12
16863,8004,Spanish Brunch,Morning,Weekend,2017,12
16864,8005,Spanish Brunch,Morning,Weekend,2017,12
16865,8005,Coffee,Morning,Weekend,2017,12
16866,8006,Bread,Morning,Weekend,2017,12
16867,8007,Cake,Morning,Weekend,2017,12
16868,8007,Muffin,Morning,Weekend,2017,12
16869,8007,Vegan Feast,Morning,Weekend,2017,12
16870,8008,Bread,Morning,Weekend,2017,12
16871,8008,Bread,Morning,Weekend,2017,12
16872,8008,Brownie,Morning,Weekend,2017,12
16873,8009,Coffee,Morning,Weekend,2017,12
16874,8010,Bread,Afternoon,Weekend,2017,12
16875,8010,Coffee,Afternoon,Weekend,2017,12
16876,8011,Coffee,Afternoon,Weekend,2017,12
16877,8011,Coffee,Afternoon,Weekend,2017,12
16878,8011,Bread,Afternoon,Weekend,2017,12
16879,8011,Hot chocolate,Afternoon,Weekend,2017,12
16880,8011,Cake,Afternoon,Weekend,2017,12
16881,8011,Cake,Afternoon,Weekend,2017,12
16882,8011,Vegan mincepie,Afternoon,Weekend,2017,12
16883,8011,Bread,Afternoon,Weekend,2017,12
16884,8012,Tea,Afternoon,Weekend,2017,12
16885,8012,Muffin,Afternoon,Weekend,2017,12
16886,8012,Jammie Dodgers,Afternoon,Weekend,2017,12
16887,8013,Bread,Afternoon,Weekend,2017,12
16888,8014,Tea,Afternoon,Weekend,2017,12
16889,8015,Pastry,Afternoon,Weekend,2017,12
16890,8015,Scone,Afternoon,Weekend,2017,12
16891,8015,Coffee,Afternoon,Weekend,2017,12
16892,8015,Tea,Afternoon,Weekend,2017,12
16893,8016,Coffee,Afternoon,Weekend,2017,12
16894,8016,Pastry,Afternoon,Weekend,2017,12
16895,8017,Baguette,Afternoon,Weekend,2017,12
16896,8018,Cookies,Afternoon,Weekend,2017,12
16897,8018,Coffee,Afternoon,Weekend,2017,12
16898,8019,Coffee,Afternoon,Weekend,2017,12
16899,8020,Coffee,Afternoon,Weekend,2017,12
16900,8021,Bread,Afternoon,Weekend,2017,12
16901,8022,Coffee,Afternoon,Weekend,2017,12
16902,8022,Truffles,Afternoon,Weekend,2017,12
16903,8022,Juice,Afternoon,Weekend,2017,12
16904,8023,Coffee,Afternoon,Weekend,2017,12
16905,8024,Coffee,Afternoon,Weekend,2017,12
16906,8025,Smoothies,Afternoon,Weekend,2017,12
16907,8025,Spanish Brunch,Afternoon,Weekend,2017,12
16908,8026,Coffee,Afternoon,Weekend,2017,12
16909,8026,Juice,Afternoon,Weekend,2017,12
16910,8026,Toast,Afternoon,Weekend,2017,12
16911,8026,Muffin,Afternoon,Weekend,2017,12
16912,8027,Bread,Afternoon,Weekend,2017,12
16913,8028,The Nomad,Afternoon,Weekend,2017,12
16914,8028,Coffee,Afternoon,Weekend,2017,12
16915,8029,Hot chocolate,Afternoon,Weekend,2017,12
16916,8030,Bread,Afternoon,Weekend,2017,12
16917,8030,Spanish Brunch,Afternoon,Weekend,2017,12
16918,8031,Tea,Afternoon,Weekend,2017,12
16919,8031,Spanish Brunch,Afternoon,Weekend,2017,12
16920,8032,Coffee,Afternoon,Weekend,2017,12
16921,8032,Smoothies,Afternoon,Weekend,2017,12
16922,8032,Cookies,Afternoon,Weekend,2017,12
16923,8032,Medialuna,Afternoon,Weekend,2017,12
16924,8032,Scone,Afternoon,Weekend,2017,12
16925,8033,Half slice Monster ,Afternoon,Weekend,2017,12
16926,8033,Tiffin,Afternoon,Weekend,2017,12
16927,8033,Coffee,Afternoon,Weekend,2017,12
16928,8033,Juice,Afternoon,Weekend,2017,12
16929,8034,Baguette,Afternoon,Weekend,2017,12
16930,8035,Coffee,Afternoon,Weekend,2017,12
16931,8035,Coke,Afternoon,Weekend,2017,12
16932,8035,Tea,Afternoon,Weekend,2017,12
16933,8035,Sandwich,Afternoon,Weekend,2017,12
16934,8035,Spanish Brunch,Afternoon,Weekend,2017,12
16935,8036,Bread,Afternoon,Weekend,2017,12
16936,8037,Hot chocolate,Afternoon,Weekend,2017,12
16937,8037,Coffee,Afternoon,Weekend,2017,12
16938,8037,Cookies,Afternoon,Weekend,2017,12
16939,8038,Soup,Afternoon,Weekend,2017,12
16940,8038,Coffee,Afternoon,Weekend,2017,12
16941,8038,Cake,Afternoon,Weekend,2017,12
16942,8039,Bread,Afternoon,Weekend,2017,12
16943,8040,Coffee,Afternoon,Weekend,2017,12
16944,8041,Bread,Afternoon,Weekend,2017,12
16945,8041,Mineral water,Afternoon,Weekend,2017,12
16946,8041,Drinking chocolate spoons ,Afternoon,Weekend,2017,12
16947,8041,Coffee,Afternoon,Weekend,2017,12
16948,8042,Hot chocolate,Afternoon,Weekend,2017,12
16949,8043,Tea,Afternoon,Weekend,2017,12
16950,8043,Tea,Afternoon,Weekend,2017,12
16951,8043,Cake,Afternoon,Weekend,2017,12
16952,8044,Tea,Afternoon,Weekend,2017,12
16953,8044,Coffee,Afternoon,Weekend,2017,12
16954,8044,Cake,Afternoon,Weekend,2017,12
16955,8044,Jammie Dodgers,Afternoon,Weekend,2017,12
16956,8045,Medialuna,Afternoon,Weekend,2017,12
16957,8046,Scone,Afternoon,Weekend,2017,12
16958,8047,Hot chocolate,Afternoon,Weekend,2017,12
16959,8047,Cake,Afternoon,Weekend,2017,12
16960,8048,Medialuna,Afternoon,Weekend,2017,12
16961,8048,Muffin,Afternoon,Weekend,2017,12
16962,8048,Spanish Brunch,Afternoon,Weekend,2017,12
16963,8048,Chicken Stew,Afternoon,Weekend,2017,12
16964,8048,Coffee,Afternoon,Weekend,2017,12
16965,8049,Farm House,Afternoon,Weekend,2017,12
16966,8050,Coffee,Afternoon,Weekend,2017,12
16967,8050,Cake,Afternoon,Weekend,2017,12
16968,8051,Cake,Afternoon,Weekend,2017,12
16969,8051,Cookies,Afternoon,Weekend,2017,12
16970,8051,Tea,Afternoon,Weekend,2017,12
16971,8051,Coffee,Afternoon,Weekend,2017,12
16972,8051,Sandwich,Afternoon,Weekend,2017,12
16973,8051,Soup,Afternoon,Weekend,2017,12
16974,8052,Coffee,Afternoon,Weekend,2017,12
16975,8052,Cookies,Afternoon,Weekend,2017,12
16976,8053,Bread,Afternoon,Weekend,2017,12
16977,8053,Cake,Afternoon,Weekend,2017,12
16978,8054,Coffee,Afternoon,Weekend,2017,12
16979,8054,Coffee,Afternoon,Weekend,2017,12
16980,8054,Spanish Brunch,Afternoon,Weekend,2017,12
16981,8054,Sandwich,Afternoon,Weekend,2017,12
16982,8055,Coffee,Afternoon,Weekend,2017,12
16983,8055,Cookies,Afternoon,Weekend,2017,12
16984,8056,Bread,Afternoon,Weekend,2017,12
16985,8056,Hot chocolate,Afternoon,Weekend,2017,12
16986,8056,Sandwich,Afternoon,Weekend,2017,12
16987,8056,Chocolates,Afternoon,Weekend,2017,12
16988,8057,Pastry,Morning,Weekday,2017,03
16989,8057,Coffee,Morning,Weekday,2017,03
16990,8058,Coffee,Morning,Weekday,2017,03
16991,8058,Jammie Dodgers,Morning,Weekday,2017,03
16992,8059,Coffee,Morning,Weekday,2017,03
16993,8060,Cake,Morning,Weekday,2017,03
16994,8061,Pastry,Morning,Weekday,2017,03
16995,8061,Bread,Morning,Weekday,2017,03
16996,8061,Jam,Morning,Weekday,2017,03
16997,8062,Bread,Morning,Weekday,2017,03
16998,8063,Tea,Morning,Weekday,2017,03
16999,8064,Tea,Morning,Weekday,2017,03
17000,8064,Coffee,Morning,Weekday,2017,03
17001,8064,Spanish Brunch,Morning,Weekday,2017,03
17002,8065,Afternoon with the baker,Morning,Weekday,2017,03
17003,8066,Bread,Morning,Weekday,2017,03
17004,8067,Coffee,Morning,Weekday,2017,03
17005,8067,Cookies,Morning,Weekday,2017,03
17006,8068,Coffee,Morning,Weekday,2017,03
17007,8068,Tea,Morning,Weekday,2017,03
17008,8068,Cookies,Morning,Weekday,2017,03
17009,8068,Cake,Morning,Weekday,2017,03
17010,8069,Coffee,Morning,Weekday,2017,03
17011,8069,Coffee,Morning,Weekday,2017,03
17012,8070,Coffee,Morning,Weekday,2017,03
17013,8070,Coffee,Morning,Weekday,2017,03
17014,8071,Coffee,Morning,Weekday,2017,03
17015,8071,Coffee,Morning,Weekday,2017,03
17016,8071,Muffin,Morning,Weekday,2017,03
17017,8072,Bread,Morning,Weekday,2017,03
17018,8073,Tea,Morning,Weekday,2017,03
17019,8074,Coffee,Morning,Weekday,2017,03
17020,8074,Pastry,Morning,Weekday,2017,03
17021,8074,Pastry,Morning,Weekday,2017,03
17022,8075,Sandwich,Morning,Weekday,2017,03
17023,8075,Sandwich,Morning,Weekday,2017,03
17024,8075,Tea,Morning,Weekday,2017,03
17025,8075,Coffee,Morning,Weekday,2017,03
17026,8077,Bread,Morning,Weekday,2017,03
17027,8078,Tea,Afternoon,Weekday,2017,03
17028,8078,Cake,Afternoon,Weekday,2017,03
17029,8079,Coffee,Afternoon,Weekday,2017,03
17030,8080,Baguette,Afternoon,Weekday,2017,03
17031,8081,Baguette,Afternoon,Weekday,2017,03
17032,8081,Scone,Afternoon,Weekday,2017,03
17033,8082,Coffee,Afternoon,Weekday,2017,03
17034,8083,Coffee,Afternoon,Weekday,2017,03
17035,8083,Coffee,Afternoon,Weekday,2017,03
17036,8083,Pastry,Afternoon,Weekday,2017,03
17037,8083,Pastry,Afternoon,Weekday,2017,03
17038,8084,Coffee,Afternoon,Weekday,2017,03
17039,8084,Pastry,Afternoon,Weekday,2017,03
17040,8085,Pastry,Afternoon,Weekday,2017,03
17041,8086,Bread,Afternoon,Weekday,2017,03
17042,8087,Pastry,Afternoon,Weekday,2017,03
17043,8087,Pastry,Afternoon,Weekday,2017,03
17044,8087,Coffee,Afternoon,Weekday,2017,03
17045,8088,Tea,Afternoon,Weekday,2017,03
17046,8088,Bread,Afternoon,Weekday,2017,03
17047,8089,Baguette,Afternoon,Weekday,2017,03
17048,8089,Coffee,Afternoon,Weekday,2017,03
17049,8090,Bread,Afternoon,Weekday,2017,03
17050,8091,Truffles,Afternoon,Weekday,2017,03
17051,8091,Tea,Afternoon,Weekday,2017,03
17052,8091,Soup,Afternoon,Weekday,2017,03
17053,8091,Salad,Afternoon,Weekday,2017,03
17054,8091,Cookies,Afternoon,Weekday,2017,03
17055,8091,Bread,Afternoon,Weekday,2017,03
17056,8092,Soup,Afternoon,Weekday,2017,03
17057,8093,Coffee,Afternoon,Weekday,2017,03
17058,8093,Soup,Afternoon,Weekday,2017,03
17059,8093,Afternoon with the baker,Afternoon,Weekday,2017,03
17060,8094,Coffee,Afternoon,Weekday,2017,03
17061,8094,Afternoon with the baker,Afternoon,Weekday,2017,03
17062,8094,Spanish Brunch,Afternoon,Weekday,2017,03
17063,8095,Sandwich,Afternoon,Weekday,2017,03
17064,8096,Coffee,Afternoon,Weekday,2017,03
17065,8097,Sandwich,Afternoon,Weekday,2017,03
17066,8097,Coffee,Afternoon,Weekday,2017,03
17067,8098,Sandwich,Afternoon,Weekday,2017,03
17068,8098,Coffee,Afternoon,Weekday,2017,03
17069,8099,Coffee,Afternoon,Weekday,2017,03
17070,8099,Sandwich,Afternoon,Weekday,2017,03
17071,8100,Salad,Afternoon,Weekday,2017,03
17072,8100,Tea,Afternoon,Weekday,2017,03
17073,8101,Juice,Afternoon,Weekday,2017,03
17074,8102,Sandwich,Afternoon,Weekday,2017,03
17075,8103,Tea,Afternoon,Weekday,2017,03
17076,8103,Coffee,Afternoon,Weekday,2017,03
17077,8103,Hot chocolate,Afternoon,Weekday,2017,03
17078,8104,Coffee,Afternoon,Weekday,2017,03
17079,8104,Coffee,Afternoon,Weekday,2017,03
17080,8104,Soup,Afternoon,Weekday,2017,03
17081,8106,Tea,Afternoon,Weekday,2017,03
17082,8106,Cake,Afternoon,Weekday,2017,03
17083,8107,Cake,Afternoon,Weekday,2017,03
17084,8107,Bread,Afternoon,Weekday,2017,03
17085,8108,Jammie Dodgers,Afternoon,Weekday,2017,03
17086,8108,Cake,Afternoon,Weekday,2017,03
17087,8108,Coffee,Afternoon,Weekday,2017,03
17088,8108,Coffee,Afternoon,Weekday,2017,03
17089,8109,Coffee,Evening,Weekday,2017,03
17090,8109,Salad,Evening,Weekday,2017,03
17091,8110,Baguette,Morning,Weekday,2017,03
17092,8111,Coffee,Morning,Weekday,2017,03
17093,8111,Jammie Dodgers,Morning,Weekday,2017,03
17094,8111,Pastry,Morning,Weekday,2017,03
17095,8112,Coffee,Morning,Weekday,2017,03
17096,8112,Cookies,Morning,Weekday,2017,03
17097,8113,Coffee,Morning,Weekday,2017,03
17098,8113,Pastry,Morning,Weekday,2017,03
17099,8113,Farm House,Morning,Weekday,2017,03
17100,8114,Bread,Morning,Weekday,2017,03
17101,8115,Coffee,Morning,Weekday,2017,03
17102,8116,Coffee,Morning,Weekday,2017,03
17103,8116,Baguette,Morning,Weekday,2017,03
17104,8117,Coffee,Morning,Weekday,2017,03
17105,8117,Toast,Morning,Weekday,2017,03
17106,8117,Tea,Morning,Weekday,2017,03
17107,8118,Pastry,Morning,Weekday,2017,03
17108,8119,Bread,Morning,Weekday,2017,03
17109,8120,Coffee,Morning,Weekday,2017,03
17110,8120,Coffee,Morning,Weekday,2017,03
17111,8120,Pastry,Morning,Weekday,2017,03
17112,8121,Bread,Morning,Weekday,2017,03
17113,8121,Salad,Morning,Weekday,2017,03
17114,8122,Bread,Morning,Weekday,2017,03
17115,8122,Pastry,Morning,Weekday,2017,03
17116,8123,Coffee,Morning,Weekday,2017,03
17117,8124,Bread,Morning,Weekday,2017,03
17118,8124,Coffee,Morning,Weekday,2017,03
17119,8124,Toast,Morning,Weekday,2017,03
17120,8126,Coffee,Morning,Weekday,2017,03
17121,8127,Coffee,Morning,Weekday,2017,03
17122,8129,Gift voucher,Morning,Weekday,2017,03
17123,8129,Bread,Morning,Weekday,2017,03
17124,8130,Pastry,Morning,Weekday,2017,03
17125,8130,Bread,Morning,Weekday,2017,03
17126,8131,Sandwich,Afternoon,Weekday,2017,03
17127,8132,Mineral water,Afternoon,Weekday,2017,03
17128,8133,Coffee,Afternoon,Weekday,2017,03
17129,8133,Pastry,Afternoon,Weekday,2017,03
17130,8134,Truffles,Afternoon,Weekday,2017,03
17131,8134,Chicken Stew,Afternoon,Weekday,2017,03
17132,8135,Pastry,Afternoon,Weekday,2017,03
17133,8136,Coffee,Afternoon,Weekday,2017,03
17134,8136,Jammie Dodgers,Afternoon,Weekday,2017,03
17135,8136,Sandwich,Afternoon,Weekday,2017,03
17136,8137,Bread,Afternoon,Weekday,2017,03
17137,8137,Cookies,Afternoon,Weekday,2017,03
17138,8138,Tea,Afternoon,Weekday,2017,03
17139,8138,Coffee,Afternoon,Weekday,2017,03
17140,8138,Medialuna,Afternoon,Weekday,2017,03
17141,8140,Chicken Stew,Afternoon,Weekday,2017,03
17142,8141,Coffee,Afternoon,Weekday,2017,03
17143,8142,Tea,Afternoon,Weekday,2017,03
17144,8142,Juice,Afternoon,Weekday,2017,03
17145,8142,Sandwich,Afternoon,Weekday,2017,03
17146,8142,Chicken Stew,Afternoon,Weekday,2017,03
17147,8143,Tea,Afternoon,Weekday,2017,03
17148,8143,Tea,Afternoon,Weekday,2017,03
17149,8144,Bread,Afternoon,Weekday,2017,03
17150,8144,Sandwich,Afternoon,Weekday,2017,03
17151,8144,Cake,Afternoon,Weekday,2017,03
17152,8145,Coffee,Afternoon,Weekday,2017,03
17153,8145,Muffin,Afternoon,Weekday,2017,03
17154,8146,Coffee,Afternoon,Weekday,2017,03
17155,8146,Juice,Afternoon,Weekday,2017,03
17156,8146,Bakewell,Afternoon,Weekday,2017,03
17157,8147,Cake,Afternoon,Weekday,2017,03
17158,8147,Cookies,Afternoon,Weekday,2017,03
17159,8147,Juice,Afternoon,Weekday,2017,03
17160,8147,Cookies,Afternoon,Weekday,2017,03
17161,8148,Soup,Afternoon,Weekday,2017,03
17162,8148,Chicken Stew,Afternoon,Weekday,2017,03
17163,8149,Coffee,Afternoon,Weekday,2017,03
17164,8149,Bakewell,Afternoon,Weekday,2017,03
17165,8150,Juice,Afternoon,Weekday,2017,03
17166,8150,Coffee,Afternoon,Weekday,2017,03
17167,8151,Coffee,Afternoon,Weekday,2017,03
17168,8151,Bread,Afternoon,Weekday,2017,03
17169,8152,Tea,Afternoon,Weekday,2017,03
17170,8152,Bread,Afternoon,Weekday,2017,03
17171,8153,Bakewell,Afternoon,Weekday,2017,03
17172,8153,Tea,Afternoon,Weekday,2017,03
17173,8154,Coffee,Afternoon,Weekday,2017,03
17174,8154,Coffee,Afternoon,Weekday,2017,03
17175,8154,Cake,Afternoon,Weekday,2017,03
17176,8155,Coffee,Afternoon,Weekday,2017,03
17177,8155,Coffee,Afternoon,Weekday,2017,03
17178,8155,Bakewell,Afternoon,Weekday,2017,03
17179,8156,Coffee,Afternoon,Weekday,2017,03
17180,8156,Juice,Afternoon,Weekday,2017,03
17181,8156,Cookies,Afternoon,Weekday,2017,03
17182,8156,Cake,Afternoon,Weekday,2017,03
17183,8157,Hot chocolate,Afternoon,Weekday,2017,03
17184,8157,Coffee,Afternoon,Weekday,2017,03
17185,8157,Sandwich,Afternoon,Weekday,2017,03
17186,8157,Cake,Afternoon,Weekday,2017,03
17187,8159,Medialuna,Evening,Weekday,2017,03
17188,8160,Bread,Evening,Weekday,2017,03
17189,8161,Cake,Evening,Weekday,2017,03
17190,8161,Cake,Evening,Weekday,2017,03
17191,8161,Cookies,Evening,Weekday,2017,03
17192,8161,Jammie Dodgers,Evening,Weekday,2017,03
17193,8161,Vegan Feast,Evening,Weekday,2017,03
17194,8162,Bread,Morning,Weekday,2017,03
17195,8163,Coffee,Morning,Weekday,2017,03
17196,8164,Coffee,Morning,Weekday,2017,03
17197,8165,Bread,Morning,Weekday,2017,03
17198,8165,Baguette,Morning,Weekday,2017,03
17199,8166,Bread,Morning,Weekday,2017,03
17200,8166,Coffee,Morning,Weekday,2017,03
17201,8166,Pastry,Morning,Weekday,2017,03
17202,8167,Pastry,Morning,Weekday,2017,03
17203,8167,Coffee,Morning,Weekday,2017,03
17204,8169,Bread,Morning,Weekday,2017,03
17205,8170,Bread,Morning,Weekday,2017,03
17206,8171,Cake,Morning,Weekday,2017,03
17207,8171,Pastry,Morning,Weekday,2017,03
17208,8172,Toast,Morning,Weekday,2017,03
17209,8173,Hot chocolate,Morning,Weekday,2017,03
17210,8174,Coffee,Morning,Weekday,2017,03
17211,8175,Coffee,Morning,Weekday,2017,03
17212,8175,Coffee,Morning,Weekday,2017,03
17213,8175,Sandwich,Morning,Weekday,2017,03
17214,8176,Coffee,Morning,Weekday,2017,03
17215,8176,Cookies,Morning,Weekday,2017,03
17216,8177,Coffee,Morning,Weekday,2017,03
17217,8177,Cake,Morning,Weekday,2017,03
17218,8178,Bread,Morning,Weekday,2017,03
17219,8179,Bread,Morning,Weekday,2017,03
17220,8180,Bread,Morning,Weekday,2017,03
17221,8180,Jam,Morning,Weekday,2017,03
17222,8180,Christmas common,Morning,Weekday,2017,03
17223,8181,Coffee,Morning,Weekday,2017,03
17224,8181,Coffee,Morning,Weekday,2017,03
17225,8182,Coke,Morning,Weekday,2017,03
17226,8182,Salad,Morning,Weekday,2017,03
17227,8183,Extra Salami or Feta,Morning,Weekday,2017,03
17228,8184,Cookies,Afternoon,Weekday,2017,03
17229,8185,Cake,Afternoon,Weekday,2017,03
17230,8186,Truffles,Afternoon,Weekday,2017,03
17231,8186,Pastry,Afternoon,Weekday,2017,03
17232,8187,Cookies,Afternoon,Weekday,2017,03
17233,8187,Baguette,Afternoon,Weekday,2017,03
17234,8188,Coffee,Afternoon,Weekday,2017,03
17235,8189,Brownie,Afternoon,Weekday,2017,03
17236,8190,Coffee,Afternoon,Weekday,2017,03
17237,8190,Toast,Afternoon,Weekday,2017,03
17238,8191,Tea,Afternoon,Weekday,2017,03
17239,8191,Tea,Afternoon,Weekday,2017,03
17240,8191,Cookies,Afternoon,Weekday,2017,03
17241,8191,Pastry,Afternoon,Weekday,2017,03
17242,8192,Coke,Afternoon,Weekday,2017,03
17243,8193,Brownie,Afternoon,Weekday,2017,03
17244,8193,Coffee,Afternoon,Weekday,2017,03
17245,8194,Coffee,Afternoon,Weekday,2017,03
17246,8194,Cake,Afternoon,Weekday,2017,03
17247,8195,Sandwich,Afternoon,Weekday,2017,03
17248,8195,Truffles,Afternoon,Weekday,2017,03
17249,8195,Cake,Afternoon,Weekday,2017,03
17250,8196,Cake,Afternoon,Weekday,2017,03
17251,8196,Bakewell,Afternoon,Weekday,2017,03
17252,8196,Tea,Afternoon,Weekday,2017,03
17253,8196,Coffee,Afternoon,Weekday,2017,03
17254,8197,Cake,Afternoon,Weekday,2017,03
17255,8197,Pastry,Afternoon,Weekday,2017,03
17256,8197,Hot chocolate,Afternoon,Weekday,2017,03
17257,8197,Coffee,Afternoon,Weekday,2017,03
17258,8198,Brownie,Afternoon,Weekday,2017,03
17259,8199,Coffee,Afternoon,Weekday,2017,03
17260,8199,Scone,Afternoon,Weekday,2017,03
17261,8200,Cake,Afternoon,Weekday,2017,03
17262,8200,Baguette,Afternoon,Weekday,2017,03
17263,8201,Coffee,Afternoon,Weekday,2017,03
17264,8201,Tea,Afternoon,Weekday,2017,03
17265,8202,Coffee,Afternoon,Weekday,2017,03
17266,8202,Bread,Afternoon,Weekday,2017,03
17267,8202,Cake,Afternoon,Weekday,2017,03
17268,8202,Bread,Afternoon,Weekday,2017,03
17269,8203,Bread,Afternoon,Weekday,2017,03
17270,8204,Bread,Afternoon,Weekday,2017,03
17271,8205,Coffee,Afternoon,Weekday,2017,03
17272,8205,Scone,Afternoon,Weekday,2017,03
17273,8206,Bread,Afternoon,Weekday,2017,03
17274,8206,Coffee,Afternoon,Weekday,2017,03
17275,8206,Coffee,Afternoon,Weekday,2017,03
17276,8207,Juice,Evening,Weekday,2017,03
17277,8207,Coffee,Evening,Weekday,2017,03
17278,8207,Cake,Evening,Weekday,2017,03
17279,8208,Coffee,Evening,Weekday,2017,03
17280,8208,Brownie,Evening,Weekday,2017,03
17281,8209,Baguette,Morning,Weekday,2017,03
17282,8209,Cookies,Morning,Weekday,2017,03
17283,8210,Medialuna,Morning,Weekday,2017,03
17284,8210,Bread,Morning,Weekday,2017,03
17285,8210,Bread,Morning,Weekday,2017,03
17286,8210,Coffee,Morning,Weekday,2017,03
17287,8210,Mineral water,Morning,Weekday,2017,03
17288,8211,Coffee,Morning,Weekday,2017,03
17289,8211,Cookies,Morning,Weekday,2017,03
17290,8212,Coffee,Morning,Weekday,2017,03
17291,8212,Bread,Morning,Weekday,2017,03
17292,8213,Coffee,Morning,Weekday,2017,03
17293,8213,Toast,Morning,Weekday,2017,03
17294,8214,Bread,Morning,Weekday,2017,03
17295,8214,Pastry,Morning,Weekday,2017,03
17296,8215,Bread,Morning,Weekday,2017,03
17297,8215,Coffee,Morning,Weekday,2017,03
17298,8215,Pastry,Morning,Weekday,2017,03
17299,8216,Coffee,Morning,Weekday,2017,03
17300,8216,Bread,Morning,Weekday,2017,03
17301,8216,Toast,Morning,Weekday,2017,03
17302,8217,Coffee,Morning,Weekday,2017,03
17303,8218,Farm House,Morning,Weekday,2017,03
17304,8219,Bread,Morning,Weekday,2017,03
17305,8219,Coffee,Morning,Weekday,2017,03
17306,8219,Pastry,Morning,Weekday,2017,03
17307,8220,Coffee,Morning,Weekday,2017,03
17308,8220,Hot chocolate,Morning,Weekday,2017,03
17309,8220,Cookies,Morning,Weekday,2017,03
17310,8221,Coffee,Morning,Weekday,2017,03
17311,8221,Toast,Morning,Weekday,2017,03
17312,8221,Granola,Morning,Weekday,2017,03
17313,8222,Bread,Morning,Weekday,2017,03
17314,8222,Pastry,Morning,Weekday,2017,03
17315,8223,Hot chocolate,Morning,Weekday,2017,03
17316,8223,Hot chocolate,Morning,Weekday,2017,03
17317,8223,Bread,Morning,Weekday,2017,03
17318,8223,Brownie,Morning,Weekday,2017,03
17319,8224,Bread,Morning,Weekday,2017,03
17320,8224,Juice,Morning,Weekday,2017,03
17321,8224,Crisps,Morning,Weekday,2017,03
17322,8225,Jammie Dodgers,Morning,Weekday,2017,03
17323,8225,Medialuna,Morning,Weekday,2017,03
17324,8225,Tea,Morning,Weekday,2017,03
17325,8226,Bread,Morning,Weekday,2017,03
17326,8226,Jammie Dodgers,Morning,Weekday,2017,03
17327,8227,Cherry me Dried fruit,Morning,Weekday,2017,03
17328,8227,Toast,Morning,Weekday,2017,03
17329,8227,Extra Salami or Feta,Morning,Weekday,2017,03
17330,8227,Hot chocolate,Morning,Weekday,2017,03
17331,8227,Coffee,Morning,Weekday,2017,03
17332,8227,Cake,Morning,Weekday,2017,03
17333,8228,Bread,Morning,Weekday,2017,03
17334,8229,Farm House,Morning,Weekday,2017,03
17335,8230,Coffee,Morning,Weekday,2017,03
17336,8230,Medialuna,Morning,Weekday,2017,03
17337,8231,Baguette,Morning,Weekday,2017,03
17338,8232,Scandinavian,Morning,Weekday,2017,03
17339,8233,Sandwich,Morning,Weekday,2017,03
17340,8234,Bread,Morning,Weekday,2017,03
17341,8235,Coffee,Afternoon,Weekday,2017,03
17342,8235,Toast,Afternoon,Weekday,2017,03
17343,8235,Tea,Afternoon,Weekday,2017,03
17344,8236,Bread,Afternoon,Weekday,2017,03
17345,8237,Bread,Afternoon,Weekday,2017,03
17346,8238,Tea,Afternoon,Weekday,2017,03
17347,8238,Coffee,Afternoon,Weekday,2017,03
17348,8238,Bread,Afternoon,Weekday,2017,03
17349,8239,Chicken Stew,Afternoon,Weekday,2017,03
17350,8239,Bread,Afternoon,Weekday,2017,03
17351,8240,Soup,Afternoon,Weekday,2017,03
17352,8241,Soup,Afternoon,Weekday,2017,03
17353,8241,Salad,Afternoon,Weekday,2017,03
17354,8241,Tea,Afternoon,Weekday,2017,03
17355,8241,Mineral water,Afternoon,Weekday,2017,03
17356,8241,Juice,Afternoon,Weekday,2017,03
17357,8242,Cake,Afternoon,Weekday,2017,03
17358,8242,Truffles,Afternoon,Weekday,2017,03
17359,8242,Chicken Stew,Afternoon,Weekday,2017,03
17360,8242,Sandwich,Afternoon,Weekday,2017,03
17361,8243,Pastry,Afternoon,Weekday,2017,03
17362,8244,Chicken Stew,Afternoon,Weekday,2017,03
17363,8244,Coffee,Afternoon,Weekday,2017,03
17364,8245,Eggs,Afternoon,Weekday,2017,03
17365,8245,Bread,Afternoon,Weekday,2017,03
17366,8246,Coffee,Afternoon,Weekday,2017,03
17367,8246,Coffee,Afternoon,Weekday,2017,03
17368,8246,Soup,Afternoon,Weekday,2017,03
17369,8247,Coffee,Afternoon,Weekday,2017,03
17370,8247,Scone,Afternoon,Weekday,2017,03
17371,8248,Coke,Afternoon,Weekday,2017,03
17372,8249,Bread,Afternoon,Weekday,2017,03
17373,8249,Brownie,Afternoon,Weekday,2017,03
17374,8250,Coffee,Afternoon,Weekday,2017,03
17375,8250,Hot chocolate,Afternoon,Weekday,2017,03
17376,8250,Cookies,Afternoon,Weekday,2017,03
17377,8251,Coffee,Afternoon,Weekday,2017,03
17378,8251,Cookies,Afternoon,Weekday,2017,03
17379,8252,Bread,Afternoon,Weekday,2017,03
17380,8252,Cake,Afternoon,Weekday,2017,03
17381,8253,Cake,Afternoon,Weekday,2017,03
17382,8253,Coffee,Afternoon,Weekday,2017,03
17383,8253,Coffee,Afternoon,Weekday,2017,03
17384,8253,Coffee,Afternoon,Weekday,2017,03
17385,8254,Coffee,Afternoon,Weekday,2017,03
17386,8255,Tea,Afternoon,Weekday,2017,03
17387,8255,Bakewell,Afternoon,Weekday,2017,03
17388,8255,Bread,Afternoon,Weekday,2017,03
17389,8256,Smoothies,Afternoon,Weekday,2017,03
17390,8256,Coffee,Afternoon,Weekday,2017,03
17391,8256,Cake,Afternoon,Weekday,2017,03
17392,8256,Bread,Afternoon,Weekday,2017,03
17393,8257,Hot chocolate,Evening,Weekday,2017,03
17394,8258,Tea,Morning,Weekday,2017,03
17395,8258,Scone,Morning,Weekday,2017,03
17396,8259,Baguette,Morning,Weekday,2017,03
17397,8259,Cookies,Morning,Weekday,2017,03
17398,8260,Coffee,Morning,Weekday,2017,03
17399,8260,Bakewell,Morning,Weekday,2017,03
17400,8261,Mortimer,Morning,Weekday,2017,03
17401,8262,Bread,Morning,Weekday,2017,03
17402,8263,Bread,Morning,Weekday,2017,03
17403,8264,Coffee,Morning,Weekday,2017,03
17404,8264,Pastry,Morning,Weekday,2017,03
17405,8265,Coffee,Morning,Weekday,2017,03
17406,8266,Bread,Morning,Weekday,2017,03
17407,8266,Pastry,Morning,Weekday,2017,03
17408,8267,Bread,Morning,Weekday,2017,03
17409,8268,Coffee,Morning,Weekday,2017,03
17410,8269,Baguette,Morning,Weekday,2017,03
17411,8270,Coffee,Morning,Weekday,2017,03
17412,8270,Bread,Morning,Weekday,2017,03
17413,8270,Bread,Morning,Weekday,2017,03
17414,8271,Coffee,Morning,Weekday,2017,03
17415,8271,Coffee,Morning,Weekday,2017,03
17416,8271,Toast,Morning,Weekday,2017,03
17417,8272,Cake,Morning,Weekday,2017,03
17418,8272,Bread,Morning,Weekday,2017,03
17419,8273,Coffee,Morning,Weekday,2017,03
17420,8274,Coffee,Morning,Weekday,2017,03
17421,8275,Coffee,Morning,Weekday,2017,03
17422,8275,Coffee,Morning,Weekday,2017,03
17423,8275,Juice,Morning,Weekday,2017,03
17424,8275,Cake,Morning,Weekday,2017,03
17425,8275,Cookies,Morning,Weekday,2017,03
17426,8276,Baguette,Morning,Weekday,2017,03
17427,8277,Tea,Morning,Weekday,2017,03
17428,8277,Cake,Morning,Weekday,2017,03
17429,8278,Pastry,Morning,Weekday,2017,03
17430,8278,Coffee,Morning,Weekday,2017,03
17431,8279,Tea,Morning,Weekday,2017,03
17432,8280,Tea,Morning,Weekday,2017,03
17433,8281,Coffee,Morning,Weekday,2017,03
17434,8281,Pastry,Morning,Weekday,2017,03
17435,8282,Bread,Morning,Weekday,2017,03
17436,8283,Scandinavian,Morning,Weekday,2017,03
17437,8284,Cake,Morning,Weekday,2017,03
17438,8284,Tiffin,Morning,Weekday,2017,03
17439,8284,Coffee,Morning,Weekday,2017,03
17440,8284,Coffee,Morning,Weekday,2017,03
17441,8285,Tea,Morning,Weekday,2017,03
17442,8285,Hot chocolate,Morning,Weekday,2017,03
17443,8285,Pastry,Morning,Weekday,2017,03
17444,8285,Cake,Morning,Weekday,2017,03
17445,8286,Brownie,Morning,Weekday,2017,03
17446,8286,Bread,Morning,Weekday,2017,03
17447,8287,Bread,Morning,Weekday,2017,03
17448,8288,Coffee,Morning,Weekday,2017,03
17449,8290,Toast,Afternoon,Weekday,2017,03
17450,8290,Coffee,Afternoon,Weekday,2017,03
17451,8291,Tea,Afternoon,Weekday,2017,03
17452,8291,Toast,Afternoon,Weekday,2017,03
17453,8292,Coffee,Afternoon,Weekday,2017,03
17454,8292,Coffee,Afternoon,Weekday,2017,03
17455,8292,Sandwich,Afternoon,Weekday,2017,03
17456,8292,Pastry,Afternoon,Weekday,2017,03
17457,8296,Coffee,Afternoon,Weekday,2017,03
17458,8298,Bread,Afternoon,Weekday,2017,03
17459,8299,Coffee,Afternoon,Weekday,2017,03
17460,8300,Tiffin,Afternoon,Weekday,2017,03
17461,8302,Coffee,Afternoon,Weekday,2017,03
17462,8303,Cake,Afternoon,Weekday,2017,03
17463,8303,Cake,Afternoon,Weekday,2017,03
17464,8303,Brownie,Afternoon,Weekday,2017,03
17465,8304,Half slice Monster ,Afternoon,Weekday,2017,03
17466,8305,Coffee,Afternoon,Weekday,2017,03
17467,8305,Coffee,Afternoon,Weekday,2017,03
17468,8305,Mineral water,Afternoon,Weekday,2017,03
17469,8306,Bread,Afternoon,Weekday,2017,03
17470,8306,Coffee,Afternoon,Weekday,2017,03
17471,8306,Cookies,Afternoon,Weekday,2017,03
17472,8306,Brownie,Afternoon,Weekday,2017,03
17473,8307,Coffee,Afternoon,Weekday,2017,03
17474,8307,Soup,Afternoon,Weekday,2017,03
17475,8307,Sandwich,Afternoon,Weekday,2017,03
17476,8308,Coffee,Afternoon,Weekday,2017,03
17477,8308,Coffee granules ,Afternoon,Weekday,2017,03
17478,8308,Extra Salami or Feta,Afternoon,Weekday,2017,03
17479,8308,Salad,Afternoon,Weekday,2017,03
17480,8310,Salad,Afternoon,Weekday,2017,03
17481,8310,Coffee,Afternoon,Weekday,2017,03
17482,8310,Coffee,Afternoon,Weekday,2017,03
17483,8311,Coffee,Afternoon,Weekday,2017,03
17484,8311,Coffee,Afternoon,Weekday,2017,03
17485,8311,Cake,Afternoon,Weekday,2017,03
17486,8311,Salad,Afternoon,Weekday,2017,03
17487,8312,Cake,Afternoon,Weekday,2017,03
17488,8312,Cookies,Afternoon,Weekday,2017,03
17489,8313,Coffee,Afternoon,Weekday,2017,03
17490,8313,Coffee,Afternoon,Weekday,2017,03
17491,8313,Cookies,Afternoon,Weekday,2017,03
17492,8314,Scone,Afternoon,Weekday,2017,03
17493,8314,Coffee,Afternoon,Weekday,2017,03
17494,8315,Coffee,Afternoon,Weekday,2017,03
17495,8315,Coffee,Afternoon,Weekday,2017,03
17496,8315,Salad,Afternoon,Weekday,2017,03
17497,8316,Coke,Afternoon,Weekday,2017,03
17498,8317,Coffee,Afternoon,Weekday,2017,03
17499,8317,Cake,Afternoon,Weekday,2017,03
17500,8317,Cake,Afternoon,Weekday,2017,03
17501,8318,Hot chocolate,Afternoon,Weekday,2017,03
17502,8318,Coffee,Afternoon,Weekday,2017,03
17503,8318,Tiffin,Afternoon,Weekday,2017,03
17504,8319,Hot chocolate,Afternoon,Weekday,2017,03
17505,8319,Coffee,Afternoon,Weekday,2017,03
17506,8319,Scone,Afternoon,Weekday,2017,03
17507,8320,Bread,Afternoon,Weekday,2017,03
17508,8321,Hot chocolate,Afternoon,Weekday,2017,03
17509,8321,Hot chocolate,Afternoon,Weekday,2017,03
17510,8321,Coffee,Afternoon,Weekday,2017,03
17511,8322,Tiffin,Afternoon,Weekday,2017,03
17512,8323,Coffee,Morning,Weekend,2017,03
17513,8323,Sandwich,Morning,Weekend,2017,03
17514,8323,Sandwich,Morning,Weekend,2017,03
17515,8324,Hot chocolate,Morning,Weekend,2017,03
17516,8324,Coffee,Morning,Weekend,2017,03
17517,8324,Pastry,Morning,Weekend,2017,03
17518,8325,Coffee,Morning,Weekend,2017,03
17519,8325,Medialuna,Morning,Weekend,2017,03
17520,8326,Coffee,Morning,Weekend,2017,03
17521,8326,Pastry,Morning,Weekend,2017,03
17522,8327,Coffee,Morning,Weekend,2017,03
17523,8327,Coffee,Morning,Weekend,2017,03
17524,8327,Medialuna,Morning,Weekend,2017,03
17525,8327,Cookies,Morning,Weekend,2017,03
17526,8328,Bread,Morning,Weekend,2017,03
17527,8328,Bread,Morning,Weekend,2017,03
17528,8328,Bread,Morning,Weekend,2017,03
17529,8328,Pastry,Morning,Weekend,2017,03
17530,8329,Coffee,Morning,Weekend,2017,03
17531,8330,Bread,Morning,Weekend,2017,03
17532,8330,Baguette,Morning,Weekend,2017,03
17533,8331,Toast,Morning,Weekend,2017,03
17534,8331,Coffee,Morning,Weekend,2017,03
17535,8332,Farm House,Morning,Weekend,2017,03
17536,8332,Cake,Morning,Weekend,2017,03
17537,8333,Pastry,Morning,Weekend,2017,03
17538,8333,Bread,Morning,Weekend,2017,03
17539,8334,Coffee,Morning,Weekend,2017,03
17540,8335,Coffee,Morning,Weekend,2017,03
17541,8335,Cookies,Morning,Weekend,2017,03
17542,8336,Bread,Morning,Weekend,2017,03
17543,8336,Bread,Morning,Weekend,2017,03
17544,8337,Coffee,Morning,Weekend,2017,03
17545,8337,Pastry,Morning,Weekend,2017,03
17546,8337,Medialuna,Morning,Weekend,2017,03
17547,8338,Cake,Morning,Weekend,2017,03
17548,8338,Scone,Morning,Weekend,2017,03
17549,8338,Scandinavian,Morning,Weekend,2017,03
17550,8339,Coffee,Morning,Weekend,2017,03
17551,8340,Coffee,Morning,Weekend,2017,03
17552,8341,Coffee,Morning,Weekend,2017,03
17553,8342,Afternoon with the baker,Morning,Weekend,2017,03
17554,8343,Coffee,Morning,Weekend,2017,03
17555,8343,Duck egg,Morning,Weekend,2017,03
17556,8344,Bread,Morning,Weekend,2017,03
17557,8345,Tea,Morning,Weekend,2017,03
17558,8346,Toast,Morning,Weekend,2017,03
17559,8346,Coffee,Morning,Weekend,2017,03
17560,8347,Bread,Morning,Weekend,2017,03
17561,8348,Coffee,Morning,Weekend,2017,03
17562,8348,Toast,Morning,Weekend,2017,03
17563,8349,Bread,Morning,Weekend,2017,03
17564,8349,Truffles,Morning,Weekend,2017,03
17565,8350,Juice,Morning,Weekend,2017,03
17566,8350,Coffee,Morning,Weekend,2017,03
17567,8350,Bread,Morning,Weekend,2017,03
17568,8350,Toast,Morning,Weekend,2017,03
17569,8351,Coffee,Morning,Weekend,2017,03
17570,8352,Tea,Morning,Weekend,2017,03
17571,8353,Coffee,Morning,Weekend,2017,03
17572,8353,Tiffin,Morning,Weekend,2017,03
17573,8353,Scone,Morning,Weekend,2017,03
17574,8353,Bread,Morning,Weekend,2017,03
17575,8354,Coffee,Morning,Weekend,2017,03
17576,8354,Brownie,Morning,Weekend,2017,03
17577,8355,Jam,Morning,Weekend,2017,03
17578,8356,Mineral water,Morning,Weekend,2017,03
17579,8356,Scone,Morning,Weekend,2017,03
17580,8357,Mineral water,Morning,Weekend,2017,03
17581,8358,Coffee,Afternoon,Weekend,2017,03
17582,8358,Hot chocolate,Afternoon,Weekend,2017,03
17583,8358,Bread,Afternoon,Weekend,2017,03
17584,8358,Scone,Afternoon,Weekend,2017,03
17585,8359,Bread,Afternoon,Weekend,2017,03
17586,8360,Coffee,Afternoon,Weekend,2017,03
17587,8360,Salad,Afternoon,Weekend,2017,03
17588,8360,Sandwich,Afternoon,Weekend,2017,03
17589,8361,Bread,Afternoon,Weekend,2017,03
17590,8362,Coffee,Afternoon,Weekend,2017,03
17591,8362,Coffee,Afternoon,Weekend,2017,03
17592,8363,Coffee,Afternoon,Weekend,2017,03
17593,8363,Coffee,Afternoon,Weekend,2017,03
17594,8363,Scone,Afternoon,Weekend,2017,03
17595,8363,Tiffin,Afternoon,Weekend,2017,03
17596,8364,Coffee,Afternoon,Weekend,2017,03
17597,8365,Tea,Afternoon,Weekend,2017,03
17598,8365,Coffee,Afternoon,Weekend,2017,03
17599,8365,Coffee,Afternoon,Weekend,2017,03
17600,8366,Soup,Afternoon,Weekend,2017,03
17601,8366,Mineral water,Afternoon,Weekend,2017,03
17602,8366,Brownie,Afternoon,Weekend,2017,03
17603,8367,Mineral water,Afternoon,Weekend,2017,03
17604,8368,Bread,Afternoon,Weekend,2017,03
17605,8368,Scone,Afternoon,Weekend,2017,03
17606,8368,Cookies,Afternoon,Weekend,2017,03
17607,8368,Soup,Afternoon,Weekend,2017,03
17608,8369,Spanish Brunch,Afternoon,Weekend,2017,03
17609,8369,The Nomad,Afternoon,Weekend,2017,03
17610,8369,Coffee,Afternoon,Weekend,2017,03
17611,8370,Bread,Afternoon,Weekend,2017,03
17612,8371,Sandwich,Afternoon,Weekend,2017,03
17613,8371,Coffee,Afternoon,Weekend,2017,03
17614,8371,Tiffin,Afternoon,Weekend,2017,03
17615,8371,Cake,Afternoon,Weekend,2017,03
17616,8372,Coffee,Afternoon,Weekend,2017,03
17617,8372,Cookies,Afternoon,Weekend,2017,03
17618,8373,Tiffin,Afternoon,Weekend,2017,03
17619,8374,Sandwich,Afternoon,Weekend,2017,03
17620,8374,Salad,Afternoon,Weekend,2017,03
17621,8374,Bread,Afternoon,Weekend,2017,03
17622,8374,Juice,Afternoon,Weekend,2017,03
17623,8375,Sandwich,Afternoon,Weekend,2017,03
17624,8375,Tea,Afternoon,Weekend,2017,03
17625,8375,Cake,Afternoon,Weekend,2017,03
17626,8375,Coffee,Afternoon,Weekend,2017,03
17627,8376,Bread,Afternoon,Weekend,2017,03
17628,8377,Bread,Afternoon,Weekend,2017,03
17629,8377,Jam,Afternoon,Weekend,2017,03
17630,8378,Bread,Afternoon,Weekend,2017,03
17631,8378,The Nomad,Afternoon,Weekend,2017,03
17632,8378,Jam,Afternoon,Weekend,2017,03
17633,8379,Bread,Afternoon,Weekend,2017,03
17634,8380,Coffee,Afternoon,Weekend,2017,03
17635,8380,Hot chocolate,Afternoon,Weekend,2017,03
17636,8380,Brownie,Afternoon,Weekend,2017,03
17637,8380,Bread,Afternoon,Weekend,2017,03
17638,8381,Bread,Afternoon,Weekend,2017,03
17639,8382,Coffee,Afternoon,Weekend,2017,03
17640,8382,Tea,Afternoon,Weekend,2017,03
17641,8382,Spanish Brunch,Afternoon,Weekend,2017,03
17642,8383,Fudge,Afternoon,Weekend,2017,03
17643,8383,Baguette,Afternoon,Weekend,2017,03
17644,8384,Sandwich,Afternoon,Weekend,2017,03
17645,8385,Bread,Afternoon,Weekend,2017,03
17646,8386,Sandwich,Afternoon,Weekend,2017,03
17647,8387,Scandinavian,Afternoon,Weekend,2017,03
17648,8388,Tea,Afternoon,Weekend,2017,03
17649,8388,Scone,Afternoon,Weekend,2017,03
17650,8389,Tea,Afternoon,Weekend,2017,03
17651,8389,Tiffin,Afternoon,Weekend,2017,03
17652,8389,Brownie,Afternoon,Weekend,2017,03
17653,8390,Scone,Afternoon,Weekend,2017,03
17654,8390,Bread,Afternoon,Weekend,2017,03
17655,8391,Coffee,Afternoon,Weekend,2017,03
17656,8391,Coffee,Afternoon,Weekend,2017,03
17657,8391,Cake,Afternoon,Weekend,2017,03
17658,8391,Scone,Afternoon,Weekend,2017,03
17659,8392,Bread,Afternoon,Weekend,2017,03
17660,8393,Cake,Afternoon,Weekend,2017,03
17661,8393,Coffee,Afternoon,Weekend,2017,03
17662,8394,Cake,Afternoon,Weekend,2017,03
17663,8394,Cake,Afternoon,Weekend,2017,03
17664,8394,Bread,Afternoon,Weekend,2017,03
17665,8394,Tea,Afternoon,Weekend,2017,03
17666,8395,Coffee,Afternoon,Weekend,2017,03
17667,8395,Tea,Afternoon,Weekend,2017,03
17668,8396,Scone,Afternoon,Weekend,2017,03
17669,8397,Hot chocolate,Afternoon,Weekend,2017,03
17670,8397,Coffee,Afternoon,Weekend,2017,03
17671,8397,Cake,Afternoon,Weekend,2017,03
17672,8398,Half slice Monster ,Afternoon,Weekend,2017,03
17673,8399,Tea,Afternoon,Weekend,2017,03
17674,8399,Chicken Stew,Afternoon,Weekend,2017,03
17675,8400,Tea,Afternoon,Weekend,2017,03
17676,8400,Cookies,Afternoon,Weekend,2017,03
17677,8400,Cake,Afternoon,Weekend,2017,03
17678,8401,Coffee,Afternoon,Weekend,2017,03
17679,8401,Tea,Afternoon,Weekend,2017,03
17680,8401,Cake,Afternoon,Weekend,2017,03
17681,8402,Coffee,Afternoon,Weekend,2017,03
17682,8402,Smoothies,Afternoon,Weekend,2017,03
17683,8402,Soup,Afternoon,Weekend,2017,03
17684,8402,Sandwich,Afternoon,Weekend,2017,03
17685,8402,Cake,Afternoon,Weekend,2017,03
17686,8403,Coffee,Evening,Weekend,2017,03
17687,8403,Coke,Evening,Weekend,2017,03
17688,8403,Salad,Evening,Weekend,2017,03
17689,8404,Coffee,Morning,Weekend,2017,03
17690,8405,Coffee,Morning,Weekend,2017,03
17691,8406,Coffee,Morning,Weekend,2017,03
17692,8406,Tiffin,Morning,Weekend,2017,03
17693,8407,Spanish Brunch,Morning,Weekend,2017,03
17694,8407,Scone,Morning,Weekend,2017,03
17695,8407,Coffee,Morning,Weekend,2017,03
17696,8407,Bread,Morning,Weekend,2017,03
17697,8408,Coffee,Morning,Weekend,2017,03
17698,8408,Medialuna,Morning,Weekend,2017,03
17699,8409,Bread,Morning,Weekend,2017,03
17700,8410,Tea,Morning,Weekend,2017,03
17701,8411,Bread,Morning,Weekend,2017,03
17702,8412,Coffee,Morning,Weekend,2017,03
17703,8412,Coffee,Morning,Weekend,2017,03
17704,8412,Cake,Morning,Weekend,2017,03
17705,8413,Tea,Morning,Weekend,2017,03
17706,8414,Coffee,Morning,Weekend,2017,03
17707,8414,Coffee,Morning,Weekend,2017,03
17708,8414,Medialuna,Morning,Weekend,2017,03
17709,8414,Tiffin,Morning,Weekend,2017,03
17710,8415,Coffee,Morning,Weekend,2017,03
17711,8415,Bread,Morning,Weekend,2017,03
17712,8415,Bread,Morning,Weekend,2017,03
17713,8416,Bread,Morning,Weekend,2017,03
17714,8416,Medialuna,Morning,Weekend,2017,03
17715,8417,Coffee,Morning,Weekend,2017,03
17716,8418,Tea,Morning,Weekend,2017,03
17717,8418,Tea,Morning,Weekend,2017,03
17718,8418,Scone,Morning,Weekend,2017,03
17719,8419,Hot chocolate,Morning,Weekend,2017,03
17720,8419,Tea,Morning,Weekend,2017,03
17721,8419,Bread,Morning,Weekend,2017,03
17722,8419,Cake,Morning,Weekend,2017,03
17723,8420,Bread,Morning,Weekend,2017,03
17724,8420,Spanish Brunch,Morning,Weekend,2017,03
17725,8421,Bread,Morning,Weekend,2017,03
17726,8422,Spanish Brunch,Morning,Weekend,2017,03
17727,8422,Truffles,Morning,Weekend,2017,03
17728,8422,Juice,Morning,Weekend,2017,03
17729,8422,Coffee,Morning,Weekend,2017,03
17730,8422,Tiffin,Morning,Weekend,2017,03
17731,8423,Coffee,Morning,Weekend,2017,03
17732,8424,Bread,Morning,Weekend,2017,03
17733,8424,Bread,Morning,Weekend,2017,03
17734,8425,Bread,Afternoon,Weekend,2017,03
17735,8426,Farm House,Afternoon,Weekend,2017,03
17736,8427,Coffee,Afternoon,Weekend,2017,03
17737,8427,Scone,Afternoon,Weekend,2017,03
17738,8428,Bread,Afternoon,Weekend,2017,03
17739,8429,Coffee,Afternoon,Weekend,2017,03
17740,8429,Coffee,Afternoon,Weekend,2017,03
17741,8429,Spanish Brunch,Afternoon,Weekend,2017,03
17742,8429,Coffee,Afternoon,Weekend,2017,03
17743,8429,Art Tray,Afternoon,Weekend,2017,03
17744,8430,Spanish Brunch,Afternoon,Weekend,2017,03
17745,8430,Hot chocolate,Afternoon,Weekend,2017,03
17746,8431,Coffee,Afternoon,Weekend,2017,03
17747,8431,Coffee,Afternoon,Weekend,2017,03
17748,8431,Cake,Afternoon,Weekend,2017,03
17749,8431,Scone,Afternoon,Weekend,2017,03
17750,8432,Tiffin,Afternoon,Weekend,2017,03
17751,8432,Coffee,Afternoon,Weekend,2017,03
17752,8433,Tea,Afternoon,Weekend,2017,03
17753,8433,Cookies,Afternoon,Weekend,2017,03
17754,8434,Coffee,Afternoon,Weekend,2017,03
17755,8434,Bread,Afternoon,Weekend,2017,03
17756,8435,Sandwich,Afternoon,Weekend,2017,03
17757,8435,Muffin,Afternoon,Weekend,2017,03
17758,8435,Bread,Afternoon,Weekend,2017,03
17759,8435,Cookies,Afternoon,Weekend,2017,03
17760,8436,Farm House,Afternoon,Weekend,2017,03
17761,8437,Spanish Brunch,Afternoon,Weekend,2017,03
17762,8437,Salad,Afternoon,Weekend,2017,03
17763,8437,Tea,Afternoon,Weekend,2017,03
17764,8437,Coffee,Afternoon,Weekend,2017,03
17765,8437,Pastry,Afternoon,Weekend,2017,03
17766,8437,Cake,Afternoon,Weekend,2017,03
17767,8438,Smoothies,Afternoon,Weekend,2017,03
17768,8438,Coffee,Afternoon,Weekend,2017,03
17769,8438,Soup,Afternoon,Weekend,2017,03
17770,8438,Salad,Afternoon,Weekend,2017,03
17771,8439,Sandwich,Afternoon,Weekend,2017,03
17772,8439,Tea,Afternoon,Weekend,2017,03
17773,8439,Coffee,Afternoon,Weekend,2017,03
17774,8440,Sandwich,Afternoon,Weekend,2017,03
17775,8440,Sandwich,Afternoon,Weekend,2017,03
17776,8441,Spanish Brunch,Afternoon,Weekend,2017,03
17777,8441,Toast,Afternoon,Weekend,2017,03
17778,8441,Salad,Afternoon,Weekend,2017,03
17779,8441,Baguette,Afternoon,Weekend,2017,03
17780,8442,Sandwich,Afternoon,Weekend,2017,03
17781,8442,Sandwich,Afternoon,Weekend,2017,03
17782,8443,Cake,Afternoon,Weekend,2017,03
17783,8443,Bread,Afternoon,Weekend,2017,03
17784,8443,Muffin,Afternoon,Weekend,2017,03
17785,8444,Coffee,Afternoon,Weekend,2017,03
17786,8444,Coffee,Afternoon,Weekend,2017,03
17787,8444,Pastry,Afternoon,Weekend,2017,03
17788,8445,Coffee,Afternoon,Weekend,2017,03
17789,8445,Coffee,Afternoon,Weekend,2017,03
17790,8445,Sandwich,Afternoon,Weekend,2017,03
17791,8445,Chicken Stew,Afternoon,Weekend,2017,03
17792,8446,Cake,Afternoon,Weekend,2017,03
17793,8446,Coffee,Afternoon,Weekend,2017,03
17794,8446,Coffee,Afternoon,Weekend,2017,03
17795,8447,Bread,Afternoon,Weekend,2017,03
17796,8448,Spanish Brunch,Afternoon,Weekend,2017,03
17797,8448,Coffee,Afternoon,Weekend,2017,03
17798,8448,Coke,Afternoon,Weekend,2017,03
17799,8448,Bread,Afternoon,Weekend,2017,03
17800,8448,Mineral water,Afternoon,Weekend,2017,03
17801,8448,Soup,Afternoon,Weekend,2017,03
17802,8449,Tea,Afternoon,Weekend,2017,03
17803,8449,Cake,Afternoon,Weekend,2017,03
17804,8450,Coffee,Afternoon,Weekend,2017,03
17805,8450,Sandwich,Afternoon,Weekend,2017,03
17806,8450,Sandwich,Afternoon,Weekend,2017,03
17807,8450,Muffin,Afternoon,Weekend,2017,03
17808,8451,Coffee,Afternoon,Weekend,2017,03
17809,8452,Coffee,Afternoon,Weekend,2017,03
17810,8452,Tea,Afternoon,Weekend,2017,03
17811,8452,Cake,Afternoon,Weekend,2017,03
17812,8452,Scone,Afternoon,Weekend,2017,03
17813,8453,Pastry,Afternoon,Weekend,2017,03
17814,8453,Scone,Afternoon,Weekend,2017,03
17815,8454,Coffee,Afternoon,Weekend,2017,03
17816,8455,Afternoon with the baker,Evening,Weekend,2017,03
17817,8456,Coffee,Morning,Weekday,2017,03
17818,8457,Coffee,Morning,Weekday,2017,03
17819,8458,Coffee,Morning,Weekday,2017,03
17820,8458,Bread,Morning,Weekday,2017,03
17821,8459,Coffee,Morning,Weekday,2017,03
17822,8459,Bread,Morning,Weekday,2017,03
17823,8460,Coffee,Morning,Weekday,2017,03
17824,8461,Coffee,Morning,Weekday,2017,03
17825,8461,Bread,Morning,Weekday,2017,03
17826,8462,Coffee,Morning,Weekday,2017,03
17827,8462,Coffee,Morning,Weekday,2017,03
17828,8462,Pastry,Morning,Weekday,2017,03
17829,8462,Bread,Morning,Weekday,2017,03
17830,8462,Bread,Morning,Weekday,2017,03
17831,8462,Toast,Morning,Weekday,2017,03
17832,8463,Pastry,Morning,Weekday,2017,03
17833,8463,Cake,Morning,Weekday,2017,03
17834,8463,Bread,Morning,Weekday,2017,03
17835,8464,Coffee,Morning,Weekday,2017,03
17836,8464,Muffin,Morning,Weekday,2017,03
17837,8465,Baguette,Morning,Weekday,2017,03
17838,8466,Coffee,Morning,Weekday,2017,03
17839,8466,Bread,Morning,Weekday,2017,03
17840,8467,Coffee,Morning,Weekday,2017,03
17841,8467,Mineral water,Morning,Weekday,2017,03
17842,8467,Cookies,Morning,Weekday,2017,03
17843,8467,Toast,Morning,Weekday,2017,03
17844,8468,Tea,Morning,Weekday,2017,03
17845,8468,Spanish Brunch,Morning,Weekday,2017,03
17846,8469,Coffee,Morning,Weekday,2017,03
17847,8470,Coffee,Morning,Weekday,2017,03
17848,8471,Bread,Morning,Weekday,2017,03
17849,8472,Coffee granules ,Morning,Weekday,2017,03
17850,8473,Cake,Morning,Weekday,2017,03
17851,8473,Muffin,Morning,Weekday,2017,03
17852,8473,Juice,Morning,Weekday,2017,03
17853,8474,Coffee,Morning,Weekday,2017,03
17854,8475,Cake,Morning,Weekday,2017,03
17855,8476,Juice,Morning,Weekday,2017,03
17856,8476,Sandwich,Morning,Weekday,2017,03
17857,8477,Coffee,Morning,Weekday,2017,03
17858,8477,Pastry,Morning,Weekday,2017,03
17859,8478,Coffee,Morning,Weekday,2017,03
17860,8478,Muffin,Morning,Weekday,2017,03
17861,8479,Truffles,Morning,Weekday,2017,03
17862,8479,Sandwich,Morning,Weekday,2017,03
17863,8480,Coffee,Morning,Weekday,2017,03
17864,8480,Baguette,Morning,Weekday,2017,03
17865,8481,Farm House,Afternoon,Weekday,2017,03
17866,8482,Pastry,Afternoon,Weekday,2017,03
17867,8483,Jam,Afternoon,Weekday,2017,03
17868,8484,Sandwich,Afternoon,Weekday,2017,03
17869,8485,Coffee,Afternoon,Weekday,2017,03
17870,8485,Coffee,Afternoon,Weekday,2017,03
17871,8486,Hot chocolate,Afternoon,Weekday,2017,03
17872,8486,Coffee,Afternoon,Weekday,2017,03
17873,8486,Brownie,Afternoon,Weekday,2017,03
17874,8486,Muffin,Afternoon,Weekday,2017,03
17875,8486,Bread,Afternoon,Weekday,2017,03
17876,8487,Coffee,Afternoon,Weekday,2017,03
17877,8487,Bread,Afternoon,Weekday,2017,03
17878,8488,Sandwich,Afternoon,Weekday,2017,03
17879,8488,Coffee,Afternoon,Weekday,2017,03
17880,8489,Spanish Brunch,Afternoon,Weekday,2017,03
17881,8489,Coffee,Afternoon,Weekday,2017,03
17882,8490,Coffee,Afternoon,Weekday,2017,03
17883,8490,Toast,Afternoon,Weekday,2017,03
17884,8491,Coffee,Afternoon,Weekday,2017,03
17885,8492,Muffin,Afternoon,Weekday,2017,03
17886,8493,Coffee,Afternoon,Weekday,2017,03
17887,8494,Tea,Afternoon,Weekday,2017,03
17888,8494,Brownie,Afternoon,Weekday,2017,03
17889,8495,Hot chocolate,Afternoon,Weekday,2017,03
17890,8495,Tea,Afternoon,Weekday,2017,03
17891,8495,Bread,Afternoon,Weekday,2017,03
17892,8496,Bread,Afternoon,Weekday,2017,03
17893,8496,Salad,Afternoon,Weekday,2017,03
17894,8497,Salad,Afternoon,Weekday,2017,03
17895,8497,Tea,Afternoon,Weekday,2017,03
17896,8498,Coffee,Afternoon,Weekday,2017,03
17897,8498,Muffin,Afternoon,Weekday,2017,03
17898,8499,Tea,Afternoon,Weekday,2017,03
17899,8500,Farm House,Afternoon,Weekday,2017,03
17900,8501,Tea,Afternoon,Weekday,2017,03
17901,8501,Coffee,Afternoon,Weekday,2017,03
17902,8501,Bread,Afternoon,Weekday,2017,03
17903,8501,Pastry,Afternoon,Weekday,2017,03
17904,8502,Farm House,Afternoon,Weekday,2017,03
17905,8502,Coffee,Afternoon,Weekday,2017,03
17906,8502,Cookies,Afternoon,Weekday,2017,03
17907,8503,Tea,Afternoon,Weekday,2017,03
17908,8503,Medialuna,Afternoon,Weekday,2017,03
17909,8504,Coffee,Afternoon,Weekday,2017,03
17910,8505,Cookies,Afternoon,Weekday,2017,03
17911,8505,Coffee,Afternoon,Weekday,2017,03
17912,8506,Pastry,Morning,Weekday,2017,03
17913,8507,Pastry,Morning,Weekday,2017,03
17914,8507,Coffee,Morning,Weekday,2017,03
17915,8508,Pastry,Morning,Weekday,2017,03
17916,8508,Cake,Morning,Weekday,2017,03
17917,8509,Bread,Morning,Weekday,2017,03
17918,8509,Scandinavian,Morning,Weekday,2017,03
17919,8509,Bread,Morning,Weekday,2017,03
17920,8510,Bread,Morning,Weekday,2017,03
17921,8510,Coffee,Morning,Weekday,2017,03
17922,8511,Coffee,Morning,Weekday,2017,03
17923,8511,Toast,Morning,Weekday,2017,03
17924,8512,Coffee,Morning,Weekday,2017,03
17925,8513,Coffee,Morning,Weekday,2017,03
17926,8513,Pastry,Morning,Weekday,2017,03
17927,8514,Coffee,Morning,Weekday,2017,03
17928,8515,Cookies,Morning,Weekday,2017,03
17929,8515,Cake,Morning,Weekday,2017,03
17930,8515,Mineral water,Morning,Weekday,2017,03
17931,8516,Coffee,Morning,Weekday,2017,03
17932,8516,Toast,Morning,Weekday,2017,03
17933,8517,Baguette,Morning,Weekday,2017,03
17934,8518,Farm House,Morning,Weekday,2017,03
17935,8519,Cake,Morning,Weekday,2017,03
17936,8519,Tea,Morning,Weekday,2017,03
17937,8519,Coffee,Morning,Weekday,2017,03
17938,8520,Farm House,Morning,Weekday,2017,03
17939,8520,Coffee,Morning,Weekday,2017,03
17940,8521,Coffee,Morning,Weekday,2017,03
17941,8521,Coffee,Morning,Weekday,2017,03
17942,8522,Bread,Morning,Weekday,2017,03
17943,8523,Coffee,Afternoon,Weekday,2017,03
17944,8523,Muffin,Afternoon,Weekday,2017,03
17945,8524,Christmas common,Afternoon,Weekday,2017,03
17946,8525,Coffee,Afternoon,Weekday,2017,03
17947,8525,Sandwich,Afternoon,Weekday,2017,03
17948,8525,Soup,Afternoon,Weekday,2017,03
17949,8526,Sandwich,Afternoon,Weekday,2017,03
17950,8526,Mineral water,Afternoon,Weekday,2017,03
17951,8527,Bread,Afternoon,Weekday,2017,03
17952,8528,Coffee,Afternoon,Weekday,2017,03
17953,8528,Bread,Afternoon,Weekday,2017,03
17954,8528,Spanish Brunch,Afternoon,Weekday,2017,03
17955,8528,Sandwich,Afternoon,Weekday,2017,03
17956,8528,Bread,Afternoon,Weekday,2017,03
17957,8528,Farm House,Afternoon,Weekday,2017,03
17958,8529,Coffee,Afternoon,Weekday,2017,03
17959,8529,Cake,Afternoon,Weekday,2017,03
17960,8530,Coffee,Afternoon,Weekday,2017,03
17961,8531,Tea,Afternoon,Weekday,2017,03
17962,8531,Soup,Afternoon,Weekday,2017,03
17963,8532,Coffee,Afternoon,Weekday,2017,03
17964,8532,Cookies,Afternoon,Weekday,2017,03
17965,8533,Coffee,Afternoon,Weekday,2017,03
17966,8533,Sandwich,Afternoon,Weekday,2017,03
17967,8534,Coffee,Afternoon,Weekday,2017,03
17968,8534,Coffee,Afternoon,Weekday,2017,03
17969,8534,Bread,Afternoon,Weekday,2017,03
17970,8535,Jam,Afternoon,Weekday,2017,03
17971,8536,Cake,Afternoon,Weekday,2017,03
17972,8536,Bread,Afternoon,Weekday,2017,03
17973,8537,Sandwich,Afternoon,Weekday,2017,03
17974,8537,Coffee,Afternoon,Weekday,2017,03
17975,8538,Truffles,Afternoon,Weekday,2017,03
17976,8539,Coffee,Afternoon,Weekday,2017,03
17977,8539,Truffles,Afternoon,Weekday,2017,03
17978,8540,Coffee,Afternoon,Weekday,2017,03
17979,8540,Soup,Afternoon,Weekday,2017,03
17980,8540,Sandwich,Afternoon,Weekday,2017,03
17981,8541,Sandwich,Afternoon,Weekday,2017,03
17982,8541,Coffee,Afternoon,Weekday,2017,03
17983,8541,Tea,Afternoon,Weekday,2017,03
17984,8542,Sandwich,Afternoon,Weekday,2017,03
17985,8542,Coffee,Afternoon,Weekday,2017,03
17986,8542,Tea,Afternoon,Weekday,2017,03
17987,8544,Coffee,Afternoon,Weekday,2017,03
17988,8544,Cookies,Afternoon,Weekday,2017,03
17989,8545,Coffee,Afternoon,Weekday,2017,03
17990,8545,Bread,Afternoon,Weekday,2017,03
17991,8545,Muffin,Afternoon,Weekday,2017,03
17992,8545,Baguette,Afternoon,Weekday,2017,03
17993,8546,Bread,Afternoon,Weekday,2017,03
17994,8546,Christmas common,Afternoon,Weekday,2017,03
17995,8547,Coffee,Afternoon,Weekday,2017,03
17996,8547,Bread,Afternoon,Weekday,2017,03
17997,8547,Cookies,Afternoon,Weekday,2017,03
17998,8547,Cake,Afternoon,Weekday,2017,03
17999,8548,Coffee,Afternoon,Weekday,2017,03
18000,8549,Bread,Afternoon,Weekday,2017,03
18001,8550,Coffee,Afternoon,Weekday,2017,03
18002,8550,Cake,Afternoon,Weekday,2017,03
18003,8550,Bread,Afternoon,Weekday,2017,03
18004,8551,Half slice Monster ,Afternoon,Weekday,2017,03
18005,8551,Juice,Afternoon,Weekday,2017,03
18006,8551,Cookies,Afternoon,Weekday,2017,03
18007,8551,Coffee,Afternoon,Weekday,2017,03
18008,8552,Coffee,Afternoon,Weekday,2017,03
18009,8552,Bread,Afternoon,Weekday,2017,03
18010,8553,Bread,Afternoon,Weekday,2017,03
18011,8554,Tea,Evening,Weekday,2017,03
18012,8554,Muffin,Evening,Weekday,2017,03
18013,8554,Bread,Evening,Weekday,2017,03
18014,8555,Baguette,Morning,Weekday,2017,03
18015,8555,Farm House,Morning,Weekday,2017,03
18016,8556,Coffee,Morning,Weekday,2017,03
18017,8557,Cookies,Morning,Weekday,2017,03
18018,8558,Coffee,Morning,Weekday,2017,03
18019,8558,Bread,Morning,Weekday,2017,03
18020,8558,Brownie,Morning,Weekday,2017,03
18021,8559,Coffee,Morning,Weekday,2017,03
18022,8559,Sandwich,Morning,Weekday,2017,03
18023,8560,Cherry me Dried fruit,Morning,Weekday,2017,03
18024,8560,Coffee,Morning,Weekday,2017,03
18025,8561,Coffee,Morning,Weekday,2017,03
18026,8562,Coffee,Morning,Weekday,2017,03
18027,8562,Pastry,Morning,Weekday,2017,03
18028,8562,Muffin,Morning,Weekday,2017,03
18029,8562,Coke,Morning,Weekday,2017,03
18030,8563,Bread,Morning,Weekday,2017,03
18031,8564,Coffee,Morning,Weekday,2017,03
18032,8564,Scandinavian,Morning,Weekday,2017,03
18033,8564,Brownie,Morning,Weekday,2017,03
18034,8565,Pastry,Morning,Weekday,2017,03
18035,8565,Coffee,Morning,Weekday,2017,03
18036,8566,Coffee,Morning,Weekday,2017,03
18037,8567,Baguette,Morning,Weekday,2017,03
18038,8568,Farm House,Morning,Weekday,2017,03
18039,8569,Bread,Morning,Weekday,2017,03
18040,8569,Bread,Morning,Weekday,2017,03
18041,8570,Bread,Morning,Weekday,2017,03
18042,8571,Toast,Morning,Weekday,2017,03
18043,8571,Coffee,Morning,Weekday,2017,03
18044,8572,Coffee,Morning,Weekday,2017,03
18045,8572,Tea,Morning,Weekday,2017,03
18046,8572,Cookies,Morning,Weekday,2017,03
18047,8573,Tea,Morning,Weekday,2017,03
18048,8573,Smoothies,Morning,Weekday,2017,03
18049,8574,Farm House,Morning,Weekday,2017,03
18050,8575,Coffee,Morning,Weekday,2017,03
18051,8576,Bread,Morning,Weekday,2017,03
18052,8578,Chicken Stew,Afternoon,Weekday,2017,03
18053,8578,Juice,Afternoon,Weekday,2017,03
18054,8579,Coffee,Afternoon,Weekday,2017,03
18055,8579,Bread,Afternoon,Weekday,2017,03
18056,8579,Sandwich,Afternoon,Weekday,2017,03
18057,8580,Bread,Afternoon,Weekday,2017,03
18058,8581,Coffee,Afternoon,Weekday,2017,03
18059,8581,Toast,Afternoon,Weekday,2017,03
18060,8582,Soup,Afternoon,Weekday,2017,03
18061,8582,Cake,Afternoon,Weekday,2017,03
18062,8582,Coffee,Afternoon,Weekday,2017,03
18063,8582,Coffee,Afternoon,Weekday,2017,03
18064,8583,Coffee,Afternoon,Weekday,2017,03
18065,8583,Toast,Afternoon,Weekday,2017,03
18066,8584,Granola,Afternoon,Weekday,2017,03
18067,8584,Spanish Brunch,Afternoon,Weekday,2017,03
18068,8584,Bread,Afternoon,Weekday,2017,03
18069,8584,Mineral water,Afternoon,Weekday,2017,03
18070,8584,Tea,Afternoon,Weekday,2017,03
18071,8585,Bread,Afternoon,Weekday,2017,03
18072,8586,Sandwich,Afternoon,Weekday,2017,03
18073,8586,Coke,Afternoon,Weekday,2017,03
18074,8587,Soup,Afternoon,Weekday,2017,03
18075,8587,Coffee,Afternoon,Weekday,2017,03
18076,8588,Bread,Afternoon,Weekday,2017,03
18077,8589,Coffee,Afternoon,Weekday,2017,03
18078,8589,Coffee,Afternoon,Weekday,2017,03
18079,8590,Coffee,Afternoon,Weekday,2017,03
18080,8590,Coffee,Afternoon,Weekday,2017,03
18081,8590,Sandwich,Afternoon,Weekday,2017,03
18082,8591,Coffee,Afternoon,Weekday,2017,03
18083,8591,Tea,Afternoon,Weekday,2017,03
18084,8591,Cake,Afternoon,Weekday,2017,03
18085,8591,Bread,Afternoon,Weekday,2017,03
18086,8592,Pastry,Afternoon,Weekday,2017,03
18087,8592,Juice,Afternoon,Weekday,2017,03
18088,8593,Soup,Afternoon,Weekday,2017,03
18089,8593,Jam,Afternoon,Weekday,2017,03
18090,8594,Coffee,Afternoon,Weekday,2017,03
18091,8594,Coffee,Afternoon,Weekday,2017,03
18092,8594,Tea,Afternoon,Weekday,2017,03
18093,8594,Salad,Afternoon,Weekday,2017,03
18094,8594,Spanish Brunch,Afternoon,Weekday,2017,03
18095,8595,Bread,Afternoon,Weekday,2017,03
18096,8596,Pastry,Afternoon,Weekday,2017,03
18097,8597,Bread,Afternoon,Weekday,2017,03
18098,8597,Cake,Afternoon,Weekday,2017,03
18099,8597,Bread,Afternoon,Weekday,2017,03
18100,8597,Juice,Afternoon,Weekday,2017,03
18101,8597,Coffee,Afternoon,Weekday,2017,03
18102,8598,Mortimer,Afternoon,Weekday,2017,03
18103,8599,Coffee,Afternoon,Weekday,2017,03
18104,8600,Coffee,Afternoon,Weekday,2017,03
18105,8600,Coffee,Afternoon,Weekday,2017,03
18106,8601,Coke,Afternoon,Weekday,2017,03
18107,8602,Truffles,Afternoon,Weekday,2017,03
18108,8602,Juice,Afternoon,Weekday,2017,03
18109,8603,Coffee,Afternoon,Weekday,2017,03
18110,8603,Tea,Afternoon,Weekday,2017,03
18111,8603,Soup,Afternoon,Weekday,2017,03
18112,8603,Bread,Afternoon,Weekday,2017,03
18113,8604,Coffee,Afternoon,Weekday,2017,03
18114,8605,Juice,Evening,Weekday,2017,03
18115,8605,Tea,Evening,Weekday,2017,03
18116,8605,Cookies,Evening,Weekday,2017,03
18117,8605,Bread,Evening,Weekday,2017,03
18118,8605,Jam,Evening,Weekday,2017,03
18119,8606,Coffee,Morning,Weekday,2017,03
18120,8607,Coffee,Morning,Weekday,2017,03
18121,8607,Pastry,Morning,Weekday,2017,03
18122,8608,Bread,Morning,Weekday,2017,03
18123,8608,Pastry,Morning,Weekday,2017,03
18124,8609,Coffee,Morning,Weekday,2017,03
18125,8610,Coffee,Morning,Weekday,2017,03
18126,8611,Bread,Morning,Weekday,2017,03
18127,8612,Coffee,Morning,Weekday,2017,03
18128,8613,Bread,Morning,Weekday,2017,03
18129,8614,Coffee,Morning,Weekday,2017,03
18130,8614,Coffee,Morning,Weekday,2017,03
18131,8614,Bread,Morning,Weekday,2017,03
18132,8614,Pastry,Morning,Weekday,2017,03
18133,8615,Cake,Morning,Weekday,2017,03
18134,8616,Bread,Morning,Weekday,2017,03
18135,8617,Juice,Morning,Weekday,2017,03
18136,8617,Tiffin,Morning,Weekday,2017,03
18137,8618,Coffee,Morning,Weekday,2017,03
18138,8618,Brownie,Morning,Weekday,2017,03
18139,8618,Cookies,Morning,Weekday,2017,03
18140,8619,Cookies,Morning,Weekday,2017,03
18141,8619,Pastry,Morning,Weekday,2017,03
18142,8619,Tea,Morning,Weekday,2017,03
18143,8620,Juice,Morning,Weekday,2017,03
18144,8620,Bread,Morning,Weekday,2017,03
18145,8621,Coffee,Morning,Weekday,2017,03
18146,8621,Toast,Morning,Weekday,2017,03
18147,8621,Bread,Morning,Weekday,2017,03
18148,8622,Bread,Morning,Weekday,2017,03
18149,8623,Juice,Morning,Weekday,2017,03
18150,8623,Hot chocolate,Morning,Weekday,2017,03
18151,8623,Coffee,Morning,Weekday,2017,03
18152,8623,Cake,Morning,Weekday,2017,03
18153,8624,Bread,Morning,Weekday,2017,03
18154,8624,Brownie,Morning,Weekday,2017,03
18155,8625,Pastry,Morning,Weekday,2017,03
18156,8625,Coffee,Morning,Weekday,2017,03
18157,8626,Bread,Morning,Weekday,2017,03
18158,8626,Tiffin,Morning,Weekday,2017,03
18159,8626,Brownie,Morning,Weekday,2017,03
18160,8626,Bread,Morning,Weekday,2017,03
18161,8626,Farm House,Morning,Weekday,2017,03
18162,8627,Bread,Morning,Weekday,2017,03
18163,8627,Sandwich,Morning,Weekday,2017,03
18164,8628,Bread,Afternoon,Weekday,2017,03
18165,8629,Brownie,Afternoon,Weekday,2017,03
18166,8630,Bread,Afternoon,Weekday,2017,03
18167,8631,Soup,Afternoon,Weekday,2017,03
18168,8631,Sandwich,Afternoon,Weekday,2017,03
18169,8631,Mineral water,Afternoon,Weekday,2017,03
18170,8631,Juice,Afternoon,Weekday,2017,03
18171,8631,Coffee,Afternoon,Weekday,2017,03
18172,8632,Pastry,Afternoon,Weekday,2017,03
18173,8632,Coffee,Afternoon,Weekday,2017,03
18174,8633,Cake,Afternoon,Weekday,2017,03
18175,8633,Chicken Stew,Afternoon,Weekday,2017,03
18176,8633,Soup,Afternoon,Weekday,2017,03
18177,8633,Bread,Afternoon,Weekday,2017,03
18178,8634,Coffee,Afternoon,Weekday,2017,03
18179,8634,Chicken Stew,Afternoon,Weekday,2017,03
18180,8635,Spanish Brunch,Afternoon,Weekday,2017,03
18181,8635,Chicken Stew,Afternoon,Weekday,2017,03
18182,8635,Juice,Afternoon,Weekday,2017,03
18183,8636,Coffee,Afternoon,Weekday,2017,03
18184,8636,Cookies,Afternoon,Weekday,2017,03
18185,8637,Bread,Afternoon,Weekday,2017,03
18186,8637,Sandwich,Afternoon,Weekday,2017,03
18187,8638,Soup,Afternoon,Weekday,2017,03
18188,8639,Argentina Night,Afternoon,Weekday,2017,03
18189,8639,Bread,Afternoon,Weekday,2017,03
18190,8639,Sandwich,Afternoon,Weekday,2017,03
18191,8640,Bread,Afternoon,Weekday,2017,03
18192,8640,Coffee,Afternoon,Weekday,2017,03
18193,8641,Salad,Afternoon,Weekday,2017,03
18194,8641,Truffles,Afternoon,Weekday,2017,03
18195,8641,Coke,Afternoon,Weekday,2017,03
18196,8641,Baguette,Afternoon,Weekday,2017,03
18197,8642,Pastry,Afternoon,Weekday,2017,03
18198,8642,Medialuna,Afternoon,Weekday,2017,03
18199,8642,Medialuna,Afternoon,Weekday,2017,03
18200,8643,Tea,Afternoon,Weekday,2017,03
18201,8643,Tea,Afternoon,Weekday,2017,03
18202,8643,Bread,Afternoon,Weekday,2017,03
18203,8643,Soup,Afternoon,Weekday,2017,03
18204,8643,Spanish Brunch,Afternoon,Weekday,2017,03
18205,8643,Chicken Stew,Afternoon,Weekday,2017,03
18206,8644,Sandwich,Afternoon,Weekday,2017,03
18207,8644,Spanish Brunch,Afternoon,Weekday,2017,03
18208,8644,Coffee,Afternoon,Weekday,2017,03
18209,8644,Coffee,Afternoon,Weekday,2017,03
18210,8644,Bread,Afternoon,Weekday,2017,03
18211,8644,Juice,Afternoon,Weekday,2017,03
18212,8644,Nomad bag,Afternoon,Weekday,2017,03
18213,8645,Coffee,Afternoon,Weekday,2017,03
18214,8646,Tiffin,Afternoon,Weekday,2017,03
18215,8647,Coffee,Afternoon,Weekday,2017,03
18216,8648,Baguette,Afternoon,Weekday,2017,03
18217,8648,Pastry,Afternoon,Weekday,2017,03
18218,8649,Pastry,Afternoon,Weekday,2017,03
18219,8649,Coffee,Afternoon,Weekday,2017,03
18220,8650,Coffee,Afternoon,Weekday,2017,03
18221,8650,Bread,Afternoon,Weekday,2017,03
18222,8651,Tea,Afternoon,Weekday,2017,03
18223,8651,Brownie,Afternoon,Weekday,2017,03
18224,8652,Coffee,Afternoon,Weekday,2017,03
18225,8653,Cake,Afternoon,Weekday,2017,03
18226,8654,Coffee,Afternoon,Weekday,2017,03
18227,8655,Coffee,Afternoon,Weekday,2017,03
18228,8655,Cake,Afternoon,Weekday,2017,03
18229,8656,Bread,Afternoon,Weekday,2017,03
18230,8656,Coffee,Afternoon,Weekday,2017,03
18231,8656,Truffles,Afternoon,Weekday,2017,03
18232,8656,Chicken Stew,Afternoon,Weekday,2017,03
18233,8657,Farm House,Afternoon,Weekday,2017,03
18234,8658,Bread,Afternoon,Weekday,2017,03
18235,8659,Coffee,Afternoon,Weekday,2017,03
18236,8660,Hot chocolate,Afternoon,Weekday,2017,03
18237,8660,Drinking chocolate spoons ,Afternoon,Weekday,2017,03
18238,8661,Tiffin,Afternoon,Weekday,2017,03
18239,8661,Smoothies,Afternoon,Weekday,2017,03
18240,8661,Coffee,Afternoon,Weekday,2017,03
18241,8662,Mortimer,Evening,Weekday,2017,03
18242,8663,Cookies,Morning,Weekday,2017,03
18243,8663,Brownie,Morning,Weekday,2017,03
18244,8663,Coffee,Morning,Weekday,2017,03
18245,8664,Tea,Morning,Weekday,2017,03
18246,8664,Coffee,Morning,Weekday,2017,03
18247,8664,Coffee,Morning,Weekday,2017,03
18248,8665,Coffee,Morning,Weekday,2017,03
18249,8666,Coffee,Morning,Weekday,2017,03
18250,8666,Medialuna,Morning,Weekday,2017,03
18251,8667,Coffee,Morning,Weekday,2017,03
18252,8667,Farm House,Morning,Weekday,2017,03
18253,8668,Baguette,Morning,Weekday,2017,03
18254,8669,Bread,Morning,Weekday,2017,03
18255,8669,Pastry,Morning,Weekday,2017,03
18256,8670,Coffee,Morning,Weekday,2017,03
18257,8671,Tea,Morning,Weekday,2017,03
18258,8671,Coffee,Morning,Weekday,2017,03
18259,8671,Coffee,Morning,Weekday,2017,03
18260,8672,Tiffin,Morning,Weekday,2017,03
18261,8672,Coffee,Morning,Weekday,2017,03
18262,8673,Tea,Morning,Weekday,2017,03
18263,8673,Pastry,Morning,Weekday,2017,03
18264,8674,Coffee,Morning,Weekday,2017,03
18265,8675,Bread,Morning,Weekday,2017,03
18266,8675,Baguette,Morning,Weekday,2017,03
18267,8676,Coffee,Morning,Weekday,2017,03
18268,8676,Juice,Morning,Weekday,2017,03
18269,8677,Spanish Brunch,Morning,Weekday,2017,03
18270,8677,Bread,Morning,Weekday,2017,03
18271,8678,Coffee,Morning,Weekday,2017,03
18272,8679,Bread,Morning,Weekday,2017,03
18273,8679,Scandinavian,Morning,Weekday,2017,03
18274,8679,Pastry,Morning,Weekday,2017,03
18275,8680,Coffee,Morning,Weekday,2017,03
18276,8680,Cookies,Morning,Weekday,2017,03
18277,8680,Scandinavian,Morning,Weekday,2017,03
18278,8681,Coffee,Morning,Weekday,2017,03
18279,8681,Muffin,Morning,Weekday,2017,03
18280,8681,Bread,Morning,Weekday,2017,03
18281,8682,Coffee,Morning,Weekday,2017,03
18282,8683,Coffee,Morning,Weekday,2017,03
18283,8683,Pastry,Morning,Weekday,2017,03
18284,8683,Bread,Morning,Weekday,2017,03
18285,8684,Coffee,Morning,Weekday,2017,03
18286,8684,Coffee,Morning,Weekday,2017,03
18287,8684,Coffee,Morning,Weekday,2017,03
18288,8684,Tea,Morning,Weekday,2017,03
18289,8685,Coffee,Morning,Weekday,2017,03
18290,8685,Coffee,Morning,Weekday,2017,03
18291,8685,Bread,Morning,Weekday,2017,03
18292,8685,Cake,Morning,Weekday,2017,03
18293,8686,Baguette,Morning,Weekday,2017,03
18294,8687,Coffee,Morning,Weekday,2017,03
18295,8687,Pastry,Morning,Weekday,2017,03
18296,8689,Bread,Morning,Weekday,2017,03
18297,8690,Coffee,Morning,Weekday,2017,03
18298,8690,Coffee,Morning,Weekday,2017,03
18299,8690,Brownie,Morning,Weekday,2017,03
18300,8691,Bread,Morning,Weekday,2017,03
18301,8691,Tiffin,Morning,Weekday,2017,03
18302,8692,Bread,Afternoon,Weekday,2017,03
18303,8693,Cookies,Afternoon,Weekday,2017,03
18304,8693,Bread,Afternoon,Weekday,2017,03
18305,8694,Coffee,Afternoon,Weekday,2017,03
18306,8695,Bread,Afternoon,Weekday,2017,03
18307,8695,Muffin,Afternoon,Weekday,2017,03
18308,8696,Tiffin,Afternoon,Weekday,2017,03
18309,8696,Chicken Stew,Afternoon,Weekday,2017,03
18310,8696,Bread,Afternoon,Weekday,2017,03
18311,8697,Bread,Afternoon,Weekday,2017,03
18312,8697,Chicken Stew,Afternoon,Weekday,2017,03
18313,8698,Coffee,Afternoon,Weekday,2017,03
18314,8698,Coffee,Afternoon,Weekday,2017,03
18315,8698,Spanish Brunch,Afternoon,Weekday,2017,03
18316,8699,Salad,Afternoon,Weekday,2017,03
18317,8700,Bread,Afternoon,Weekday,2017,03
18318,8701,Coffee,Afternoon,Weekday,2017,03
18319,8701,Sandwich,Afternoon,Weekday,2017,03
18320,8702,Coffee,Afternoon,Weekday,2017,03
18321,8702,Hot chocolate,Afternoon,Weekday,2017,03
18322,8702,Toast,Afternoon,Weekday,2017,03
18323,8702,Sandwich,Afternoon,Weekday,2017,03
18324,8702,Soup,Afternoon,Weekday,2017,03
18325,8702,Cake,Afternoon,Weekday,2017,03
18326,8703,Coffee,Afternoon,Weekday,2017,03
18327,8704,Muffin,Afternoon,Weekday,2017,03
18328,8704,Cake,Afternoon,Weekday,2017,03
18329,8705,Cookies,Afternoon,Weekday,2017,03
18330,8705,Cake,Afternoon,Weekday,2017,03
18331,8705,Coffee,Afternoon,Weekday,2017,03
18332,8705,Coffee,Afternoon,Weekday,2017,03
18333,8706,Coffee,Afternoon,Weekday,2017,03
18334,8706,Truffles,Afternoon,Weekday,2017,03
18335,8706,Soup,Afternoon,Weekday,2017,03
18336,8706,Sandwich,Afternoon,Weekday,2017,03
18337,8707,Spanish Brunch,Afternoon,Weekday,2017,03
18338,8707,Bread,Afternoon,Weekday,2017,03
18339,8708,Mineral water,Afternoon,Weekday,2017,03
18340,8708,Truffles,Afternoon,Weekday,2017,03
18341,8709,Jam,Afternoon,Weekday,2017,03
18342,8709,Jam,Afternoon,Weekday,2017,03
18343,8710,Coffee,Afternoon,Weekday,2017,03
18344,8710,Toast,Afternoon,Weekday,2017,03
18345,8711,Spanish Brunch,Afternoon,Weekday,2017,03
18346,8711,Baguette,Afternoon,Weekday,2017,03
18347,8712,Coffee,Afternoon,Weekday,2017,03
18348,8712,Juice,Afternoon,Weekday,2017,03
18349,8712,Cake,Afternoon,Weekday,2017,03
18350,8713,Brownie,Afternoon,Weekday,2017,03
18351,8713,Coffee,Afternoon,Weekday,2017,03
18352,8713,Coffee,Afternoon,Weekday,2017,03
18353,8714,Tea,Afternoon,Weekday,2017,03
18354,8714,Cake,Afternoon,Weekday,2017,03
18355,8714,Bread,Afternoon,Weekday,2017,03
18356,8715,Bread,Afternoon,Weekday,2017,03
18357,8715,Bread,Afternoon,Weekday,2017,03
18358,8715,Eggs,Afternoon,Weekday,2017,03
18359,8716,Tea,Afternoon,Weekday,2017,03
18360,8716,Juice,Afternoon,Weekday,2017,03
18361,8716,Cookies,Afternoon,Weekday,2017,03
18362,8717,Coffee,Afternoon,Weekday,2017,03
18363,8717,Coffee,Afternoon,Weekday,2017,03
18364,8717,Cake,Afternoon,Weekday,2017,03
18365,8717,Bread,Afternoon,Weekday,2017,03
18366,8718,Coffee,Afternoon,Weekday,2017,03
18367,8718,Cake,Afternoon,Weekday,2017,03
18368,8719,Tiffin,Afternoon,Weekday,2017,03
18369,8719,Truffles,Afternoon,Weekday,2017,03
18370,8719,Coffee,Afternoon,Weekday,2017,03
18371,8720,Tea,Afternoon,Weekday,2017,03
18372,8720,Truffles,Afternoon,Weekday,2017,03
18373,8721,Bread,Morning,Weekend,2017,03
18374,8722,Coffee,Morning,Weekend,2017,03
18375,8723,Coffee,Morning,Weekend,2017,03
18376,8723,Baguette,Morning,Weekend,2017,03
18377,8724,Coffee,Morning,Weekend,2017,03
18378,8724,Toast,Morning,Weekend,2017,03
18379,8725,Juice,Morning,Weekend,2017,03
18380,8725,Coffee,Morning,Weekend,2017,03
18381,8725,Bread,Morning,Weekend,2017,03
18382,8725,Spanish Brunch,Morning,Weekend,2017,03
18383,8726,Farm House,Morning,Weekend,2017,03
18384,8727,Bread,Morning,Weekend,2017,03
18385,8727,Cake,Morning,Weekend,2017,03
18386,8727,Pastry,Morning,Weekend,2017,03
18387,8728,Coffee,Morning,Weekend,2017,03
18388,8729,Bread,Morning,Weekend,2017,03
18389,8729,Pastry,Morning,Weekend,2017,03
18390,8730,Farm House,Morning,Weekend,2017,03
18391,8730,Cookies,Morning,Weekend,2017,03
18392,8731,Pastry,Morning,Weekend,2017,03
18393,8732,Baguette,Morning,Weekend,2017,03
18394,8732,Farm House,Morning,Weekend,2017,03
18395,8733,Jammie Dodgers,Morning,Weekend,2017,03
18396,8733,Tea,Morning,Weekend,2017,03
18397,8734,Bread,Morning,Weekend,2017,03
18398,8734,Scandinavian,Morning,Weekend,2017,03
18399,8735,Bread,Morning,Weekend,2017,03
18400,8735,Pastry,Morning,Weekend,2017,03
18401,8736,Coffee,Morning,Weekend,2017,03
18402,8736,Muffin,Morning,Weekend,2017,03
18403,8737,Scandinavian,Morning,Weekend,2017,03
18404,8737,Baguette,Morning,Weekend,2017,03
18405,8737,Muffin,Morning,Weekend,2017,03
18406,8737,Cake,Morning,Weekend,2017,03
18407,8738,Pastry,Morning,Weekend,2017,03
18408,8738,Jammie Dodgers,Morning,Weekend,2017,03
18409,8738,Cookies,Morning,Weekend,2017,03
18410,8739,Bread,Morning,Weekend,2017,03
18411,8739,Hot chocolate,Morning,Weekend,2017,03
18412,8739,Hot chocolate,Morning,Weekend,2017,03
18413,8739,Drinking chocolate spoons ,Morning,Weekend,2017,03
18414,8739,Muffin,Morning,Weekend,2017,03
18415,8739,Pastry,Morning,Weekend,2017,03
18416,8740,Scandinavian,Morning,Weekend,2017,03
18417,8741,Bread,Morning,Weekend,2017,03
18418,8741,Bread,Morning,Weekend,2017,03
18419,8742,Coffee,Morning,Weekend,2017,03
18420,8742,Cake,Morning,Weekend,2017,03
18421,8743,Bread,Morning,Weekend,2017,03
18422,8744,Bread,Morning,Weekend,2017,03
18423,8744,Pastry,Morning,Weekend,2017,03
18424,8744,Pastry,Morning,Weekend,2017,03
18425,8745,Bread,Morning,Weekend,2017,03
18426,8746,Bread,Morning,Weekend,2017,03
18427,8747,Coffee,Morning,Weekend,2017,03
18428,8748,Spanish Brunch,Morning,Weekend,2017,03
18429,8748,Coffee,Morning,Weekend,2017,03
18430,8749,Coffee,Morning,Weekend,2017,03
18431,8749,Juice,Morning,Weekend,2017,03
18432,8749,Jammie Dodgers,Morning,Weekend,2017,03
18433,8749,Cookies,Morning,Weekend,2017,03
18434,8750,Muffin,Morning,Weekend,2017,03
18435,8750,Pastry,Morning,Weekend,2017,03
18436,8750,Bread,Morning,Weekend,2017,03
18437,8751,Coffee,Morning,Weekend,2017,03
18438,8752,Coffee,Morning,Weekend,2017,03
18439,8752,Juice,Morning,Weekend,2017,03
18440,8752,Pastry,Morning,Weekend,2017,03
18441,8753,Hot chocolate,Morning,Weekend,2017,03
18442,8753,Coffee,Morning,Weekend,2017,03
18443,8753,Bread,Morning,Weekend,2017,03
18444,8753,Scandinavian,Morning,Weekend,2017,03
18445,8753,Cookies,Morning,Weekend,2017,03
18446,8754,Tiffin,Morning,Weekend,2017,03
18447,8754,Coffee,Morning,Weekend,2017,03
18448,8754,Bread,Morning,Weekend,2017,03
18449,8755,Coffee,Morning,Weekend,2017,03
18450,8755,Coffee,Morning,Weekend,2017,03
18451,8755,Pastry,Morning,Weekend,2017,03
18452,8756,Coffee,Morning,Weekend,2017,03
18453,8756,Bread,Morning,Weekend,2017,03
18454,8756,Cake,Morning,Weekend,2017,03
18455,8757,Farm House,Morning,Weekend,2017,03
18456,8757,Coffee granules ,Morning,Weekend,2017,03
18457,8758,Coffee,Morning,Weekend,2017,03
18458,8758,Bread,Morning,Weekend,2017,03
18459,8758,Muffin,Morning,Weekend,2017,03
18460,8759,Bread,Morning,Weekend,2017,03
18461,8760,Coffee,Morning,Weekend,2017,03
18462,8760,Muffin,Morning,Weekend,2017,03
18463,8760,Cake,Morning,Weekend,2017,03
18464,8760,Pastry,Morning,Weekend,2017,03
18465,8760,Spanish Brunch,Morning,Weekend,2017,03
18466,8760,Smoothies,Morning,Weekend,2017,03
18467,8761,Duck egg,Morning,Weekend,2017,03
18468,8761,Spanish Brunch,Morning,Weekend,2017,03
18469,8761,Coffee,Morning,Weekend,2017,03
18470,8762,Scandinavian,Morning,Weekend,2017,03
18471,8763,Cookies,Morning,Weekend,2017,03
18472,8763,Muffin,Morning,Weekend,2017,03
18473,8763,Pastry,Morning,Weekend,2017,03
18474,8764,Muffin,Morning,Weekend,2017,03
18475,8764,Juice,Morning,Weekend,2017,03
18476,8764,Smoothies,Morning,Weekend,2017,03
18477,8765,Bread,Morning,Weekend,2017,03
18478,8765,Cake,Morning,Weekend,2017,03
18479,8766,Coffee,Morning,Weekend,2017,03
18480,8767,Cookies,Afternoon,Weekend,2017,03
18481,8768,Scandinavian,Afternoon,Weekend,2017,03
18482,8768,Eggs,Afternoon,Weekend,2017,03
18483,8769,Bread,Afternoon,Weekend,2017,03
18484,8770,The Nomad,Afternoon,Weekend,2017,03
18485,8771,Cake,Afternoon,Weekend,2017,03
18486,8771,Scandinavian,Afternoon,Weekend,2017,03
18487,8771,Coffee,Afternoon,Weekend,2017,03
18488,8771,Coffee,Afternoon,Weekend,2017,03
18489,8772,Bread,Afternoon,Weekend,2017,03
18490,8772,Cake,Afternoon,Weekend,2017,03
18491,8772,Juice,Afternoon,Weekend,2017,03
18492,8773,Muffin,Afternoon,Weekend,2017,03
18493,8774,Coffee,Afternoon,Weekend,2017,03
18494,8774,Sandwich,Afternoon,Weekend,2017,03
18495,8775,Bread,Afternoon,Weekend,2017,03
18496,8776,Coffee,Afternoon,Weekend,2017,03
18497,8776,Salad,Afternoon,Weekend,2017,03
18498,8777,Juice,Afternoon,Weekend,2017,03
18499,8778,Tea,Afternoon,Weekend,2017,03
18500,8779,Bread,Afternoon,Weekend,2017,03
18501,8780,Coffee,Afternoon,Weekend,2017,03
18502,8780,Coffee,Afternoon,Weekend,2017,03
18503,8781,Spanish Brunch,Afternoon,Weekend,2017,03
18504,8781,Tea,Afternoon,Weekend,2017,03
18505,8781,Juice,Afternoon,Weekend,2017,03
18506,8781,Coffee,Afternoon,Weekend,2017,03
18507,8782,Truffles,Afternoon,Weekend,2017,03
18508,8782,Mineral water,Afternoon,Weekend,2017,03
18509,8782,Soup,Afternoon,Weekend,2017,03
18510,8783,Coke,Afternoon,Weekend,2017,03
18511,8784,Salad,Afternoon,Weekend,2017,03
18512,8784,Soup,Afternoon,Weekend,2017,03
18513,8784,Smoothies,Afternoon,Weekend,2017,03
18514,8785,Coffee,Afternoon,Weekend,2017,03
18515,8785,Coffee,Afternoon,Weekend,2017,03
18516,8785,Soup,Afternoon,Weekend,2017,03
18517,8785,Spanish Brunch,Afternoon,Weekend,2017,03
18518,8786,Coffee,Afternoon,Weekend,2017,03
18519,8786,Bread,Afternoon,Weekend,2017,03
18520,8786,Cake,Afternoon,Weekend,2017,03
18521,8787,Mineral water,Afternoon,Weekend,2017,03
18522,8788,Coffee,Afternoon,Weekend,2017,03
18523,8788,Bread,Afternoon,Weekend,2017,03
18524,8789,Bread,Afternoon,Weekend,2017,03
18525,8790,Coffee,Afternoon,Weekend,2017,03
18526,8790,Pastry,Afternoon,Weekend,2017,03
18527,8791,Hot chocolate,Afternoon,Weekend,2017,03
18528,8791,Smoothies,Afternoon,Weekend,2017,03
18529,8791,Spanish Brunch,Afternoon,Weekend,2017,03
18530,8792,Coffee,Afternoon,Weekend,2017,03
18531,8792,Bread,Afternoon,Weekend,2017,03
18532,8792,Truffles,Afternoon,Weekend,2017,03
18533,8792,Spanish Brunch,Afternoon,Weekend,2017,03
18534,8792,Sandwich,Afternoon,Weekend,2017,03
18535,8792,Sandwich,Afternoon,Weekend,2017,03
18536,8792,Jammie Dodgers,Afternoon,Weekend,2017,03
18537,8792,Cake,Afternoon,Weekend,2017,03
18538,8793,Coke,Afternoon,Weekend,2017,03
18539,8793,Coffee,Afternoon,Weekend,2017,03
18540,8793,Coffee,Afternoon,Weekend,2017,03
18541,8793,Hot chocolate,Afternoon,Weekend,2017,03
18542,8794,Cake,Afternoon,Weekend,2017,03
18543,8795,Spanish Brunch,Afternoon,Weekend,2017,03
18544,8795,Coffee,Afternoon,Weekend,2017,03
18545,8796,Bread,Afternoon,Weekend,2017,03
18546,8797,Coffee,Afternoon,Weekend,2017,03
18547,8798,Tea,Afternoon,Weekend,2017,03
18548,8798,Coke,Afternoon,Weekend,2017,03
18549,8798,Cake,Afternoon,Weekend,2017,03
18550,8799,Bread,Afternoon,Weekend,2017,03
18551,8799,Tea,Afternoon,Weekend,2017,03
18552,8800,Coffee,Afternoon,Weekend,2017,03
18553,8800,Bread,Afternoon,Weekend,2017,03
18554,8800,Cake,Afternoon,Weekend,2017,03
18555,8801,Bread,Afternoon,Weekend,2017,03
18556,8802,Coffee,Afternoon,Weekend,2017,03
18557,8802,Salad,Afternoon,Weekend,2017,03
18558,8802,Extra Salami or Feta,Afternoon,Weekend,2017,03
18559,8803,Coffee,Afternoon,Weekend,2017,03
18560,8803,Coffee,Afternoon,Weekend,2017,03
18561,8803,Sandwich,Afternoon,Weekend,2017,03
18562,8803,Sandwich,Afternoon,Weekend,2017,03
18563,8804,Sandwich,Afternoon,Weekend,2017,03
18564,8805,Hot chocolate,Afternoon,Weekend,2017,03
18565,8805,Coffee,Afternoon,Weekend,2017,03
18566,8805,Muffin,Afternoon,Weekend,2017,03
18567,8806,Bread,Afternoon,Weekend,2017,03
18568,8807,Coffee,Afternoon,Weekend,2017,03
18569,8807,Salad,Afternoon,Weekend,2017,03
18570,8808,Coffee,Afternoon,Weekend,2017,03
18571,8808,Salad,Afternoon,Weekend,2017,03
18572,8809,Sandwich,Afternoon,Weekend,2017,03
18573,8809,Bread,Afternoon,Weekend,2017,03
18574,8809,Coffee,Afternoon,Weekend,2017,03
18575,8810,Hot chocolate,Afternoon,Weekend,2017,03
18576,8810,Cake,Afternoon,Weekend,2017,03
18577,8811,Coffee,Afternoon,Weekend,2017,03
18578,8811,Smoothies,Afternoon,Weekend,2017,03
18579,8811,Cake,Afternoon,Weekend,2017,03
18580,8811,Bread,Afternoon,Weekend,2017,03
18581,8812,Bread,Afternoon,Weekend,2017,03
18582,8813,Cake,Afternoon,Weekend,2017,03
18583,8813,Half slice Monster ,Afternoon,Weekend,2017,03
18584,8814,Coffee,Afternoon,Weekend,2017,03
18585,8814,Juice,Afternoon,Weekend,2017,03
18586,8814,Juice,Afternoon,Weekend,2017,03
18587,8814,Spanish Brunch,Afternoon,Weekend,2017,03
18588,8814,Chicken Stew,Afternoon,Weekend,2017,03
18589,8814,The Nomad,Afternoon,Weekend,2017,03
18590,8814,Coke,Afternoon,Weekend,2017,03
18591,8815,Tea,Afternoon,Weekend,2017,03
18592,8816,Coffee,Afternoon,Weekend,2017,03
18593,8816,Cake,Afternoon,Weekend,2017,03
18594,8817,Coffee,Afternoon,Weekend,2017,03
18595,8817,Coffee,Afternoon,Weekend,2017,03
18596,8817,Tea,Afternoon,Weekend,2017,03
18597,8818,Truffles,Afternoon,Weekend,2017,03
18598,8819,Coffee,Afternoon,Weekend,2017,03
18599,8819,Coffee,Afternoon,Weekend,2017,03
18600,8819,Cake,Afternoon,Weekend,2017,03
18601,8819,Muffin,Afternoon,Weekend,2017,03
18602,8820,Bread,Afternoon,Weekend,2017,03
18603,8821,Bread,Afternoon,Weekend,2017,03
18604,8822,Bread,Afternoon,Weekend,2017,03
18605,8822,Cookies,Afternoon,Weekend,2017,03
18606,8822,Jammie Dodgers,Afternoon,Weekend,2017,03
18607,8823,Mineral water,Afternoon,Weekend,2017,03
18608,8824,Hot chocolate,Afternoon,Weekend,2017,03
18609,8824,Tea,Afternoon,Weekend,2017,03
18610,8824,Truffles,Afternoon,Weekend,2017,03
18611,8824,Cake,Afternoon,Weekend,2017,03
18612,8824,Muffin,Afternoon,Weekend,2017,03
18613,8825,Bread,Evening,Weekend,2017,03
18614,8825,Coffee,Evening,Weekend,2017,03
18615,8825,Juice,Evening,Weekend,2017,03
18616,8825,Cake,Evening,Weekend,2017,03
18617,8826,Mortimer,Evening,Weekend,2017,03
18618,8826,Coffee granules ,Evening,Weekend,2017,03
18619,8827,Medialuna,Morning,Weekend,2017,03
18620,8827,Bread,Morning,Weekend,2017,03
18621,8828,Bread,Morning,Weekend,2017,03
18622,8828,Jam,Morning,Weekend,2017,03
18623,8829,Coffee,Morning,Weekend,2017,03
18624,8829,Medialuna,Morning,Weekend,2017,03
18625,8830,Coffee,Morning,Weekend,2017,03
18626,8830,Medialuna,Morning,Weekend,2017,03
18627,8831,Medialuna,Morning,Weekend,2017,03
18628,8831,Coffee,Morning,Weekend,2017,03
18629,8832,Pastry,Morning,Weekend,2017,03
18630,8833,Medialuna,Morning,Weekend,2017,03
18631,8833,Coffee,Morning,Weekend,2017,03
18632,8834,Coffee,Morning,Weekend,2017,03
18633,8834,Sandwich,Morning,Weekend,2017,03
18634,8834,Sandwich,Morning,Weekend,2017,03
18635,8834,Medialuna,Morning,Weekend,2017,03
18636,8835,Medialuna,Morning,Weekend,2017,03
18637,8835,Bread,Morning,Weekend,2017,03
18638,8835,Cake,Morning,Weekend,2017,03
18639,8835,Muffin,Morning,Weekend,2017,03
18640,8835,Granola,Morning,Weekend,2017,03
18641,8835,Sandwich,Morning,Weekend,2017,03
18642,8835,Coffee,Morning,Weekend,2017,03
18643,8835,Hot chocolate,Morning,Weekend,2017,03
18644,8835,Tea,Morning,Weekend,2017,03
18645,8836,Muffin,Morning,Weekend,2017,03
18646,8837,Jam,Morning,Weekend,2017,03
18647,8837,Bread,Morning,Weekend,2017,03
18648,8838,Coffee,Morning,Weekend,2017,03
18649,8839,Bread,Morning,Weekend,2017,03
18650,8839,Cake,Morning,Weekend,2017,03
18651,8839,Spanish Brunch,Morning,Weekend,2017,03
18652,8840,Spanish Brunch,Morning,Weekend,2017,03
18653,8840,Juice,Morning,Weekend,2017,03
18654,8840,Coffee,Morning,Weekend,2017,03
18655,8841,Bread,Morning,Weekend,2017,03
18656,8842,Bread,Morning,Weekend,2017,03
18657,8842,Bread,Morning,Weekend,2017,03
18658,8843,Pastry,Morning,Weekend,2017,03
18659,8843,Pastry,Morning,Weekend,2017,03
18660,8844,Coffee,Morning,Weekend,2017,03
18661,8845,Coffee,Morning,Weekend,2017,03
18662,8845,Bread,Morning,Weekend,2017,03
18663,8845,Coffee,Morning,Weekend,2017,03
18664,8845,Pastry,Morning,Weekend,2017,03
18665,8846,Muffin,Morning,Weekend,2017,03
18666,8846,Cake,Morning,Weekend,2017,03
18667,8846,Coffee,Morning,Weekend,2017,03
18668,8846,Tea,Morning,Weekend,2017,03
18669,8847,Bread,Morning,Weekend,2017,03
18670,8847,Baguette,Morning,Weekend,2017,03
18671,8848,Coffee,Morning,Weekend,2017,03
18672,8848,Coffee,Morning,Weekend,2017,03
18673,8848,Spanish Brunch,Morning,Weekend,2017,03
18674,8848,Extra Salami or Feta,Morning,Weekend,2017,03
18675,8848,Toast,Morning,Weekend,2017,03
18676,8849,Coffee,Morning,Weekend,2017,03
18677,8849,Coffee,Morning,Weekend,2017,03
18678,8849,Cake,Morning,Weekend,2017,03
18679,8850,Bread,Morning,Weekend,2017,03
18680,8851,Coffee,Morning,Weekend,2017,03
18681,8851,Coffee,Morning,Weekend,2017,03
18682,8851,Sandwich,Morning,Weekend,2017,03
18683,8851,Pastry,Morning,Weekend,2017,03
18684,8852,Bread,Morning,Weekend,2017,03
18685,8853,Coffee,Afternoon,Weekend,2017,03
18686,8854,Coffee,Afternoon,Weekend,2017,03
18687,8855,Baguette,Afternoon,Weekend,2017,03
18688,8856,Smoothies,Afternoon,Weekend,2017,03
18689,8856,Bread,Afternoon,Weekend,2017,03
18690,8857,Bread,Afternoon,Weekend,2017,03
18691,8858,Bread,Afternoon,Weekend,2017,03
18692,8859,Spanish Brunch,Afternoon,Weekend,2017,03
18693,8859,Juice,Afternoon,Weekend,2017,03
18694,8859,Coffee,Afternoon,Weekend,2017,03
18695,8859,Medialuna,Afternoon,Weekend,2017,03
18696,8859,Cake,Afternoon,Weekend,2017,03
18697,8860,Truffles,Afternoon,Weekend,2017,03
18698,8860,Toast,Afternoon,Weekend,2017,03
18699,8861,Spanish Brunch,Afternoon,Weekend,2017,03
18700,8861,Tea,Afternoon,Weekend,2017,03
18701,8861,Coffee,Afternoon,Weekend,2017,03
18702,8862,Bread,Afternoon,Weekend,2017,03
18703,8863,Coffee,Afternoon,Weekend,2017,03
18704,8863,Juice,Afternoon,Weekend,2017,03
18705,8863,Brownie,Afternoon,Weekend,2017,03
18706,8864,Baguette,Afternoon,Weekend,2017,03
18707,8865,Bread,Afternoon,Weekend,2017,03
18708,8866,Bread,Afternoon,Weekend,2017,03
18709,8867,Smoothies,Afternoon,Weekend,2017,03
18710,8868,Coffee,Afternoon,Weekend,2017,03
18711,8868,Coke,Afternoon,Weekend,2017,03
18712,8868,Bread,Afternoon,Weekend,2017,03
18713,8868,Cake,Afternoon,Weekend,2017,03
18714,8868,Bread,Afternoon,Weekend,2017,03
18715,8868,Soup,Afternoon,Weekend,2017,03
18716,8869,Coffee,Afternoon,Weekend,2017,03
18717,8869,Smoothies,Afternoon,Weekend,2017,03
18718,8869,Bread,Afternoon,Weekend,2017,03
18719,8869,Cake,Afternoon,Weekend,2017,03
18720,8870,Tea,Afternoon,Weekend,2017,03
18721,8870,Sandwich,Afternoon,Weekend,2017,03
18722,8871,Sandwich,Afternoon,Weekend,2017,03
18723,8871,Sandwich,Afternoon,Weekend,2017,03
18724,8871,Sandwich,Afternoon,Weekend,2017,03
18725,8871,Coke,Afternoon,Weekend,2017,03
18726,8871,Juice,Afternoon,Weekend,2017,03
18727,8871,Mineral water,Afternoon,Weekend,2017,03
18728,8872,Bread,Afternoon,Weekend,2017,03
18729,8873,Baguette,Afternoon,Weekend,2017,03
18730,8874,Tea,Afternoon,Weekend,2017,03
18731,8874,Scone,Afternoon,Weekend,2017,03
18732,8874,Medialuna,Afternoon,Weekend,2017,03
18733,8875,Coffee,Afternoon,Weekend,2017,03
18734,8876,Coffee,Afternoon,Weekend,2017,03
18735,8876,Jammie Dodgers,Afternoon,Weekend,2017,03
18736,8876,Brownie,Afternoon,Weekend,2017,03
18737,8876,Hot chocolate,Afternoon,Weekend,2017,03
18738,8876,Hot chocolate,Afternoon,Weekend,2017,03
18739,8877,Brownie,Afternoon,Weekend,2017,03
18740,8878,Coffee,Afternoon,Weekend,2017,03
18741,8878,Coffee,Afternoon,Weekend,2017,03
18742,8878,Brownie,Afternoon,Weekend,2017,03
18743,8878,Cake,Afternoon,Weekend,2017,03
18744,8879,Brownie,Afternoon,Weekend,2017,03
18745,8879,Bread,Afternoon,Weekend,2017,03
18746,8879,Tea,Afternoon,Weekend,2017,03
18747,8880,Coffee,Afternoon,Weekend,2017,03
18748,8880,Sandwich,Afternoon,Weekend,2017,03
18749,8881,Sandwich,Afternoon,Weekend,2017,03
18750,8881,Sandwich,Afternoon,Weekend,2017,03
18751,8881,Coke,Afternoon,Weekend,2017,03
18752,8881,Juice,Afternoon,Weekend,2017,03
18753,8882,Coffee,Afternoon,Weekend,2017,03
18754,8882,Tea,Afternoon,Weekend,2017,03
18755,8882,Brownie,Afternoon,Weekend,2017,03
18756,8882,Sandwich,Afternoon,Weekend,2017,03
18757,8882,Sandwich,Afternoon,Weekend,2017,03
18758,8882,Bread,Afternoon,Weekend,2017,03
18759,8883,Cake,Afternoon,Weekend,2017,03
18760,8884,Muffin,Afternoon,Weekend,2017,03
18761,8885,Coffee,Afternoon,Weekend,2017,03
18762,8885,Coffee,Afternoon,Weekend,2017,03
18763,8885,Cake,Afternoon,Weekend,2017,03
18764,8886,Smoothies,Afternoon,Weekend,2017,03
18765,8886,Sandwich,Afternoon,Weekend,2017,03
18766,8887,Coffee,Afternoon,Weekend,2017,03
18767,8887,Brownie,Afternoon,Weekend,2017,03
18768,8887,Cake,Afternoon,Weekend,2017,03
18769,8887,Tea,Afternoon,Weekend,2017,03
18770,8888,Vegan Feast,Afternoon,Weekend,2017,03
18771,8888,Hot chocolate,Afternoon,Weekend,2017,03
18772,8888,Coffee,Afternoon,Weekend,2017,03
18773,8888,Brownie,Afternoon,Weekend,2017,03
18774,8888,Bread,Afternoon,Weekend,2017,03
18775,8888,Cookies,Afternoon,Weekend,2017,03
18776,8889,Sandwich,Afternoon,Weekend,2017,03
18777,8889,Sandwich,Afternoon,Weekend,2017,03
18778,8889,Bread,Afternoon,Weekend,2017,03
18779,8889,Juice,Afternoon,Weekend,2017,03
18780,8890,Bakewell,Morning,Weekday,2017,03
18781,8890,Coffee,Morning,Weekday,2017,03
18782,8891,Coffee,Morning,Weekday,2017,03
18783,8891,Muffin,Morning,Weekday,2017,03
18784,8892,Coffee,Morning,Weekday,2017,03
18785,8893,Bread,Morning,Weekday,2017,03
18786,8894,Tea,Morning,Weekday,2017,03
18787,8894,Toast,Morning,Weekday,2017,03
18788,8895,Hot chocolate,Morning,Weekday,2017,03
18789,8895,Toast,Morning,Weekday,2017,03
18790,8896,Coffee,Morning,Weekday,2017,03
18791,8896,Muffin,Morning,Weekday,2017,03
18792,8897,Coffee,Morning,Weekday,2017,03
18793,8897,Coffee,Morning,Weekday,2017,03
18794,8897,Tea,Morning,Weekday,2017,03
18795,8898,Coffee,Morning,Weekday,2017,03
18796,8899,Toast,Morning,Weekday,2017,03
18797,8900,Coffee,Morning,Weekday,2017,03
18798,8900,Muffin,Morning,Weekday,2017,03
18799,8901,Tea,Morning,Weekday,2017,03
18800,8901,Scone,Morning,Weekday,2017,03
18801,8902,Tea,Morning,Weekday,2017,03
18802,8902,Bread,Morning,Weekday,2017,03
18803,8903,Coffee,Morning,Weekday,2017,03
18804,8903,Bread,Morning,Weekday,2017,03
18805,8904,Coffee,Morning,Weekday,2017,03
18806,8904,Tea,Morning,Weekday,2017,03
18807,8905,Coffee,Morning,Weekday,2017,03
18808,8905,Coffee,Morning,Weekday,2017,03
18809,8906,Bread,Morning,Weekday,2017,03
18810,8906,Coffee,Morning,Weekday,2017,03
18811,8907,Coffee,Afternoon,Weekday,2017,03
18812,8908,Coffee,Afternoon,Weekday,2017,03
18813,8909,Scone,Afternoon,Weekday,2017,03
18814,8909,Bakewell,Afternoon,Weekday,2017,03
18815,8910,Hot chocolate,Afternoon,Weekday,2017,03
18816,8910,Brownie,Afternoon,Weekday,2017,03
18817,8911,Coke,Afternoon,Weekday,2017,03
18818,8911,Muffin,Afternoon,Weekday,2017,03
18819,8911,Coffee,Afternoon,Weekday,2017,03
18820,8912,Coffee,Afternoon,Weekday,2017,03
18821,8912,Sandwich,Afternoon,Weekday,2017,03
18822,8913,Coke,Afternoon,Weekday,2017,03
18823,8913,Chicken Stew,Afternoon,Weekday,2017,03
18824,8914,Coffee,Afternoon,Weekday,2017,03
18825,8914,Tea,Afternoon,Weekday,2017,03
18826,8914,The Nomad,Afternoon,Weekday,2017,03
18827,8914,Scone,Afternoon,Weekday,2017,03
18828,8915,Coffee,Afternoon,Weekday,2017,03
18829,8916,Coffee,Afternoon,Weekday,2017,03
18830,8916,Coffee,Afternoon,Weekday,2017,03
18831,8916,Chicken Stew,Afternoon,Weekday,2017,03
18832,8917,Bread,Afternoon,Weekday,2017,03
18833,8918,Bakewell,Afternoon,Weekday,2017,03
18834,8919,Brownie,Afternoon,Weekday,2017,03
18835,8919,Jammie Dodgers,Afternoon,Weekday,2017,03
18836,8919,Bread,Afternoon,Weekday,2017,03
18837,8919,Chicken Stew,Afternoon,Weekday,2017,03
18838,8919,Sandwich,Afternoon,Weekday,2017,03
18839,8919,Tea,Afternoon,Weekday,2017,03
18840,8919,Tea,Afternoon,Weekday,2017,03
18841,8921,Coffee,Afternoon,Weekday,2017,03
18842,8922,Coffee,Afternoon,Weekday,2017,03
18843,8922,Coke,Afternoon,Weekday,2017,03
18844,8922,Sandwich,Afternoon,Weekday,2017,03
18845,8923,Coffee,Afternoon,Weekday,2017,03
18846,8923,Jammie Dodgers,Afternoon,Weekday,2017,03
18847,8924,Coffee,Afternoon,Weekday,2017,03
18848,8924,Coke,Afternoon,Weekday,2017,03
18849,8924,Mineral water,Afternoon,Weekday,2017,03
18850,8924,Bakewell,Afternoon,Weekday,2017,03
18851,8924,Salad,Afternoon,Weekday,2017,03
18852,8925,Sandwich,Afternoon,Weekday,2017,03
18853,8925,Coffee,Afternoon,Weekday,2017,03
18854,8925,Bakewell,Afternoon,Weekday,2017,03
18855,8926,Coffee,Afternoon,Weekday,2017,03
18856,8927,Tea,Afternoon,Weekday,2017,03
18857,8927,Muffin,Afternoon,Weekday,2017,03
18858,8928,Coffee,Afternoon,Weekday,2017,03
18859,8928,Bread,Afternoon,Weekday,2017,03
18860,8929,Soup,Afternoon,Weekday,2017,03
18861,8929,Tea,Afternoon,Weekday,2017,03
18862,8930,Cookies,Afternoon,Weekday,2017,03
18863,8931,Tea,Afternoon,Weekday,2017,03
18864,8932,Coffee,Afternoon,Weekday,2017,03
18865,8932,Sandwich,Afternoon,Weekday,2017,03
18866,8933,Mineral water,Afternoon,Weekday,2017,03
18867,8934,Coffee,Morning,Weekday,2017,03
18868,8935,Coffee,Morning,Weekday,2017,03
18869,8935,Bread,Morning,Weekday,2017,03
18870,8936,Coffee,Morning,Weekday,2017,03
18871,8937,Bread,Morning,Weekday,2017,03
18872,8938,Coffee,Morning,Weekday,2017,03
18873,8938,Toast,Morning,Weekday,2017,03
18874,8939,Coffee,Morning,Weekday,2017,03
18875,8940,Coffee,Morning,Weekday,2017,03
18876,8940,Coffee,Morning,Weekday,2017,03
18877,8940,Bakewell,Morning,Weekday,2017,03
18878,8941,Coffee,Morning,Weekday,2017,03
18879,8941,Coffee,Morning,Weekday,2017,03
18880,8941,Sandwich,Morning,Weekday,2017,03
18881,8942,Coffee,Morning,Weekday,2017,03
18882,8943,Coffee,Morning,Weekday,2017,03
18883,8943,Pastry,Morning,Weekday,2017,03
18884,8944,Baguette,Morning,Weekday,2017,03
18885,8945,Coffee,Morning,Weekday,2017,03
18886,8945,Tea,Morning,Weekday,2017,03
18887,8945,Cookies,Morning,Weekday,2017,03
18888,8946,Coffee,Morning,Weekday,2017,03
18889,8946,Tea,Morning,Weekday,2017,03
18890,8947,Coffee,Morning,Weekday,2017,03
18891,8947,Hot chocolate,Morning,Weekday,2017,03
18892,8947,Pastry,Morning,Weekday,2017,03
18893,8948,Jammie Dodgers,Morning,Weekday,2017,03
18894,8948,Cookies,Morning,Weekday,2017,03
18895,8948,Bakewell,Morning,Weekday,2017,03
18896,8948,Coffee,Morning,Weekday,2017,03
18897,8949,Coffee,Morning,Weekday,2017,03
18898,8949,Coffee,Morning,Weekday,2017,03
18899,8949,Pastry,Morning,Weekday,2017,03
18900,8950,Pastry,Morning,Weekday,2017,03
18901,8950,Coffee,Morning,Weekday,2017,03
18902,8950,Tea,Morning,Weekday,2017,03
18903,8951,Coffee,Morning,Weekday,2017,03
18904,8952,Pastry,Afternoon,Weekday,2017,03
18905,8953,Coffee,Afternoon,Weekday,2017,03
18906,8954,Farm House,Afternoon,Weekday,2017,03
18907,8955,Coffee,Afternoon,Weekday,2017,03
18908,8956,Pastry,Afternoon,Weekday,2017,03
18909,8956,Truffles,Afternoon,Weekday,2017,03
18910,8956,Bakewell,Afternoon,Weekday,2017,03
18911,8957,Baguette,Afternoon,Weekday,2017,03
18912,8957,Bread,Afternoon,Weekday,2017,03
18913,8958,Eggs,Afternoon,Weekday,2017,03
18914,8959,Coke,Afternoon,Weekday,2017,03
18915,8959,Coffee,Afternoon,Weekday,2017,03
18916,8959,Sandwich,Afternoon,Weekday,2017,03
18917,8959,Muffin,Afternoon,Weekday,2017,03
18918,8960,Bakewell,Afternoon,Weekday,2017,03
18919,8960,Coffee,Afternoon,Weekday,2017,03
18920,8960,Soup,Afternoon,Weekday,2017,03
18921,8961,Cake,Afternoon,Weekday,2017,03
18922,8961,Muffin,Afternoon,Weekday,2017,03
18923,8962,Toast,Afternoon,Weekday,2017,03
18924,8962,Sandwich,Afternoon,Weekday,2017,03
18925,8962,Mineral water,Afternoon,Weekday,2017,03
18926,8962,Coke,Afternoon,Weekday,2017,03
18927,8963,Juice,Afternoon,Weekday,2017,03
18928,8963,Bread,Afternoon,Weekday,2017,03
18929,8963,Toast,Afternoon,Weekday,2017,03
18930,8963,Sandwich,Afternoon,Weekday,2017,03
18931,8963,Sandwich,Afternoon,Weekday,2017,03
18932,8963,Bakewell,Afternoon,Weekday,2017,03
18933,8964,Sandwich,Afternoon,Weekday,2017,03
18934,8964,Mineral water,Afternoon,Weekday,2017,03
18935,8965,Tea,Afternoon,Weekday,2017,03
18936,8965,Sandwich,Afternoon,Weekday,2017,03
18937,8966,Tea,Afternoon,Weekday,2017,03
18938,8966,Sandwich,Afternoon,Weekday,2017,03
18939,8967,Soup,Afternoon,Weekday,2017,03
18940,8967,Coffee,Afternoon,Weekday,2017,03
18941,8968,Soup,Afternoon,Weekday,2017,03
18942,8969,Muffin,Afternoon,Weekday,2017,03
18943,8969,Tea,Afternoon,Weekday,2017,03
18944,8970,Coffee,Afternoon,Weekday,2017,03
18945,8970,Sandwich,Afternoon,Weekday,2017,03
18946,8971,Soup,Afternoon,Weekday,2017,03
18947,8971,Coffee,Afternoon,Weekday,2017,03
18948,8971,Muffin,Afternoon,Weekday,2017,03
18949,8973,Soup,Afternoon,Weekday,2017,03
18950,8973,Cake,Afternoon,Weekday,2017,03
18951,8973,Juice,Afternoon,Weekday,2017,03
18952,8974,Soup,Afternoon,Weekday,2017,03
18953,8974,Salad,Afternoon,Weekday,2017,03
18954,8975,Bread,Afternoon,Weekday,2017,03
18955,8976,Hot chocolate,Afternoon,Weekday,2017,03
18956,8976,Coffee,Afternoon,Weekday,2017,03
18957,8976,Toast,Afternoon,Weekday,2017,03
18958,8976,Muffin,Afternoon,Weekday,2017,03
18959,8977,Coffee,Afternoon,Weekday,2017,03
18960,8978,Bread,Afternoon,Weekday,2017,03
18961,8979,Toast,Afternoon,Weekday,2017,03
18962,8980,Tea,Afternoon,Weekday,2017,03
18963,8980,Cookies,Afternoon,Weekday,2017,03
18964,8981,Coffee,Afternoon,Weekday,2017,03
18965,8981,Scone,Afternoon,Weekday,2017,03
18966,8982,Coffee,Afternoon,Weekday,2017,03
18967,8982,Chicken Stew,Afternoon,Weekday,2017,03
18968,8983,Bread,Afternoon,Weekday,2017,03
18969,8983,Cookies,Afternoon,Weekday,2017,03
18970,8985,Cookies,Afternoon,Weekday,2017,03
18971,8985,Muffin,Afternoon,Weekday,2017,03
18972,8986,Cookies,Afternoon,Weekday,2017,03
18973,8986,Bread,Afternoon,Weekday,2017,03
18974,8987,Coffee,Afternoon,Weekday,2017,03
18975,8987,Coffee,Afternoon,Weekday,2017,03
18976,8987,Salad,Afternoon,Weekday,2017,03
18977,8988,Coffee,Morning,Weekday,2017,03
18978,8989,Coffee,Morning,Weekday,2017,03
18979,8990,Hot chocolate,Morning,Weekday,2017,03
18980,8990,Bread,Morning,Weekday,2017,03
18981,8990,Cookies,Morning,Weekday,2017,03
18982,8991,Bread,Morning,Weekday,2017,03
18983,8992,Tea,Morning,Weekday,2017,03
18984,8992,Juice,Morning,Weekday,2017,03
18985,8992,Cookies,Morning,Weekday,2017,03
18986,8993,Bread,Morning,Weekday,2017,03
18987,8993,Spanish Brunch,Morning,Weekday,2017,03
18988,8994,Granola,Morning,Weekday,2017,03
18989,8995,Smoothies,Morning,Weekday,2017,03
18990,8996,Farm House,Morning,Weekday,2017,03
18991,8996,Hot chocolate,Morning,Weekday,2017,03
18992,8997,Bread,Morning,Weekday,2017,03
18993,8998,Coffee,Morning,Weekday,2017,03
18994,8999,Bread,Morning,Weekday,2017,03
18995,8999,Cake,Morning,Weekday,2017,03
18996,8999,Coffee,Morning,Weekday,2017,03
18997,8999,Coffee,Morning,Weekday,2017,03
18998,8999,Coffee,Morning,Weekday,2017,03
18999,9000,Toast,Morning,Weekday,2017,03
19000,9000,Coffee,Morning,Weekday,2017,03
19001,9001,Coffee,Morning,Weekday,2017,03
19002,9001,Coffee,Morning,Weekday,2017,03
19003,9002,Bread,Morning,Weekday,2017,03
19004,9003,Coffee,Morning,Weekday,2017,03
19005,9004,Bread,Morning,Weekday,2017,03
19006,9005,Juice,Morning,Weekday,2017,03
19007,9005,Coke,Morning,Weekday,2017,03
19008,9005,Medialuna,Morning,Weekday,2017,03
19009,9005,Sandwich,Morning,Weekday,2017,03
19010,9006,Coffee,Afternoon,Weekday,2017,03
19011,9006,Toast,Afternoon,Weekday,2017,03
19012,9007,Coffee,Afternoon,Weekday,2017,03
19013,9008,Coffee,Afternoon,Weekday,2017,03
19014,9008,Tea,Afternoon,Weekday,2017,03
19015,9008,Cake,Afternoon,Weekday,2017,03
19016,9008,Medialuna,Afternoon,Weekday,2017,03
19017,9009,Bread,Afternoon,Weekday,2017,03
19018,9010,Spanish Brunch,Afternoon,Weekday,2017,03
19019,9010,Art Tray,Afternoon,Weekday,2017,03
19020,9010,Coffee,Afternoon,Weekday,2017,03
19021,9010,Coffee,Afternoon,Weekday,2017,03
19022,9010,Juice,Afternoon,Weekday,2017,03
19023,9011,Coffee,Afternoon,Weekday,2017,03
19024,9011,Bread,Afternoon,Weekday,2017,03
19025,9011,Chicken Stew,Afternoon,Weekday,2017,03
19026,9011,Soup,Afternoon,Weekday,2017,03
19027,9011,Bread,Afternoon,Weekday,2017,03
19028,9012,Coffee,Afternoon,Weekday,2017,03
19029,9013,Tea,Afternoon,Weekday,2017,03
19030,9013,Coffee,Afternoon,Weekday,2017,03
19031,9013,Cookies,Afternoon,Weekday,2017,03
19032,9013,Sandwich,Afternoon,Weekday,2017,03
19033,9014,Bread,Afternoon,Weekday,2017,03
19034,9015,Tea,Afternoon,Weekday,2017,03
19035,9015,Cake,Afternoon,Weekday,2017,03
19036,9015,Soup,Afternoon,Weekday,2017,03
19037,9016,Bread,Afternoon,Weekday,2017,03
19038,9017,Tea,Afternoon,Weekday,2017,03
19039,9017,Coffee,Afternoon,Weekday,2017,03
19040,9017,Soup,Afternoon,Weekday,2017,03
19041,9017,Cake,Afternoon,Weekday,2017,03
19042,9018,Scone,Afternoon,Weekday,2017,03
19043,9018,Coffee,Afternoon,Weekday,2017,03
19044,9019,Bread,Afternoon,Weekday,2017,03
19045,9019,Muffin,Afternoon,Weekday,2017,03
19046,9020,Coffee,Afternoon,Weekday,2017,03
19047,9020,Spanish Brunch,Afternoon,Weekday,2017,03
19048,9021,Coffee,Afternoon,Weekday,2017,03
19049,9021,Tea,Afternoon,Weekday,2017,03
19050,9021,Coffee,Afternoon,Weekday,2017,03
19051,9022,Tea,Afternoon,Weekday,2017,03
19052,9022,Tea,Afternoon,Weekday,2017,03
19053,9022,Raw bars,Afternoon,Weekday,2017,03
19054,9023,Coffee,Afternoon,Weekday,2017,03
19055,9023,Medialuna,Afternoon,Weekday,2017,03
19056,9023,Muffin,Afternoon,Weekday,2017,03
19057,9024,Bread,Afternoon,Weekday,2017,03
19058,9024,Coffee,Afternoon,Weekday,2017,03
19059,9024,Bread,Afternoon,Weekday,2017,03
19060,9024,Drinking chocolate spoons ,Afternoon,Weekday,2017,03
19061,9025,Coffee,Afternoon,Weekday,2017,03
19062,9025,Tea,Afternoon,Weekday,2017,03
19063,9025,Tiffin,Afternoon,Weekday,2017,03
19064,9026,Spanish Brunch,Afternoon,Weekday,2017,03
19065,9026,Truffles,Afternoon,Weekday,2017,03
19066,9026,Coffee,Afternoon,Weekday,2017,03
19067,9026,Coffee,Afternoon,Weekday,2017,03
19068,9027,Coffee,Afternoon,Weekday,2017,03
19069,9028,Juice,Afternoon,Weekday,2017,03
19070,9029,Tea,Afternoon,Weekday,2017,03
19071,9030,Coffee,Afternoon,Weekday,2017,03
19072,9030,Jammie Dodgers,Afternoon,Weekday,2017,03
19073,9031,Soup,Afternoon,Weekday,2017,03
19074,9031,Tea,Afternoon,Weekday,2017,03
19075,9031,Cake,Afternoon,Weekday,2017,03
19076,9032,Coffee,Morning,Weekday,2017,03
19077,9033,Christmas common,Morning,Weekday,2017,03
19078,9034,Christmas common,Morning,Weekday,2017,03
19079,9035,Christmas common,Morning,Weekday,2017,03
19080,9036,Hot chocolate,Morning,Weekday,2017,03
19081,9036,Hot chocolate,Morning,Weekday,2017,03
19082,9036,Coffee,Morning,Weekday,2017,03
19083,9036,Toast,Morning,Weekday,2017,03
19084,9037,Coffee,Morning,Weekday,2017,03
19085,9038,Mortimer,Morning,Weekday,2017,03
19086,9039,Bread,Morning,Weekday,2017,03
19087,9040,Bread,Morning,Weekday,2017,03
19088,9040,Muffin,Morning,Weekday,2017,03
19089,9041,Coffee,Morning,Weekday,2017,03
19090,9041,Cookies,Morning,Weekday,2017,03
19091,9042,Coffee,Morning,Weekday,2017,03
19092,9043,Tea,Morning,Weekday,2017,03
19093,9043,Tea,Morning,Weekday,2017,03
19094,9043,Cake,Morning,Weekday,2017,03
19095,9044,Coffee,Morning,Weekday,2017,03
19096,9044,Coffee,Morning,Weekday,2017,03
19097,9045,Bread,Morning,Weekday,2017,03
19098,9046,Tea,Morning,Weekday,2017,03
19099,9046,Toast,Morning,Weekday,2017,03
19100,9046,Bread,Morning,Weekday,2017,03
19101,9047,Bread,Morning,Weekday,2017,03
19102,9047,Coffee,Morning,Weekday,2017,03
19103,9047,Hot chocolate,Morning,Weekday,2017,03
19104,9048,Bread,Morning,Weekday,2017,03
19105,9049,Baguette,Morning,Weekday,2017,03
19106,9049,Bakewell,Morning,Weekday,2017,03
19107,9051,Jammie Dodgers,Morning,Weekday,2017,03
19108,9051,Smoothies,Morning,Weekday,2017,03
19109,9052,Jammie Dodgers,Morning,Weekday,2017,03
19110,9052,Tiffin,Morning,Weekday,2017,03
19111,9053,Cake,Morning,Weekday,2017,03
19112,9053,Bread,Morning,Weekday,2017,03
19113,9053,Coffee,Morning,Weekday,2017,03
19114,9053,Coffee,Morning,Weekday,2017,03
19115,9053,Baguette,Morning,Weekday,2017,03
19116,9054,Bread,Morning,Weekday,2017,03
19117,9055,Farm House,Morning,Weekday,2017,03
19118,9056,Coffee,Morning,Weekday,2017,03
19119,9057,Coffee,Morning,Weekday,2017,03
19120,9058,Juice,Morning,Weekday,2017,03
19121,9058,Hot chocolate,Morning,Weekday,2017,03
19122,9058,Muffin,Morning,Weekday,2017,03
19123,9059,Coffee,Morning,Weekday,2017,03
19124,9059,Muffin,Morning,Weekday,2017,03
19125,9060,Bread,Morning,Weekday,2017,03
19126,9060,Cake,Morning,Weekday,2017,03
19127,9060,Jammie Dodgers,Morning,Weekday,2017,03
19128,9060,Tea,Morning,Weekday,2017,03
19129,9060,Truffles,Morning,Weekday,2017,03
19130,9061,Coffee,Afternoon,Weekday,2017,03
19131,9061,Bakewell,Afternoon,Weekday,2017,03
19132,9062,Sandwich,Afternoon,Weekday,2017,03
19133,9063,Cake,Afternoon,Weekday,2017,03
19134,9063,Truffles,Afternoon,Weekday,2017,03
19135,9064,Salad,Afternoon,Weekday,2017,03
19136,9065,Juice,Afternoon,Weekday,2017,03
19137,9065,Cake,Afternoon,Weekday,2017,03
19138,9065,Sandwich,Afternoon,Weekday,2017,03
19139,9066,Coffee,Afternoon,Weekday,2017,03
19140,9066,Chicken Stew,Afternoon,Weekday,2017,03
19141,9067,Coke,Afternoon,Weekday,2017,03
19142,9067,Tea,Afternoon,Weekday,2017,03
19143,9067,Cake,Afternoon,Weekday,2017,03
19144,9068,Extra Salami or Feta,Afternoon,Weekday,2017,03
19145,9068,Salad,Afternoon,Weekday,2017,03
19146,9068,Toast,Afternoon,Weekday,2017,03
19147,9068,Coffee,Afternoon,Weekday,2017,03
19148,9069,Coffee,Afternoon,Weekday,2017,03
19149,9069,Sandwich,Afternoon,Weekday,2017,03
19150,9070,Truffles,Afternoon,Weekday,2017,03
19151,9070,Soup,Afternoon,Weekday,2017,03
19152,9070,Cookies,Afternoon,Weekday,2017,03
19153,9071,Toast,Afternoon,Weekday,2017,03
19154,9071,Coffee,Afternoon,Weekday,2017,03
19155,9072,Cake,Afternoon,Weekday,2017,03
19156,9072,Coffee,Afternoon,Weekday,2017,03
19157,9073,Coffee,Afternoon,Weekday,2017,03
19158,9073,Coffee,Afternoon,Weekday,2017,03
19159,9073,Cake,Afternoon,Weekday,2017,03
19160,9073,Tiffin,Afternoon,Weekday,2017,03
19161,9073,Bread,Afternoon,Weekday,2017,03
19162,9074,Bread,Afternoon,Weekday,2017,03
19163,9075,Coffee,Afternoon,Weekday,2017,03
19164,9075,Tea,Afternoon,Weekday,2017,03
19165,9075,Cake,Afternoon,Weekday,2017,03
19166,9076,Coffee,Afternoon,Weekday,2017,03
19167,9076,Tea,Afternoon,Weekday,2017,03
19168,9076,Sandwich,Afternoon,Weekday,2017,03
19169,9076,Toast,Afternoon,Weekday,2017,03
19170,9077,Coffee,Afternoon,Weekday,2017,03
19171,9077,Coffee,Afternoon,Weekday,2017,03
19172,9077,Cake,Afternoon,Weekday,2017,03
19173,9078,Bread,Afternoon,Weekday,2017,03
19174,9079,Coffee,Afternoon,Weekday,2017,03
19175,9080,Tea,Afternoon,Weekday,2017,03
19176,9080,Coffee,Afternoon,Weekday,2017,03
19177,9080,Sandwich,Afternoon,Weekday,2017,03
19178,9080,Sandwich,Afternoon,Weekday,2017,03
19179,9081,Coffee,Afternoon,Weekday,2017,03
19180,9081,Tea,Afternoon,Weekday,2017,03
19181,9081,Cake,Afternoon,Weekday,2017,03
19182,9082,Tea,Afternoon,Weekday,2017,03
19183,9082,Coffee,Afternoon,Weekday,2017,03
19184,9082,Sandwich,Afternoon,Weekday,2017,03
19185,9082,Sandwich,Afternoon,Weekday,2017,03
19186,9083,Coffee,Afternoon,Weekday,2017,03
19187,9083,Cake,Afternoon,Weekday,2017,03
19188,9084,Cake,Afternoon,Weekday,2017,03
19189,9084,Coffee,Afternoon,Weekday,2017,03
19190,9084,Juice,Afternoon,Weekday,2017,03
19191,9085,Tea,Afternoon,Weekday,2017,03
19192,9085,Cake,Afternoon,Weekday,2017,03
19193,9086,Juice,Afternoon,Weekday,2017,03
19194,9086,Coffee,Afternoon,Weekday,2017,03
19195,9086,Coffee,Afternoon,Weekday,2017,03
19196,9086,Spanish Brunch,Afternoon,Weekday,2017,03
19197,9086,Bread,Afternoon,Weekday,2017,03
19198,9088,Muffin,Evening,Weekday,2017,03
19199,9089,Coffee,Morning,Weekday,2017,03
19200,9089,Sandwich,Morning,Weekday,2017,03
19201,9090,Coffee,Morning,Weekday,2017,03
19202,9091,Coffee,Morning,Weekday,2017,03
19203,9091,Toast,Morning,Weekday,2017,03
19204,9092,Coffee,Morning,Weekday,2017,03
19205,9092,Tiffin,Morning,Weekday,2017,03
19206,9093,Coffee,Morning,Weekday,2017,03
19207,9094,Coffee,Morning,Weekday,2017,03
19208,9094,Coffee,Morning,Weekday,2017,03
19209,9094,Toast,Morning,Weekday,2017,03
19210,9095,Coffee,Morning,Weekday,2017,03
19211,9095,Medialuna,Morning,Weekday,2017,03
19212,9096,Medialuna,Morning,Weekday,2017,03
19213,9096,Bread,Morning,Weekday,2017,03
19214,9096,Tea,Morning,Weekday,2017,03
19215,9097,Cookies,Morning,Weekday,2017,03
19216,9097,Bread,Morning,Weekday,2017,03
19217,9098,Tea,Morning,Weekday,2017,03
19218,9099,Hot chocolate,Morning,Weekday,2017,03
19219,9099,Tea,Morning,Weekday,2017,03
19220,9099,Pastry,Morning,Weekday,2017,03
19221,9099,Tiffin,Morning,Weekday,2017,03
19222,9100,Coffee,Morning,Weekday,2017,03
19223,9101,Bread,Morning,Weekday,2017,03
19224,9102,Cake,Morning,Weekday,2017,03
19225,9103,Bread,Morning,Weekday,2017,03
19226,9103,Bread,Morning,Weekday,2017,03
19227,9104,Coffee,Morning,Weekday,2017,03
19228,9104,Medialuna,Morning,Weekday,2017,03
19229,9105,Farm House,Morning,Weekday,2017,03
19230,9106,Jammie Dodgers,Morning,Weekday,2017,03
19231,9106,Muffin,Morning,Weekday,2017,03
19232,9106,Coffee,Morning,Weekday,2017,03
19233,9106,Coffee,Morning,Weekday,2017,03
19234,9106,Juice,Morning,Weekday,2017,03
19235,9107,Alfajores,Morning,Weekday,2017,03
19236,9107,Juice,Morning,Weekday,2017,03
19237,9107,Coffee,Morning,Weekday,2017,03
19238,9107,Coffee,Morning,Weekday,2017,03
19239,9107,Medialuna,Morning,Weekday,2017,03
19240,9107,Cookies,Morning,Weekday,2017,03
19241,9108,Coffee,Morning,Weekday,2017,03
19242,9109,Medialuna,Morning,Weekday,2017,03
19243,9109,Bread,Morning,Weekday,2017,03
19244,9110,Spanish Brunch,Morning,Weekday,2017,03
19245,9111,Coffee,Morning,Weekday,2017,03
19246,9111,Bread,Morning,Weekday,2017,03
19247,9112,Bread,Morning,Weekday,2017,03
19248,9112,Coffee,Morning,Weekday,2017,03
19249,9113,Coffee,Morning,Weekday,2017,03
19250,9113,Alfajores,Morning,Weekday,2017,03
19251,9114,Bread,Morning,Weekday,2017,03
19252,9114,Coke,Morning,Weekday,2017,03
19253,9114,Bread,Morning,Weekday,2017,03
19254,9114,Cookies,Morning,Weekday,2017,03
19255,9115,Cookies,Morning,Weekday,2017,03
19256,9115,Bread,Morning,Weekday,2017,03
19257,9116,Bread,Morning,Weekday,2017,03
19258,9116,Cookies,Morning,Weekday,2017,03
19259,9117,Bread,Morning,Weekday,2017,03
19260,9119,Coffee,Afternoon,Weekday,2017,03
19261,9120,Toast,Afternoon,Weekday,2017,03
19262,9120,Coffee,Afternoon,Weekday,2017,03
19263,9121,Coffee,Afternoon,Weekday,2017,03
19264,9121,Coffee,Afternoon,Weekday,2017,03
19265,9121,Pastry,Afternoon,Weekday,2017,03
19266,9122,Coffee,Afternoon,Weekday,2017,03
19267,9123,Juice,Afternoon,Weekday,2017,03
19268,9123,Muffin,Afternoon,Weekday,2017,03
19269,9124,Farm House,Afternoon,Weekday,2017,03
19270,9125,Coffee,Afternoon,Weekday,2017,03
19271,9126,Coffee,Afternoon,Weekday,2017,03
19272,9126,Medialuna,Afternoon,Weekday,2017,03
19273,9128,Bread,Afternoon,Weekday,2017,03
19274,9128,Brownie,Afternoon,Weekday,2017,03
19275,9129,Salad,Afternoon,Weekday,2017,03
19276,9129,Extra Salami or Feta,Afternoon,Weekday,2017,03
19277,9129,Bread,Afternoon,Weekday,2017,03
19278,9129,Baguette,Afternoon,Weekday,2017,03
19279,9129,Tea,Afternoon,Weekday,2017,03
19280,9129,Bread,Afternoon,Weekday,2017,03
19281,9130,Bread,Afternoon,Weekday,2017,03
19282,9131,Bread,Afternoon,Weekday,2017,03
19283,9131,Hot chocolate,Afternoon,Weekday,2017,03
19284,9131,Coffee,Afternoon,Weekday,2017,03
19285,9131,Sandwich,Afternoon,Weekday,2017,03
19286,9131,Cookies,Afternoon,Weekday,2017,03
19287,9132,Chicken Stew,Afternoon,Weekday,2017,03
19288,9133,Bread,Afternoon,Weekday,2017,03
19289,9133,Sandwich,Afternoon,Weekday,2017,03
19290,9134,Sandwich,Afternoon,Weekday,2017,03
19291,9134,Coffee,Afternoon,Weekday,2017,03
19292,9134,Bread,Afternoon,Weekday,2017,03
19293,9135,Sandwich,Afternoon,Weekday,2017,03
19294,9135,Coffee,Afternoon,Weekday,2017,03
19295,9135,Coffee,Afternoon,Weekday,2017,03
19296,9136,Tiffin,Afternoon,Weekday,2017,03
19297,9137,Baguette,Afternoon,Weekday,2017,03
19298,9138,Spanish Brunch,Afternoon,Weekday,2017,03
19299,9138,Salad,Afternoon,Weekday,2017,03
19300,9138,Extra Salami or Feta,Afternoon,Weekday,2017,03
19301,9138,Coffee,Afternoon,Weekday,2017,03
19302,9138,Coffee,Afternoon,Weekday,2017,03
19303,9139,Bread,Afternoon,Weekday,2017,03
19304,9139,Tiffin,Afternoon,Weekday,2017,03
19305,9140,Chicken Stew,Afternoon,Weekday,2017,03
19306,9140,Soup,Afternoon,Weekday,2017,03
19307,9140,Bread,Afternoon,Weekday,2017,03
19308,9141,Brownie,Afternoon,Weekday,2017,03
19309,9141,Coffee,Afternoon,Weekday,2017,03
19310,9142,Coke,Afternoon,Weekday,2017,03
19311,9142,Mineral water,Afternoon,Weekday,2017,03
19312,9142,Coffee,Afternoon,Weekday,2017,03
19313,9142,Soup,Afternoon,Weekday,2017,03
19314,9142,Sandwich,Afternoon,Weekday,2017,03
19315,9143,Coffee,Afternoon,Weekday,2017,03
19316,9143,Scone,Afternoon,Weekday,2017,03
19317,9144,Coffee,Afternoon,Weekday,2017,03
19318,9144,Scone,Afternoon,Weekday,2017,03
19319,9145,Hot chocolate,Afternoon,Weekday,2017,03
19320,9145,Hot chocolate,Afternoon,Weekday,2017,03
19321,9145,Bread,Afternoon,Weekday,2017,03
19322,9145,Scone,Afternoon,Weekday,2017,03
19323,9146,Bread,Afternoon,Weekday,2017,03
19324,9146,Cookies,Afternoon,Weekday,2017,03
19325,9147,Scone,Afternoon,Weekday,2017,03
19326,9147,Bread,Afternoon,Weekday,2017,03
19327,9148,Tea,Afternoon,Weekday,2017,03
19328,9148,Brownie,Afternoon,Weekday,2017,03
19329,9149,Tea,Afternoon,Weekday,2017,03
19330,9149,Bread,Afternoon,Weekday,2017,03
19331,9149,Cake,Afternoon,Weekday,2017,03
19332,9150,Tea,Afternoon,Weekday,2017,03
19333,9150,Pastry,Afternoon,Weekday,2017,03
19334,9151,Hot chocolate,Afternoon,Weekday,2017,03
19335,9151,Cake,Afternoon,Weekday,2017,03
19336,9152,Coffee,Afternoon,Weekday,2017,03
19337,9152,Tiffin,Afternoon,Weekday,2017,03
19338,9153,Coffee,Afternoon,Weekday,2017,03
19339,9154,Bread,Afternoon,Weekday,2017,03
19340,9154,Cookies,Afternoon,Weekday,2017,03
19341,9155,Coffee,Afternoon,Weekday,2017,03
19342,9156,Coffee,Afternoon,Weekday,2017,03
19343,9156,Brownie,Afternoon,Weekday,2017,03
19344,9157,Scone,Afternoon,Weekday,2017,03
19345,9157,Coke,Afternoon,Weekday,2017,03
19346,9157,Coffee,Afternoon,Weekday,2017,03
19347,9157,Soup,Afternoon,Weekday,2017,03
19348,9158,Coffee,Evening,Weekday,2017,03
19349,9158,Juice,Evening,Weekday,2017,03
19350,9159,Coffee,Morning,Weekend,2017,01
19351,9160,Coffee,Morning,Weekend,2017,01
19352,9161,Bread,Morning,Weekend,2017,01
19353,9162,Sandwich,Morning,Weekend,2017,01
19354,9162,Bread,Morning,Weekend,2017,01
19355,9162,Cake,Morning,Weekend,2017,01
19356,9162,Cake,Morning,Weekend,2017,01
19357,9163,Farm House,Morning,Weekend,2017,01
19358,9163,Bread,Morning,Weekend,2017,01
19359,9163,Cake,Morning,Weekend,2017,01
19360,9164,Bread,Morning,Weekend,2017,01
19361,9165,Bread,Morning,Weekend,2017,01
19362,9165,Cookies,Morning,Weekend,2017,01
19363,9166,Scone,Morning,Weekend,2017,01
19364,9166,Toast,Morning,Weekend,2017,01
19365,9166,Coffee,Morning,Weekend,2017,01
19366,9166,Coke,Morning,Weekend,2017,01
19367,9167,Coffee,Morning,Weekend,2017,01
19368,9167,Bread,Morning,Weekend,2017,01
19369,9167,Cookies,Morning,Weekend,2017,01
19370,9167,Brownie,Morning,Weekend,2017,01
19371,9168,Juice,Morning,Weekend,2017,01
19372,9169,Farm House,Morning,Weekend,2017,01
19373,9170,Scone,Morning,Weekend,2017,01
19374,9170,Bread,Morning,Weekend,2017,01
19375,9171,Bread,Morning,Weekend,2017,01
19376,9172,Pastry,Morning,Weekend,2017,01
19377,9173,Coffee,Morning,Weekend,2017,01
19378,9173,Coffee,Morning,Weekend,2017,01
19379,9174,Bread,Morning,Weekend,2017,01
19380,9174,Alfajores,Morning,Weekend,2017,01
19381,9174,Tiffin,Morning,Weekend,2017,01
19382,9175,Bread,Morning,Weekend,2017,01
19383,9176,Coffee,Morning,Weekend,2017,01
19384,9176,Scone,Morning,Weekend,2017,01
19385,9177,Coffee granules ,Morning,Weekend,2017,01
19386,9178,Bread,Morning,Weekend,2017,01
19387,9178,Sandwich,Morning,Weekend,2017,01
19388,9178,Brownie,Morning,Weekend,2017,01
19389,9178,Cookies,Morning,Weekend,2017,01
19390,9178,Bread,Morning,Weekend,2017,01
19391,9179,Coffee,Morning,Weekend,2017,01
19392,9179,Cookies,Morning,Weekend,2017,01
19393,9180,Pastry,Morning,Weekend,2017,01
19394,9180,Coffee,Morning,Weekend,2017,01
19395,9181,Coffee,Morning,Weekend,2017,01
19396,9182,Bread,Morning,Weekend,2017,01
19397,9182,Cookies,Morning,Weekend,2017,01
19398,9182,Cake,Morning,Weekend,2017,01
19399,9183,Bread,Morning,Weekend,2017,01
19400,9183,Coffee,Morning,Weekend,2017,01
19401,9183,Truffles,Morning,Weekend,2017,01
19402,9184,Coffee,Morning,Weekend,2017,01
19403,9184,Coffee,Morning,Weekend,2017,01
19404,9185,Coffee,Morning,Weekend,2017,01
19405,9185,Juice,Morning,Weekend,2017,01
19406,9185,Toast,Morning,Weekend,2017,01
19407,9186,Bread,Morning,Weekend,2017,01
19408,9186,Bread,Morning,Weekend,2017,01
19409,9187,Baguette,Morning,Weekend,2017,01
19410,9187,Coffee,Morning,Weekend,2017,01
19411,9187,Truffles,Morning,Weekend,2017,01
19412,9187,Medialuna,Morning,Weekend,2017,01
19413,9187,Alfajores,Morning,Weekend,2017,01
19414,9187,Juice,Morning,Weekend,2017,01
19415,9188,Coffee,Morning,Weekend,2017,01
19416,9188,Cookies,Morning,Weekend,2017,01
19417,9189,Coffee,Morning,Weekend,2017,01
19418,9189,The Nomad,Morning,Weekend,2017,01
19419,9190,Bread,Morning,Weekend,2017,01
19420,9190,Baguette,Morning,Weekend,2017,01
19421,9191,Bread,Morning,Weekend,2017,01
19422,9192,Granola,Morning,Weekend,2017,01
19423,9192,Coffee,Morning,Weekend,2017,01
19424,9193,Bread,Afternoon,Weekend,2017,01
19425,9193,Tea,Afternoon,Weekend,2017,01
19426,9193,Pastry,Afternoon,Weekend,2017,01
19427,9194,Coffee,Afternoon,Weekend,2017,01
19428,9194,Coffee,Afternoon,Weekend,2017,01
19429,9195,Crisps,Afternoon,Weekend,2017,01
19430,9196,Bread,Afternoon,Weekend,2017,01
19431,9197,Bread,Afternoon,Weekend,2017,01
19432,9197,Smoothies,Afternoon,Weekend,2017,01
19433,9197,Spanish Brunch,Afternoon,Weekend,2017,01
19434,9197,Coffee,Afternoon,Weekend,2017,01
19435,9198,Coffee,Afternoon,Weekend,2017,01
19436,9199,Juice,Afternoon,Weekend,2017,01
19437,9200,Tea,Afternoon,Weekend,2017,01
19438,9200,Coffee,Afternoon,Weekend,2017,01
19439,9201,Coffee,Afternoon,Weekend,2017,01
19440,9201,Tea,Afternoon,Weekend,2017,01
19441,9201,Cake,Afternoon,Weekend,2017,01
19442,9201,Pastry,Afternoon,Weekend,2017,01
19443,9202,Coffee,Afternoon,Weekend,2017,01
19444,9202,Tiffin,Afternoon,Weekend,2017,01
19445,9203,Cake,Afternoon,Weekend,2017,01
19446,9204,Coffee,Afternoon,Weekend,2017,01
19447,9204,Spanish Brunch,Afternoon,Weekend,2017,01
19448,9204,The Nomad,Afternoon,Weekend,2017,01
19449,9204,Cake,Afternoon,Weekend,2017,01
19450,9204,Tiffin,Afternoon,Weekend,2017,01
19451,9205,Bread,Afternoon,Weekend,2017,01
19452,9205,Bread,Afternoon,Weekend,2017,01
19453,9205,Brownie,Afternoon,Weekend,2017,01
19454,9206,Bread,Afternoon,Weekend,2017,01
19455,9206,Juice,Afternoon,Weekend,2017,01
19456,9206,Coffee,Afternoon,Weekend,2017,01
19457,9206,The Nomad,Afternoon,Weekend,2017,01
19458,9206,Sandwich,Afternoon,Weekend,2017,01
19459,9207,Bread,Afternoon,Weekend,2017,01
19460,9207,Alfajores,Afternoon,Weekend,2017,01
19461,9207,Alfajores,Afternoon,Weekend,2017,01
19462,9208,Bread,Afternoon,Weekend,2017,01
19463,9208,Smoothies,Afternoon,Weekend,2017,01
19464,9208,Coffee,Afternoon,Weekend,2017,01
19465,9208,Muffin,Afternoon,Weekend,2017,01
19466,9208,Sandwich,Afternoon,Weekend,2017,01
19467,9209,Bread,Afternoon,Weekend,2017,01
19468,9210,Coffee,Afternoon,Weekend,2017,01
19469,9210,Juice,Afternoon,Weekend,2017,01
19470,9210,Truffles,Afternoon,Weekend,2017,01
19471,9210,Sandwich,Afternoon,Weekend,2017,01
19472,9210,Sandwich,Afternoon,Weekend,2017,01
19473,9210,Pastry,Afternoon,Weekend,2017,01
19474,9210,Coke,Afternoon,Weekend,2017,01
19475,9211,Tea,Afternoon,Weekend,2017,01
19476,9211,Soup,Afternoon,Weekend,2017,01
19477,9211,Chicken Stew,Afternoon,Weekend,2017,01
19478,9212,Coke,Afternoon,Weekend,2017,01
19479,9212,Soup,Afternoon,Weekend,2017,01
19480,9213,Sandwich,Afternoon,Weekend,2017,01
19481,9213,Truffles,Afternoon,Weekend,2017,01
19482,9213,Coffee,Afternoon,Weekend,2017,01
19483,9213,Pastry,Afternoon,Weekend,2017,01
19484,9214,Cookies,Afternoon,Weekend,2017,01
19485,9214,Cake,Afternoon,Weekend,2017,01
19486,9214,Brownie,Afternoon,Weekend,2017,01
19487,9214,Coffee,Afternoon,Weekend,2017,01
19488,9215,Bread,Afternoon,Weekend,2017,01
19489,9216,Coffee,Afternoon,Weekend,2017,01
19490,9216,Bread,Afternoon,Weekend,2017,01
19491,9216,Soup,Afternoon,Weekend,2017,01
19492,9217,Scone,Afternoon,Weekend,2017,01
19493,9218,Bread,Afternoon,Weekend,2017,01
19494,9218,Cake,Afternoon,Weekend,2017,01
19495,9219,Medialuna,Afternoon,Weekend,2017,01
19496,9219,Bread,Afternoon,Weekend,2017,01
19497,9219,Muffin,Afternoon,Weekend,2017,01
19498,9219,Coffee,Afternoon,Weekend,2017,01
19499,9219,Sandwich,Afternoon,Weekend,2017,01
19500,9220,Honey,Afternoon,Weekend,2017,01
19501,9220,Scandinavian,Afternoon,Weekend,2017,01
19502,9221,Coffee,Afternoon,Weekend,2017,01
19503,9222,Alfajores,Afternoon,Weekend,2017,01
19504,9222,Brownie,Afternoon,Weekend,2017,01
19505,9222,Cake,Afternoon,Weekend,2017,01
19506,9223,Bread,Afternoon,Weekend,2017,01
19507,9224,Coffee,Afternoon,Weekend,2017,01
19508,9225,Mineral water,Afternoon,Weekend,2017,01
19509,9226,Truffles,Afternoon,Weekend,2017,01
19510,9226,Spanish Brunch,Afternoon,Weekend,2017,01
19511,9227,Soup,Afternoon,Weekend,2017,01
19512,9227,Bread,Afternoon,Weekend,2017,01
19513,9227,Coffee,Afternoon,Weekend,2017,01
19514,9228,Sandwich,Afternoon,Weekend,2017,01
19515,9229,Bread,Afternoon,Weekend,2017,01
19516,9230,Coffee,Evening,Weekend,2017,01
19517,9230,Coffee,Evening,Weekend,2017,01
19518,9230,Chicken Stew,Evening,Weekend,2017,01
19519,9230,Extra Salami or Feta,Evening,Weekend,2017,01
19520,9231,Tea,Evening,Weekend,2017,01
19521,9231,Bread,Evening,Weekend,2017,01
19522,9231,Coffee,Evening,Weekend,2017,01
19523,9231,Scone,Evening,Weekend,2017,01
19524,9231,Medialuna,Evening,Weekend,2017,01
19525,9231,Bread,Evening,Weekend,2017,01
19526,9232,Tea,Morning,Weekend,2017,02
19527,9232,Granola,Morning,Weekend,2017,02
19528,9233,Bread,Morning,Weekend,2017,02
19529,9234,Hot chocolate,Morning,Weekend,2017,02
19530,9234,Bread,Morning,Weekend,2017,02
19531,9234,Tiffin,Morning,Weekend,2017,02
19532,9235,Bread,Morning,Weekend,2017,02
19533,9236,Coffee,Morning,Weekend,2017,02
19534,9237,Coffee,Morning,Weekend,2017,02
19535,9238,Coffee,Morning,Weekend,2017,02
19536,9239,Coffee,Morning,Weekend,2017,02
19537,9239,Coffee,Morning,Weekend,2017,02
19538,9239,Cake,Morning,Weekend,2017,02
19539,9239,Cookies,Morning,Weekend,2017,02
19540,9240,Hot chocolate,Morning,Weekend,2017,02
19541,9240,Coffee,Morning,Weekend,2017,02
19542,9240,Cake,Morning,Weekend,2017,02
19543,9241,Coffee,Morning,Weekend,2017,02
19544,9241,Pastry,Morning,Weekend,2017,02
19545,9242,Muffin,Morning,Weekend,2017,02
19546,9242,Coffee,Morning,Weekend,2017,02
19547,9242,Coffee,Morning,Weekend,2017,02
19548,9243,Bread,Morning,Weekend,2017,02
19549,9243,Coffee,Morning,Weekend,2017,02
19550,9243,Coffee,Morning,Weekend,2017,02
19551,9244,Coffee,Morning,Weekend,2017,02
19552,9244,Coffee,Morning,Weekend,2017,02
19553,9244,Coffee,Morning,Weekend,2017,02
19554,9245,Coffee,Morning,Weekend,2017,02
19555,9245,Coffee,Morning,Weekend,2017,02
19556,9245,Medialuna,Morning,Weekend,2017,02
19557,9246,Bread,Morning,Weekend,2017,02
19558,9247,Tea,Morning,Weekend,2017,02
19559,9247,Coffee,Morning,Weekend,2017,02
19560,9247,Cookies,Morning,Weekend,2017,02
19561,9248,Coffee,Morning,Weekend,2017,02
19562,9248,Bread,Morning,Weekend,2017,02
19563,9249,Bread,Morning,Weekend,2017,02
19564,9250,Coffee,Morning,Weekend,2017,02
19565,9251,Cake,Morning,Weekend,2017,02
19566,9251,Brownie,Morning,Weekend,2017,02
19567,9252,Bread,Morning,Weekend,2017,02
19568,9252,Farm House,Morning,Weekend,2017,02
19569,9253,Pastry,Morning,Weekend,2017,02
19570,9253,Cake,Morning,Weekend,2017,02
19571,9254,Coffee,Afternoon,Weekend,2017,02
19572,9254,Sandwich,Afternoon,Weekend,2017,02
19573,9254,Bread,Afternoon,Weekend,2017,02
19574,9254,Scandinavian,Afternoon,Weekend,2017,02
19575,9254,Fudge,Afternoon,Weekend,2017,02
19576,9255,Bread,Afternoon,Weekend,2017,02
19577,9256,Coffee,Afternoon,Weekend,2017,02
19578,9256,Jammie Dodgers,Afternoon,Weekend,2017,02
19579,9256,Tiffin,Afternoon,Weekend,2017,02
19580,9256,Juice,Afternoon,Weekend,2017,02
19581,9257,Bread,Afternoon,Weekend,2017,02
19582,9258,Coffee,Afternoon,Weekend,2017,02
19583,9258,Sandwich,Afternoon,Weekend,2017,02
19584,9259,Spanish Brunch,Afternoon,Weekend,2017,02
19585,9260,Truffles,Afternoon,Weekend,2017,02
19586,9260,Crisps,Afternoon,Weekend,2017,02
19587,9260,Sandwich,Afternoon,Weekend,2017,02
19588,9261,Bread,Afternoon,Weekend,2017,02
19589,9261,Muffin,Afternoon,Weekend,2017,02
19590,9261,Coke,Afternoon,Weekend,2017,02
19591,9261,Sandwich,Afternoon,Weekend,2017,02
19592,9261,Tea,Afternoon,Weekend,2017,02
19593,9261,Farm House,Afternoon,Weekend,2017,02
19594,9262,Coffee,Afternoon,Weekend,2017,02
19595,9262,Pastry,Afternoon,Weekend,2017,02
19596,9262,Bread,Afternoon,Weekend,2017,02
19597,9263,Scone,Afternoon,Weekend,2017,02
19598,9263,Pastry,Afternoon,Weekend,2017,02
19599,9263,Cake,Afternoon,Weekend,2017,02
19600,9263,Alfajores,Afternoon,Weekend,2017,02
19601,9264,Coffee,Afternoon,Weekend,2017,02
19602,9264,Cake,Afternoon,Weekend,2017,02
19603,9265,Argentina Night,Afternoon,Weekend,2017,02
19604,9266,Soup,Afternoon,Weekend,2017,02
19605,9267,Cake,Afternoon,Weekend,2017,02
19606,9267,Cake,Afternoon,Weekend,2017,02
19607,9267,Smoothies,Afternoon,Weekend,2017,02
19608,9268,Cake,Afternoon,Weekend,2017,02
19609,9269,Pastry,Afternoon,Weekend,2017,02
19610,9269,Bread,Afternoon,Weekend,2017,02
19611,9269,Truffles,Afternoon,Weekend,2017,02
19612,9270,Coffee,Afternoon,Weekend,2017,02
19613,9270,Tea,Afternoon,Weekend,2017,02
19614,9270,Scone,Afternoon,Weekend,2017,02
19615,9270,Bread,Afternoon,Weekend,2017,02
19616,9271,Cake,Afternoon,Weekend,2017,02
19617,9271,Bread,Afternoon,Weekend,2017,02
19618,9271,Sandwich,Afternoon,Weekend,2017,02
19619,9271,Sandwich,Afternoon,Weekend,2017,02
19620,9272,Sandwich,Afternoon,Weekend,2017,02
19621,9272,Coffee,Afternoon,Weekend,2017,02
19622,9273,Coffee,Afternoon,Weekend,2017,02
19623,9273,Coffee,Afternoon,Weekend,2017,02
19624,9273,Cake,Afternoon,Weekend,2017,02
19625,9274,Coffee,Afternoon,Weekend,2017,02
19626,9274,Juice,Afternoon,Weekend,2017,02
19627,9274,Spanish Brunch,Afternoon,Weekend,2017,02
19628,9277,Coffee,Afternoon,Weekend,2017,02
19629,9277,Coffee,Afternoon,Weekend,2017,02
19630,9277,Coffee,Afternoon,Weekend,2017,02
19631,9277,Cake,Afternoon,Weekend,2017,02
19632,9277,Sandwich,Afternoon,Weekend,2017,02
19633,9278,Cookies,Afternoon,Weekend,2017,02
19634,9279,Cake,Afternoon,Weekend,2017,02
19635,9279,Tea,Afternoon,Weekend,2017,02
19636,9280,Cake,Afternoon,Weekend,2017,02
19637,9280,Cookies,Afternoon,Weekend,2017,02
19638,9280,Bread,Afternoon,Weekend,2017,02
19639,9280,Juice,Afternoon,Weekend,2017,02
19640,9281,Farm House,Morning,Weekday,2017,03
19641,9282,Coffee,Morning,Weekday,2017,03
19642,9283,Coffee,Morning,Weekday,2017,03
19643,9283,Bread,Morning,Weekday,2017,03
19644,9284,Coffee,Morning,Weekday,2017,03
19645,9285,Tea,Morning,Weekday,2017,03
19646,9286,Coffee,Morning,Weekday,2017,03
19647,9286,Coffee,Morning,Weekday,2017,03
19648,9287,Coffee,Morning,Weekday,2017,03
19649,9287,Coffee,Morning,Weekday,2017,03
19650,9287,Pastry,Morning,Weekday,2017,03
19651,9287,Sandwich,Morning,Weekday,2017,03
19652,9288,Bread,Morning,Weekday,2017,03
19653,9288,Scone,Morning,Weekday,2017,03
19654,9289,Coffee,Morning,Weekday,2017,03
19655,9289,Coffee,Morning,Weekday,2017,03
19656,9289,Toast,Morning,Weekday,2017,03
19657,9289,Granola,Morning,Weekday,2017,03
19658,9290,Coffee,Morning,Weekday,2017,03
19659,9290,Coffee,Morning,Weekday,2017,03
19660,9290,Pastry,Morning,Weekday,2017,03
19661,9290,Cake,Morning,Weekday,2017,03
19662,9291,Tea,Morning,Weekday,2017,03
19663,9292,Farm House,Morning,Weekday,2017,03
19664,9293,Coffee,Morning,Weekday,2017,03
19665,9294,Coffee,Morning,Weekday,2017,03
19666,9294,Pastry,Morning,Weekday,2017,03
19667,9295,Coffee,Morning,Weekday,2017,03
19668,9295,Truffles,Morning,Weekday,2017,03
19669,9295,Pastry,Morning,Weekday,2017,03
19670,9295,Bread,Morning,Weekday,2017,03
19671,9296,Bread,Morning,Weekday,2017,03
19672,9297,Coffee,Morning,Weekday,2017,03
19673,9297,Coffee,Morning,Weekday,2017,03
19674,9297,Coffee granules ,Morning,Weekday,2017,03
19675,9298,The Nomad,Morning,Weekday,2017,03
19676,9299,Bread,Afternoon,Weekday,2017,03
19677,9300,Bread,Afternoon,Weekday,2017,03
19678,9300,Cookies,Afternoon,Weekday,2017,03
19679,9301,Bread,Afternoon,Weekday,2017,03
19680,9302,Truffles,Afternoon,Weekday,2017,03
19681,9303,Coffee,Afternoon,Weekday,2017,03
19682,9303,Sandwich,Afternoon,Weekday,2017,03
19683,9303,Cake,Afternoon,Weekday,2017,03
19684,9304,Coffee,Afternoon,Weekday,2017,03
19685,9304,Toast,Afternoon,Weekday,2017,03
19686,9305,Tea,Afternoon,Weekday,2017,03
19687,9305,Coffee,Afternoon,Weekday,2017,03
19688,9305,Toast,Afternoon,Weekday,2017,03
19689,9305,Scandinavian,Afternoon,Weekday,2017,03
19690,9305,Farm House,Afternoon,Weekday,2017,03
19691,9306,Bread,Afternoon,Weekday,2017,03
19692,9307,Coffee,Afternoon,Weekday,2017,03
19693,9308,Coffee,Afternoon,Weekday,2017,03
19694,9310,Scone,Afternoon,Weekday,2017,03
19695,9310,Bread,Afternoon,Weekday,2017,03
19696,9310,Spanish Brunch,Afternoon,Weekday,2017,03
19697,9311,Coffee,Afternoon,Weekday,2017,03
19698,9311,Coffee,Afternoon,Weekday,2017,03
19699,9311,Cookies,Afternoon,Weekday,2017,03
19700,9312,Mineral water,Afternoon,Weekday,2017,03
19701,9312,Truffles,Afternoon,Weekday,2017,03
19702,9312,Coke,Afternoon,Weekday,2017,03
19703,9312,Scone,Afternoon,Weekday,2017,03
19704,9313,Sandwich,Afternoon,Weekday,2017,03
19705,9313,Soup,Afternoon,Weekday,2017,03
19706,9314,Coffee,Afternoon,Weekday,2017,03
19707,9315,Coffee,Afternoon,Weekday,2017,03
19708,9315,Coffee,Afternoon,Weekday,2017,03
19709,9315,Medialuna,Afternoon,Weekday,2017,03
19710,9315,Cake,Afternoon,Weekday,2017,03
19711,9316,Tea,Afternoon,Weekday,2017,03
19712,9316,Sandwich,Afternoon,Weekday,2017,03
19713,9317,Bread,Afternoon,Weekday,2017,03
19714,9318,Coffee,Afternoon,Weekday,2017,03
19715,9318,Coffee,Afternoon,Weekday,2017,03
19716,9318,Sandwich,Afternoon,Weekday,2017,03
19717,9319,Coffee,Afternoon,Weekday,2017,03
19718,9319,Bread,Afternoon,Weekday,2017,03
19719,9319,Scone,Afternoon,Weekday,2017,03
19720,9320,Coffee,Afternoon,Weekday,2017,03
19721,9321,Coffee,Afternoon,Weekday,2017,03
19722,9321,Jammie Dodgers,Afternoon,Weekday,2017,03
19723,9321,Juice,Afternoon,Weekday,2017,03
19724,9322,Cookies,Afternoon,Weekday,2017,03
19725,9323,Soup,Afternoon,Weekday,2017,03
19726,9324,Bread,Afternoon,Weekday,2017,03
19727,9324,Sandwich,Afternoon,Weekday,2017,03
19728,9325,Tea,Afternoon,Weekday,2017,03
19729,9325,Cookies,Afternoon,Weekday,2017,03
19730,9326,Cookies,Afternoon,Weekday,2017,03
19731,9326,Cake,Afternoon,Weekday,2017,03
19732,9326,Tea,Afternoon,Weekday,2017,03
19733,9327,Tea,Afternoon,Weekday,2017,03
19734,9327,Coffee,Afternoon,Weekday,2017,03
19735,9327,Alfajores,Afternoon,Weekday,2017,03
19736,9328,Medialuna,Afternoon,Weekday,2017,03
19737,9329,Scone,Afternoon,Weekday,2017,03
19738,9329,Bread,Afternoon,Weekday,2017,03
19739,9330,Tea,Afternoon,Weekday,2017,03
19740,9330,Alfajores,Afternoon,Weekday,2017,03
19741,9330,Toast,Afternoon,Weekday,2017,03
19742,9331,Soup,Afternoon,Weekday,2017,03
19743,9331,Coffee,Afternoon,Weekday,2017,03
19744,9331,Medialuna,Afternoon,Weekday,2017,03
19745,9332,Tiffin,Afternoon,Weekday,2017,03
19746,9332,Cookies,Afternoon,Weekday,2017,03
19747,9332,Hot chocolate,Afternoon,Weekday,2017,03
19748,9333,Coffee,Afternoon,Weekday,2017,03
19749,9334,Cookies,Afternoon,Weekday,2017,03
19750,9335,Alfajores,Evening,Weekday,2017,03
19751,9336,Bread,Evening,Weekday,2017,03
19752,9337,Bread,Evening,Weekday,2017,03
19753,9338,Tea,Evening,Weekday,2017,03
19754,9338,Hot chocolate,Evening,Weekday,2017,03
19755,9338,Cake,Evening,Weekday,2017,03
19756,9338,Salad,Evening,Weekday,2017,03
19757,9338,Coffee,Evening,Weekday,2017,03
19758,9339,Coffee,Morning,Weekday,2017,04
19759,9340,Bread,Morning,Weekday,2017,04
19760,9340,Mineral water,Morning,Weekday,2017,04
19761,9341,Coffee,Morning,Weekday,2017,04
19762,9341,Cookies,Morning,Weekday,2017,04
19763,9342,Coffee,Morning,Weekday,2017,04
19764,9342,Toast,Morning,Weekday,2017,04
19765,9343,Cake,Morning,Weekday,2017,04
19766,9343,Pastry,Morning,Weekday,2017,04
19767,9344,Coffee,Morning,Weekday,2017,04
19768,9345,Coffee,Morning,Weekday,2017,04
19769,9346,Coffee,Morning,Weekday,2017,04
19770,9346,Extra Salami or Feta,Morning,Weekday,2017,04
19771,9347,Bread,Morning,Weekday,2017,04
19772,9347,Pastry,Morning,Weekday,2017,04
19773,9348,Tea,Morning,Weekday,2017,04
19774,9349,Coke,Morning,Weekday,2017,04
19775,9350,Coffee,Morning,Weekday,2017,04
19776,9351,Bread,Morning,Weekday,2017,04
19777,9352,Coffee,Morning,Weekday,2017,04
19778,9352,Coffee,Morning,Weekday,2017,04
19779,9352,Pastry,Morning,Weekday,2017,04
19780,9353,Coffee,Morning,Weekday,2017,04
19781,9354,Coffee,Morning,Weekday,2017,04
19782,9355,Coffee,Morning,Weekday,2017,04
19783,9355,Coffee,Morning,Weekday,2017,04
19784,9356,Bread,Morning,Weekday,2017,04
19785,9356,Honey,Morning,Weekday,2017,04
19786,9356,Jammie Dodgers,Morning,Weekday,2017,04
19787,9357,Bread,Morning,Weekday,2017,04
19788,9357,Coffee,Morning,Weekday,2017,04
19789,9357,Jammie Dodgers,Morning,Weekday,2017,04
19790,9358,Coffee,Morning,Weekday,2017,04
19791,9358,Bread,Morning,Weekday,2017,04
19792,9358,Bread,Morning,Weekday,2017,04
19793,9359,Pastry,Morning,Weekday,2017,04
19794,9359,Bread,Morning,Weekday,2017,04
19795,9360,Coffee,Morning,Weekday,2017,04
19796,9361,Eggs,Morning,Weekday,2017,04
19797,9362,Bread,Morning,Weekday,2017,04
19798,9362,Cake,Morning,Weekday,2017,04
19799,9363,Coffee,Morning,Weekday,2017,04
19800,9364,Bread,Morning,Weekday,2017,04
19801,9365,Juice,Afternoon,Weekday,2017,04
19802,9365,Bread,Afternoon,Weekday,2017,04
19803,9366,Coffee,Afternoon,Weekday,2017,04
19804,9367,Coffee,Afternoon,Weekday,2017,04
19805,9368,Coffee,Afternoon,Weekday,2017,04
19806,9368,Extra Salami or Feta,Afternoon,Weekday,2017,04
19807,9369,Coffee,Afternoon,Weekday,2017,04
19808,9369,Coffee,Afternoon,Weekday,2017,04
19809,9369,Coffee,Afternoon,Weekday,2017,04
19810,9369,Bread,Afternoon,Weekday,2017,04
19811,9370,Coffee,Afternoon,Weekday,2017,04
19812,9371,Coffee,Afternoon,Weekday,2017,04
19813,9371,Juice,Afternoon,Weekday,2017,04
19814,9371,Mineral water,Afternoon,Weekday,2017,04
19815,9371,Salad,Afternoon,Weekday,2017,04
19816,9371,Sandwich,Afternoon,Weekday,2017,04
19817,9371,Drinking chocolate spoons ,Afternoon,Weekday,2017,04
19818,9372,Chicken Stew,Afternoon,Weekday,2017,04
19819,9372,Mineral water,Afternoon,Weekday,2017,04
19820,9372,Tea,Afternoon,Weekday,2017,04
19821,9373,Coffee,Afternoon,Weekday,2017,04
19822,9373,Bread,Afternoon,Weekday,2017,04
19823,9374,Coffee,Afternoon,Weekday,2017,04
19824,9374,Salad,Afternoon,Weekday,2017,04
19825,9375,Bread,Afternoon,Weekday,2017,04
19826,9376,Cookies,Afternoon,Weekday,2017,04
19827,9377,Tea,Afternoon,Weekday,2017,04
19828,9377,Soup,Afternoon,Weekday,2017,04
19829,9377,Soup,Afternoon,Weekday,2017,04
19830,9378,Coffee,Afternoon,Weekday,2017,04
19831,9378,Bread,Afternoon,Weekday,2017,04
19832,9378,Cake,Afternoon,Weekday,2017,04
19833,9378,Juice,Afternoon,Weekday,2017,04
19834,9378,Spanish Brunch,Afternoon,Weekday,2017,04
19835,9378,Salad,Afternoon,Weekday,2017,04
19836,9378,Extra Salami or Feta,Afternoon,Weekday,2017,04
19837,9379,Coffee,Afternoon,Weekday,2017,04
19838,9379,Cake,Afternoon,Weekday,2017,04
19839,9380,Coffee,Afternoon,Weekday,2017,04
19840,9380,Cake,Afternoon,Weekday,2017,04
19841,9381,Bread,Afternoon,Weekday,2017,04
19842,9381,Soup,Afternoon,Weekday,2017,04
19843,9382,Coffee,Afternoon,Weekday,2017,04
19844,9382,Bread,Afternoon,Weekday,2017,04
19845,9383,Mineral water,Afternoon,Weekday,2017,04
19846,9383,Cookies,Afternoon,Weekday,2017,04
19847,9384,Coffee,Afternoon,Weekday,2017,04
19848,9384,Tea,Afternoon,Weekday,2017,04
19849,9385,Coffee,Afternoon,Weekday,2017,04
19850,9385,Baguette,Afternoon,Weekday,2017,04
19851,9386,Coffee,Afternoon,Weekday,2017,04
19852,9386,Salad,Afternoon,Weekday,2017,04
19853,9387,Coffee,Afternoon,Weekday,2017,04
19854,9387,Bread,Afternoon,Weekday,2017,04
19855,9388,Coffee,Afternoon,Weekday,2017,04
19856,9388,Tea,Afternoon,Weekday,2017,04
19857,9389,Tea,Afternoon,Weekday,2017,04
19858,9389,Tea,Afternoon,Weekday,2017,04
19859,9389,Coffee,Afternoon,Weekday,2017,04
19860,9389,Coffee,Afternoon,Weekday,2017,04
19861,9389,Juice,Afternoon,Weekday,2017,04
19862,9389,Cake,Afternoon,Weekday,2017,04
19863,9389,Cake,Afternoon,Weekday,2017,04
19864,9390,Coffee,Afternoon,Weekday,2017,04
19865,9390,Cake,Afternoon,Weekday,2017,04
19866,9391,Cake,Afternoon,Weekday,2017,04
19867,9391,Cake,Afternoon,Weekday,2017,04
19868,9391,Coffee,Afternoon,Weekday,2017,04
19869,9391,Smoothies,Afternoon,Weekday,2017,04
19870,9391,Tea,Afternoon,Weekday,2017,04
19871,9392,Chicken Stew,Evening,Weekday,2017,04
19872,9392,Tea,Evening,Weekday,2017,04
19873,9393,Coffee,Morning,Weekday,2017,05
19874,9394,Bread,Morning,Weekday,2017,05
19875,9394,Tea,Morning,Weekday,2017,05
19876,9395,Hot chocolate,Morning,Weekday,2017,05
19877,9395,Bread,Morning,Weekday,2017,05
19878,9395,Bread,Morning,Weekday,2017,05
19879,9395,Jam,Morning,Weekday,2017,05
19880,9395,Christmas common,Morning,Weekday,2017,05
19881,9396,Coffee,Morning,Weekday,2017,05
19882,9397,Coffee,Morning,Weekday,2017,05
19883,9397,Coffee,Morning,Weekday,2017,05
19884,9397,Bread,Morning,Weekday,2017,05
19885,9398,Coffee,Morning,Weekday,2017,05
19886,9398,Hot chocolate,Morning,Weekday,2017,05
19887,9398,Hot chocolate,Morning,Weekday,2017,05
19888,9398,Pastry,Morning,Weekday,2017,05
19889,9399,Tea,Morning,Weekday,2017,05
19890,9399,Coffee,Morning,Weekday,2017,05
19891,9400,Tea,Morning,Weekday,2017,05
19892,9401,Coffee,Morning,Weekday,2017,05
19893,9401,Coffee,Morning,Weekday,2017,05
19894,9401,Pastry,Morning,Weekday,2017,05
19895,9401,Toast,Morning,Weekday,2017,05
19896,9402,Bread,Morning,Weekday,2017,05
19897,9403,Tea,Morning,Weekday,2017,05
19898,9403,Truffles,Morning,Weekday,2017,05
19899,9404,Coffee,Morning,Weekday,2017,05
19900,9404,Pastry,Morning,Weekday,2017,05
19901,9405,Toast,Morning,Weekday,2017,05
19902,9405,Bread,Morning,Weekday,2017,05
19903,9405,Tea,Morning,Weekday,2017,05
19904,9405,Coffee,Morning,Weekday,2017,05
19905,9406,Toast,Morning,Weekday,2017,05
19906,9406,Coffee,Morning,Weekday,2017,05
19907,9406,Bread,Morning,Weekday,2017,05
19908,9407,Coffee,Morning,Weekday,2017,05
19909,9407,Bread,Morning,Weekday,2017,05
19910,9407,Tea,Morning,Weekday,2017,05
19911,9407,Pastry,Morning,Weekday,2017,05
19912,9407,Muffin,Morning,Weekday,2017,05
19913,9408,Pastry,Morning,Weekday,2017,05
19914,9408,Coffee,Morning,Weekday,2017,05
19915,9409,Tea,Morning,Weekday,2017,05
19916,9409,Coffee,Morning,Weekday,2017,05
19917,9409,Sandwich,Morning,Weekday,2017,05
19918,9410,Salad,Morning,Weekday,2017,05
19919,9410,Tea,Morning,Weekday,2017,05
19920,9411,Tea,Morning,Weekday,2017,05
19921,9411,Pastry,Morning,Weekday,2017,05
19922,9412,Farm House,Morning,Weekday,2017,05
19923,9413,Coffee,Afternoon,Weekday,2017,05
19924,9413,Truffles,Afternoon,Weekday,2017,05
19925,9413,Bread,Afternoon,Weekday,2017,05
19926,9414,Coffee,Afternoon,Weekday,2017,05
19927,9414,Sandwich,Afternoon,Weekday,2017,05
19928,9415,Sandwich,Afternoon,Weekday,2017,05
19929,9415,Coffee,Afternoon,Weekday,2017,05
19930,9416,Salad,Afternoon,Weekday,2017,05
19931,9417,Tea,Afternoon,Weekday,2017,05
19932,9417,Coffee,Afternoon,Weekday,2017,05
19933,9418,Coffee,Afternoon,Weekday,2017,05
19934,9418,Tiffin,Afternoon,Weekday,2017,05
19935,9418,Bread,Afternoon,Weekday,2017,05
19936,9419,Coke,Afternoon,Weekday,2017,05
19937,9419,Chicken Stew,Afternoon,Weekday,2017,05
19938,9419,Tiffin,Afternoon,Weekday,2017,05
19939,9420,Coffee,Afternoon,Weekday,2017,05
19940,9420,Muffin,Afternoon,Weekday,2017,05
19941,9420,Salad,Afternoon,Weekday,2017,05
19942,9420,Extra Salami or Feta,Afternoon,Weekday,2017,05
19943,9421,Cake,Afternoon,Weekday,2017,05
19944,9422,Bread,Afternoon,Weekday,2017,05
19945,9422,Drinking chocolate spoons ,Afternoon,Weekday,2017,05
19946,9423,Coffee,Afternoon,Weekday,2017,05
19947,9423,Salad,Afternoon,Weekday,2017,05
19948,9423,Sandwich,Afternoon,Weekday,2017,05
19949,9423,Cake,Afternoon,Weekday,2017,05
19950,9424,Cookies,Afternoon,Weekday,2017,05
19951,9424,Cake,Afternoon,Weekday,2017,05
19952,9424,Coffee,Afternoon,Weekday,2017,05
19953,9425,Juice,Afternoon,Weekday,2017,05
19954,9425,Coke,Afternoon,Weekday,2017,05
19955,9425,Sandwich,Afternoon,Weekday,2017,05
19956,9425,Sandwich,Afternoon,Weekday,2017,05
19957,9425,Cake,Afternoon,Weekday,2017,05
19958,9425,Tiffin,Afternoon,Weekday,2017,05
19959,9426,Cake,Afternoon,Weekday,2017,05
19960,9426,Coffee,Afternoon,Weekday,2017,05
19961,9426,Hot chocolate,Afternoon,Weekday,2017,05
19962,9427,Bread,Afternoon,Weekday,2017,05
19963,9427,Sandwich,Afternoon,Weekday,2017,05
19964,9428,Baguette,Afternoon,Weekday,2017,05
19965,9428,Hot chocolate,Afternoon,Weekday,2017,05
19966,9429,Bread,Afternoon,Weekday,2017,05
19967,9429,Jammie Dodgers,Afternoon,Weekday,2017,05
19968,9430,Farm House,Afternoon,Weekday,2017,05
19969,9430,Baguette,Afternoon,Weekday,2017,05
19970,9431,Pastry,Afternoon,Weekday,2017,05
19971,9432,Coke,Afternoon,Weekday,2017,05
19972,9433,Bread,Afternoon,Weekday,2017,05
19973,9433,Coffee,Afternoon,Weekday,2017,05
19974,9434,Scandinavian,Afternoon,Weekday,2017,05
19975,9435,Cookies,Afternoon,Weekday,2017,05
19976,9436,Coffee,Afternoon,Weekday,2017,05
19977,9436,Cake,Afternoon,Weekday,2017,05
19978,9437,Cookies,Afternoon,Weekday,2017,05
19979,9437,Muffin,Afternoon,Weekday,2017,05
19980,9437,Tea,Afternoon,Weekday,2017,05
19981,9437,Spanish Brunch,Afternoon,Weekday,2017,05
19982,9437,Soup,Afternoon,Weekday,2017,05
19983,9438,Bread,Afternoon,Weekday,2017,05
19984,9438,Truffles,Afternoon,Weekday,2017,05
19985,9438,Cake,Afternoon,Weekday,2017,05
19986,9438,Bread,Afternoon,Weekday,2017,05
19987,9439,Bread,Afternoon,Weekday,2017,05
19988,9439,Coffee,Afternoon,Weekday,2017,05
19989,9440,Coffee,Afternoon,Weekday,2017,05
19990,9440,Coffee,Afternoon,Weekday,2017,05
19991,9440,Cake,Afternoon,Weekday,2017,05
19992,9440,Cookies,Afternoon,Weekday,2017,05
19993,9440,Bread,Afternoon,Weekday,2017,05
19994,9441,Tea,Afternoon,Weekday,2017,05
19995,9441,Cake,Afternoon,Weekday,2017,05
19996,9442,Bread,Afternoon,Weekday,2017,05
19997,9443,Tiffin,Afternoon,Weekday,2017,05
19998,9443,Bread,Afternoon,Weekday,2017,05
19999,9444,Pastry,Afternoon,Weekday,2017,05
20000,9445,Cake,Afternoon,Weekday,2017,05
20001,9446,Pastry,Evening,Weekday,2017,05
20002,9446,Tea,Evening,Weekday,2017,05
20003,9446,Coffee,Evening,Weekday,2017,05
20004,9447,Chocolates,Evening,Weekday,2017,05
20005,9447,Tea,Evening,Weekday,2017,05
20006,9447,Coke,Evening,Weekday,2017,05
20007,9447,Juice,Evening,Weekday,2017,05
20008,9447,Coffee,Evening,Weekday,2017,05
20009,9447,Tiffin,Evening,Weekday,2017,05
20010,9447,Alfajores,Evening,Weekday,2017,05
20011,9447,Cookies,Evening,Weekday,2017,05
20012,9447,Pastry,Evening,Weekday,2017,05
20013,9447,Mineral water,Evening,Weekday,2017,05
20014,9448,Juice,Night,Weekday,2017,05
20015,9448,Mineral water,Night,Weekday,2017,05
20016,9452,Coffee,Morning,Weekday,2017,06
20017,9453,Bread,Morning,Weekday,2017,06
20018,9454,Toast,Morning,Weekday,2017,06
20019,9455,Coffee,Morning,Weekday,2017,06
20020,9456,Coffee,Morning,Weekday,2017,06
20021,9456,Tiffin,Morning,Weekday,2017,06
20022,9456,Bread,Morning,Weekday,2017,06
20023,9457,Alfajores,Morning,Weekday,2017,06
20024,9457,Tea,Morning,Weekday,2017,06
20025,9458,Farm House,Morning,Weekday,2017,06
20026,9459,Toast,Morning,Weekday,2017,06
20027,9459,Coffee,Morning,Weekday,2017,06
20028,9460,Bread,Morning,Weekday,2017,06
20029,9460,Juice,Morning,Weekday,2017,06
20030,9461,Coffee,Morning,Weekday,2017,06
20031,9462,Coffee,Morning,Weekday,2017,06
20032,9462,Juice,Morning,Weekday,2017,06
20033,9463,Jammie Dodgers,Morning,Weekday,2017,06
20034,9463,Coffee,Morning,Weekday,2017,06
20035,9464,Bread,Morning,Weekday,2017,06
20036,9464,Juice,Morning,Weekday,2017,06
20037,9464,Coffee,Morning,Weekday,2017,06
20038,9464,Coffee,Morning,Weekday,2017,06
20039,9464,Cookies,Morning,Weekday,2017,06
20040,9464,Bread,Morning,Weekday,2017,06
20041,9465,Tiffin,Morning,Weekday,2017,06
20042,9465,Juice,Morning,Weekday,2017,06
20043,9465,Tea,Morning,Weekday,2017,06
20044,9466,Coffee,Morning,Weekday,2017,06
20045,9466,Toast,Morning,Weekday,2017,06
20046,9466,Coffee,Morning,Weekday,2017,06
20047,9467,Bread,Morning,Weekday,2017,06
20048,9468,Tea,Morning,Weekday,2017,06
20049,9469,Bread,Morning,Weekday,2017,06
20050,9469,Alfajores,Morning,Weekday,2017,06
20051,9469,Brioche and salami,Morning,Weekday,2017,06
20052,9470,Cake,Morning,Weekday,2017,06
20053,9470,Tea,Morning,Weekday,2017,06
20054,9471,Christmas common,Morning,Weekday,2017,06
20055,9472,Farm House,Morning,Weekday,2017,06
20056,9472,Scandinavian,Morning,Weekday,2017,06
20057,9473,Alfajores,Morning,Weekday,2017,06
20058,9473,Coffee,Morning,Weekday,2017,06
20059,9474,Juice,Afternoon,Weekday,2017,06
20060,9474,Cookies,Afternoon,Weekday,2017,06
20061,9474,Art Tray,Afternoon,Weekday,2017,06
20062,9474,Salad,Afternoon,Weekday,2017,06
20063,9475,Sandwich,Afternoon,Weekday,2017,06
20064,9476,Tea,Afternoon,Weekday,2017,06
20065,9476,Tea,Afternoon,Weekday,2017,06
20066,9476,Sandwich,Afternoon,Weekday,2017,06
20067,9477,Soup,Afternoon,Weekday,2017,06
20068,9477,Coffee,Afternoon,Weekday,2017,06
20069,9478,Coffee,Afternoon,Weekday,2017,06
20070,9478,Sandwich,Afternoon,Weekday,2017,06
20071,9479,Bread,Afternoon,Weekday,2017,06
20072,9480,Bread,Afternoon,Weekday,2017,06
20073,9481,Muffin,Afternoon,Weekday,2017,06
20074,9481,Soup,Afternoon,Weekday,2017,06
20075,9482,Sandwich,Afternoon,Weekday,2017,06
20076,9482,Coffee,Afternoon,Weekday,2017,06
20077,9483,Coffee,Afternoon,Weekday,2017,06
20078,9483,Tiffin,Afternoon,Weekday,2017,06
20079,9484,Coffee,Afternoon,Weekday,2017,06
20080,9484,Sandwich,Afternoon,Weekday,2017,06
20081,9485,Farm House,Afternoon,Weekday,2017,06
20082,9485,Coke,Afternoon,Weekday,2017,06
20083,9485,Soup,Afternoon,Weekday,2017,06
20084,9486,Coffee,Afternoon,Weekday,2017,06
20085,9486,Tiffin,Afternoon,Weekday,2017,06
20086,9487,Sandwich,Afternoon,Weekday,2017,06
20087,9488,Sandwich,Afternoon,Weekday,2017,06
20088,9488,Coffee,Afternoon,Weekday,2017,06
20089,9488,Bread,Afternoon,Weekday,2017,06
20090,9489,Tea,Afternoon,Weekday,2017,06
20091,9489,Coffee,Afternoon,Weekday,2017,06
20092,9489,Truffles,Afternoon,Weekday,2017,06
20093,9490,Coffee,Afternoon,Weekday,2017,06
20094,9491,Tea,Afternoon,Weekday,2017,06
20095,9491,Sandwich,Afternoon,Weekday,2017,06
20096,9491,Sandwich,Afternoon,Weekday,2017,06
20097,9492,Sandwich,Afternoon,Weekday,2017,06
20098,9492,Sandwich,Afternoon,Weekday,2017,06
20099,9492,Coke,Afternoon,Weekday,2017,06
20100,9492,Smoothies,Afternoon,Weekday,2017,06
20101,9492,Bread,Afternoon,Weekday,2017,06
20102,9492,Coffee,Afternoon,Weekday,2017,06
20103,9492,Alfajores,Afternoon,Weekday,2017,06
20104,9492,Crisps,Afternoon,Weekday,2017,06
20105,9493,Coffee,Afternoon,Weekday,2017,06
20106,9493,Coffee,Afternoon,Weekday,2017,06
20107,9493,Coffee,Afternoon,Weekday,2017,06
20108,9493,Toast,Afternoon,Weekday,2017,06
20109,9493,Salad,Afternoon,Weekday,2017,06
20110,9494,Tea,Afternoon,Weekday,2017,06
20111,9494,Muffin,Afternoon,Weekday,2017,06
20112,9494,Bread,Afternoon,Weekday,2017,06
20113,9494,Soup,Afternoon,Weekday,2017,06
20114,9495,Bread,Afternoon,Weekday,2017,06
20115,9495,Tiffin,Afternoon,Weekday,2017,06
20116,9496,Toast,Afternoon,Weekday,2017,06
20117,9496,Bread,Afternoon,Weekday,2017,06
20118,9497,Coffee,Afternoon,Weekday,2017,06
20119,9497,Sandwich,Afternoon,Weekday,2017,06
20120,9498,Coke,Afternoon,Weekday,2017,06
20121,9499,Juice,Afternoon,Weekday,2017,06
20122,9499,Coffee,Afternoon,Weekday,2017,06
20123,9499,Cookies,Afternoon,Weekday,2017,06
20124,9500,Alfajores,Afternoon,Weekday,2017,06
20125,9500,Bread,Afternoon,Weekday,2017,06
20126,9501,Bread,Afternoon,Weekday,2017,06
20127,9501,Mineral water,Afternoon,Weekday,2017,06
20128,9501,Muffin,Afternoon,Weekday,2017,06
20129,9501,Cake,Afternoon,Weekday,2017,06
20130,9502,Tea,Evening,Weekday,2017,06
20131,9502,Tiffin,Evening,Weekday,2017,06
20132,9503,Tea,Evening,Weekday,2017,06
20133,9503,Cookies,Evening,Weekday,2017,06
20134,9504,Coffee,Morning,Weekday,2017,07
20135,9505,Bread,Morning,Weekday,2017,07
20136,9505,Pastry,Morning,Weekday,2017,07
20137,9506,Coffee,Morning,Weekday,2017,07
20138,9506,Coffee,Morning,Weekday,2017,07
20139,9506,Medialuna,Morning,Weekday,2017,07
20140,9506,Cookies,Morning,Weekday,2017,07
20141,9506,Tiffin,Morning,Weekday,2017,07
20142,9506,Toast,Morning,Weekday,2017,07
20143,9507,Coffee,Morning,Weekday,2017,07
20144,9507,Tea,Morning,Weekday,2017,07
20145,9508,Coffee,Morning,Weekday,2017,07
20146,9509,Coffee,Morning,Weekday,2017,07
20147,9509,Medialuna,Morning,Weekday,2017,07
20148,9510,Coffee,Morning,Weekday,2017,07
20149,9510,Bread,Morning,Weekday,2017,07
20150,9510,Cookies,Morning,Weekday,2017,07
20151,9511,Coffee,Morning,Weekday,2017,07
20152,9512,Tea,Morning,Weekday,2017,07
20153,9512,Cake,Morning,Weekday,2017,07
20154,9512,Bread,Morning,Weekday,2017,07
20155,9513,Bread,Morning,Weekday,2017,07
20156,9513,Bread,Morning,Weekday,2017,07
20157,9513,Bread,Morning,Weekday,2017,07
20158,9516,Coffee,Morning,Weekday,2017,07
20159,9516,Medialuna,Morning,Weekday,2017,07
20160,9516,Pastry,Morning,Weekday,2017,07
20161,9516,Bread,Morning,Weekday,2017,07
20162,9517,Cookies,Morning,Weekday,2017,07
20163,9517,Bread,Morning,Weekday,2017,07
20164,9517,Bread,Morning,Weekday,2017,07
20165,9518,Coffee,Morning,Weekday,2017,07
20166,9518,Cookies,Morning,Weekday,2017,07
20167,9519,Tea,Morning,Weekday,2017,07
20168,9519,Juice,Morning,Weekday,2017,07
20169,9519,Muffin,Morning,Weekday,2017,07
20170,9520,Bread,Morning,Weekday,2017,07
20171,9520,Coffee,Morning,Weekday,2017,07
20172,9521,Coffee,Morning,Weekday,2017,07
20173,9522,Coffee,Morning,Weekday,2017,07
20174,9523,Coffee,Afternoon,Weekday,2017,07
20175,9523,Toast,Afternoon,Weekday,2017,07
20176,9524,Coffee,Afternoon,Weekday,2017,07
20177,9524,Toast,Afternoon,Weekday,2017,07
20178,9525,Coffee,Afternoon,Weekday,2017,07
20179,9525,Toast,Afternoon,Weekday,2017,07
20180,9526,Bread,Afternoon,Weekday,2017,07
20181,9527,Coffee,Afternoon,Weekday,2017,07
20182,9527,Soup,Afternoon,Weekday,2017,07
20183,9528,Coffee,Afternoon,Weekday,2017,07
20184,9529,Coke,Afternoon,Weekday,2017,07
20185,9529,Soup,Afternoon,Weekday,2017,07
20186,9529,Sandwich,Afternoon,Weekday,2017,07
20187,9529,Tea,Afternoon,Weekday,2017,07
20188,9529,Mineral water,Afternoon,Weekday,2017,07
20189,9530,Soup,Afternoon,Weekday,2017,07
20190,9531,Coffee,Afternoon,Weekday,2017,07
20191,9532,Bread,Afternoon,Weekday,2017,07
20192,9533,Baguette,Afternoon,Weekday,2017,07
20193,9533,Bread,Afternoon,Weekday,2017,07
20194,9533,Coffee,Afternoon,Weekday,2017,07
20195,9533,Coffee,Afternoon,Weekday,2017,07
20196,9534,Coke,Afternoon,Weekday,2017,07
20197,9534,Juice,Afternoon,Weekday,2017,07
20198,9534,Truffles,Afternoon,Weekday,2017,07
20199,9534,Salad,Afternoon,Weekday,2017,07
20200,9534,Coffee,Afternoon,Weekday,2017,07
20201,9534,Cake,Afternoon,Weekday,2017,07
20202,9534,Sandwich,Afternoon,Weekday,2017,07
20203,9534,Chicken Stew,Afternoon,Weekday,2017,07
20204,9534,Alfajores,Afternoon,Weekday,2017,07
20205,9535,Tiffin,Afternoon,Weekday,2017,07
20206,9535,Tea,Afternoon,Weekday,2017,07
20207,9536,Truffles,Afternoon,Weekday,2017,07
20208,9536,Chicken Stew,Afternoon,Weekday,2017,07
20209,9537,Coffee,Afternoon,Weekday,2017,07
20210,9538,Coffee,Afternoon,Weekday,2017,07
20211,9539,Sandwich,Afternoon,Weekday,2017,07
20212,9539,Mineral water,Afternoon,Weekday,2017,07
20213,9540,Coffee,Afternoon,Weekday,2017,07
20214,9541,Coffee,Afternoon,Weekday,2017,07
20215,9542,Cookies,Afternoon,Weekday,2017,07
20216,9543,Bread,Afternoon,Weekday,2017,07
20217,9543,Cake,Afternoon,Weekday,2017,07
20218,9543,Tiffin,Afternoon,Weekday,2017,07
20219,9544,Cake,Afternoon,Weekday,2017,07
20220,9544,Muffin,Afternoon,Weekday,2017,07
20221,9544,Alfajores,Afternoon,Weekday,2017,07
20222,9545,Scone,Afternoon,Weekday,2017,07
20223,9545,Tea,Afternoon,Weekday,2017,07
20224,9546,Coffee,Afternoon,Weekday,2017,07
20225,9546,Scone,Afternoon,Weekday,2017,07
20226,9547,Coke,Afternoon,Weekday,2017,07
20227,9548,Coffee,Afternoon,Weekday,2017,07
20228,9548,Coffee,Afternoon,Weekday,2017,07
20229,9548,Alfajores,Afternoon,Weekday,2017,07
20230,9549,Bread,Afternoon,Weekday,2017,07
20231,9550,Chicken Stew,Evening,Weekday,2017,07
20232,9550,Sandwich,Evening,Weekday,2017,07
20233,9551,Bread,Morning,Weekend,2017,08
20234,9551,Pastry,Morning,Weekend,2017,08
20235,9552,Farm House,Morning,Weekend,2017,08
20236,9553,Bread,Morning,Weekend,2017,08
20237,9554,Bread,Morning,Weekend,2017,08
20238,9554,Coffee,Morning,Weekend,2017,08
20239,9555,Argentina Night,Morning,Weekend,2017,08
20240,9556,Argentina Night,Morning,Weekend,2017,08
20241,9557,Bread,Morning,Weekend,2017,08
20242,9558,Pastry,Morning,Weekend,2017,08
20243,9558,Alfajores,Morning,Weekend,2017,08
20244,9559,Cake,Morning,Weekend,2017,08
20245,9559,Hot chocolate,Morning,Weekend,2017,08
20246,9559,Coffee,Morning,Weekend,2017,08
20247,9560,Bread,Morning,Weekend,2017,08
20248,9561,Bread,Morning,Weekend,2017,08
20249,9561,Pastry,Morning,Weekend,2017,08
20250,9561,Honey,Morning,Weekend,2017,08
20251,9562,Salad,Morning,Weekend,2017,08
20252,9562,Extra Salami or Feta,Morning,Weekend,2017,08
20253,9562,Coffee,Morning,Weekend,2017,08
20254,9562,Bread,Morning,Weekend,2017,08
20255,9563,Coffee,Morning,Weekend,2017,08
20256,9563,Muffin,Morning,Weekend,2017,08
20257,9563,Baguette,Morning,Weekend,2017,08
20258,9564,Bread,Morning,Weekend,2017,08
20259,9565,Pastry,Morning,Weekend,2017,08
20260,9566,Farm House,Morning,Weekend,2017,08
20261,9566,Farm House,Morning,Weekend,2017,08
20262,9567,Bread,Morning,Weekend,2017,08
20263,9567,Baguette,Morning,Weekend,2017,08
20264,9567,Scandinavian,Morning,Weekend,2017,08
20265,9568,Coffee,Morning,Weekend,2017,08
20266,9568,Muffin,Morning,Weekend,2017,08
20267,9568,Bread,Morning,Weekend,2017,08
20268,9569,Bread,Morning,Weekend,2017,08
20269,9569,Bread,Morning,Weekend,2017,08
20270,9570,Cake,Morning,Weekend,2017,08
20271,9570,Alfajores,Morning,Weekend,2017,08
20272,9570,Coffee,Morning,Weekend,2017,08
20273,9571,Coffee,Morning,Weekend,2017,08
20274,9571,Muffin,Morning,Weekend,2017,08
20275,9572,Bread,Morning,Weekend,2017,08
20276,9573,Coffee,Morning,Weekend,2017,08
20277,9573,Juice,Morning,Weekend,2017,08
20278,9574,Coffee,Morning,Weekend,2017,08
20279,9574,Spanish Brunch,Morning,Weekend,2017,08
20280,9574,The Nomad,Morning,Weekend,2017,08
20281,9574,Brownie,Morning,Weekend,2017,08
20282,9574,Cookies,Morning,Weekend,2017,08
20283,9575,Pastry,Morning,Weekend,2017,08
20284,9575,Coffee,Morning,Weekend,2017,08
20285,9576,Bread,Morning,Weekend,2017,08
20286,9576,Coffee,Morning,Weekend,2017,08
20287,9576,Sandwich,Morning,Weekend,2017,08
20288,9576,Spanish Brunch,Morning,Weekend,2017,08
20289,9576,Bread,Morning,Weekend,2017,08
20290,9577,Bread,Morning,Weekend,2017,08
20291,9578,Tea,Morning,Weekend,2017,08
20292,9578,Granola,Morning,Weekend,2017,08
20293,9578,Afternoon with the baker,Morning,Weekend,2017,08
20294,9578,Argentina Night,Morning,Weekend,2017,08
20295,9579,Afternoon with the baker,Morning,Weekend,2017,08
20296,9579,Argentina Night,Morning,Weekend,2017,08
20297,9579,Tea,Morning,Weekend,2017,08
20298,9580,Truffles,Morning,Weekend,2017,08
20299,9580,Coffee,Morning,Weekend,2017,08
20300,9580,The Nomad,Morning,Weekend,2017,08
20301,9581,Baguette,Morning,Weekend,2017,08
20302,9582,Pastry,Morning,Weekend,2017,08
20303,9583,Coffee,Morning,Weekend,2017,08
20304,9584,Coffee,Morning,Weekend,2017,08
20305,9584,Scone,Morning,Weekend,2017,08
20306,9584,Alfajores,Morning,Weekend,2017,08
20307,9585,Coffee,Morning,Weekend,2017,08
20308,9585,Truffles,Morning,Weekend,2017,08
20309,9585,Pastry,Morning,Weekend,2017,08
20310,9586,Baguette,Morning,Weekend,2017,08
20311,9586,Scandinavian,Morning,Weekend,2017,08
20312,9586,Cake,Morning,Weekend,2017,08
20313,9586,Christmas common,Morning,Weekend,2017,08
20314,9587,Coffee,Morning,Weekend,2017,08
20315,9587,Tacos/Fajita,Morning,Weekend,2017,08
20316,9587,Cake,Morning,Weekend,2017,08
20317,9588,Bread,Morning,Weekend,2017,08
20318,9588,Coffee,Morning,Weekend,2017,08
20319,9588,Cookies,Morning,Weekend,2017,08
20320,9588,Scone,Morning,Weekend,2017,08
20321,9589,Coffee,Morning,Weekend,2017,08
20322,9590,Coffee,Morning,Weekend,2017,08
20323,9590,Tea,Morning,Weekend,2017,08
20324,9590,Smoothies,Morning,Weekend,2017,08
20325,9590,Spanish Brunch,Morning,Weekend,2017,08
20326,9590,The Nomad,Morning,Weekend,2017,08
20327,9591,Bread,Afternoon,Weekend,2017,08
20328,9592,Coffee,Afternoon,Weekend,2017,08
20329,9593,Brownie,Afternoon,Weekend,2017,08
20330,9593,Muffin,Afternoon,Weekend,2017,08
20331,9594,Bread,Afternoon,Weekend,2017,08
20332,9595,Sandwich,Afternoon,Weekend,2017,08
20333,9596,Coffee,Afternoon,Weekend,2017,08
20334,9597,Bread,Afternoon,Weekend,2017,08
20335,9598,Coffee,Afternoon,Weekend,2017,08
20336,9598,Coke,Afternoon,Weekend,2017,08
20337,9598,Tacos/Fajita,Afternoon,Weekend,2017,08
20338,9599,Sandwich,Afternoon,Weekend,2017,08
20339,9599,Spanish Brunch,Afternoon,Weekend,2017,08
20340,9599,Tea,Afternoon,Weekend,2017,08
20341,9599,Juice,Afternoon,Weekend,2017,08
20342,9600,Coffee,Afternoon,Weekend,2017,08
20343,9601,Bread,Afternoon,Weekend,2017,08
20344,9601,Coffee,Afternoon,Weekend,2017,08
20345,9601,Tea,Afternoon,Weekend,2017,08
20346,9601,Cake,Afternoon,Weekend,2017,08
20347,9602,Truffles,Afternoon,Weekend,2017,08
20348,9602,Tacos/Fajita,Afternoon,Weekend,2017,08
20349,9602,Bread,Afternoon,Weekend,2017,08
20350,9602,Cake,Afternoon,Weekend,2017,08
20351,9603,Cake,Afternoon,Weekend,2017,08
20352,9604,Sandwich,Afternoon,Weekend,2017,08
20353,9604,Juice,Afternoon,Weekend,2017,08
20354,9604,Coffee,Afternoon,Weekend,2017,08
20355,9605,Juice,Afternoon,Weekend,2017,08
20356,9605,Truffles,Afternoon,Weekend,2017,08
20357,9605,Bread,Afternoon,Weekend,2017,08
20358,9605,Alfajores,Afternoon,Weekend,2017,08
20359,9605,Tacos/Fajita,Afternoon,Weekend,2017,08
20360,9606,Bread,Afternoon,Weekend,2017,08
20361,9607,Bread,Afternoon,Weekend,2017,08
20362,9607,Jam,Afternoon,Weekend,2017,08
20363,9608,Coffee,Afternoon,Weekend,2017,08
20364,9609,Coffee,Afternoon,Weekend,2017,08
20365,9609,Coffee,Afternoon,Weekend,2017,08
20366,9609,Brownie,Afternoon,Weekend,2017,08
20367,9610,The Nomad,Afternoon,Weekend,2017,08
20368,9611,Coffee,Afternoon,Weekend,2017,08
20369,9611,Scone,Afternoon,Weekend,2017,08
20370,9612,Tea,Afternoon,Weekend,2017,08
20371,9612,Juice,Afternoon,Weekend,2017,08
20372,9612,Tacos/Fajita,Afternoon,Weekend,2017,08
20373,9613,Tacos/Fajita,Afternoon,Weekend,2017,08
20374,9613,Juice,Afternoon,Weekend,2017,08
20375,9614,Bread,Afternoon,Weekend,2017,08
20376,9614,Tacos/Fajita,Afternoon,Weekend,2017,08
20377,9615,Scandinavian,Afternoon,Weekend,2017,08
20378,9616,Tacos/Fajita,Afternoon,Weekend,2017,08
20379,9616,Tea,Afternoon,Weekend,2017,08
20380,9616,Coffee,Afternoon,Weekend,2017,08
20381,9616,Cake,Afternoon,Weekend,2017,08
20382,9616,Honey,Afternoon,Weekend,2017,08
20383,9617,Bread,Afternoon,Weekend,2017,08
20384,9617,Coffee,Afternoon,Weekend,2017,08
20385,9617,Sandwich,Afternoon,Weekend,2017,08
20386,9617,Sandwich,Afternoon,Weekend,2017,08
20387,9618,Coffee,Afternoon,Weekend,2017,08
20388,9618,Juice,Afternoon,Weekend,2017,08
20389,9618,Cake,Afternoon,Weekend,2017,08
20390,9618,Cake,Afternoon,Weekend,2017,08
20391,9619,Bread,Afternoon,Weekend,2017,08
20392,9619,Scandinavian,Afternoon,Weekend,2017,08
20393,9621,Scandinavian,Afternoon,Weekend,2017,08
20394,9622,Coke,Afternoon,Weekend,2017,08
20395,9622,Truffles,Afternoon,Weekend,2017,08
20396,9622,Brownie,Afternoon,Weekend,2017,08
20397,9623,Coffee,Afternoon,Weekend,2017,08
20398,9624,Eggs,Afternoon,Weekend,2017,08
20399,9624,Cherry me Dried fruit,Afternoon,Weekend,2017,08
20400,9625,Honey,Afternoon,Weekend,2017,08
20401,9626,Scandinavian,Afternoon,Weekend,2017,08
20402,9627,Hot chocolate,Afternoon,Weekend,2017,08
20403,9627,Coffee,Afternoon,Weekend,2017,08
20404,9627,Coffee,Afternoon,Weekend,2017,08
20405,9627,Cake,Afternoon,Weekend,2017,08
20406,9627,Toast,Afternoon,Weekend,2017,08
20407,9628,Alfajores,Afternoon,Weekend,2017,08
20408,9628,Coffee,Afternoon,Weekend,2017,08
20409,9628,Tea,Afternoon,Weekend,2017,08
20410,9629,Juice,Afternoon,Weekend,2017,08
20411,9629,Brownie,Afternoon,Weekend,2017,08
20412,9630,Cake,Afternoon,Weekend,2017,08
20413,9630,Coffee,Afternoon,Weekend,2017,08
20414,9630,Soup,Afternoon,Weekend,2017,08
20415,9631,Cake,Afternoon,Weekend,2017,08
20416,9632,Coffee,Afternoon,Weekend,2017,08
20417,9632,Sandwich,Afternoon,Weekend,2017,08
20418,9633,Bread,Afternoon,Weekend,2017,08
20419,9633,Muffin,Afternoon,Weekend,2017,08
20420,9634,Coffee,Afternoon,Weekend,2017,08
20421,9634,Muffin,Afternoon,Weekend,2017,08
20422,9634,Alfajores,Afternoon,Weekend,2017,08
20423,9634,Coffee,Afternoon,Weekend,2017,08
20424,9635,Coffee,Afternoon,Weekend,2017,08
20425,9635,Salad,Afternoon,Weekend,2017,08
20426,9635,Scandinavian,Afternoon,Weekend,2017,08
20427,9636,Tea,Afternoon,Weekend,2017,08
20428,9636,Juice,Afternoon,Weekend,2017,08
20429,9636,Cake,Afternoon,Weekend,2017,08
20430,9637,Vegan Feast,Night,Weekend,2017,08
20431,9638,Vegan Feast,Night,Weekend,2017,08
20432,9640,Vegan Feast,Night,Weekend,2017,08
20433,9641,Vegan Feast,Night,Weekend,2017,08
20434,9642,Scandinavian,Night,Weekend,2017,08
20435,9643,Vegan Feast,Night,Weekend,2017,08
20436,9646,Vegan Feast,Night,Weekend,2017,08
20437,9648,Vegan Feast,Night,Weekend,2017,08
20438,9649,Hot chocolate,Morning,Weekend,2017,09
20439,9649,Coffee,Morning,Weekend,2017,09
20440,9649,Cake,Morning,Weekend,2017,09
20441,9649,Medialuna,Morning,Weekend,2017,09
20442,9650,Coffee,Morning,Weekend,2017,09
20443,9650,Pastry,Morning,Weekend,2017,09
20444,9650,Bread,Morning,Weekend,2017,09
20445,9651,Pastry,Morning,Weekend,2017,09
20446,9651,Coffee,Morning,Weekend,2017,09
20447,9652,Baguette,Morning,Weekend,2017,09
20448,9653,Coffee,Morning,Weekend,2017,09
20449,9653,Cake,Morning,Weekend,2017,09
20450,9654,Hot chocolate,Morning,Weekend,2017,09
20451,9654,Half slice Monster ,Morning,Weekend,2017,09
20452,9654,My-5 Fruit Shoot,Morning,Weekend,2017,09
20453,9655,Tea,Morning,Weekend,2017,09
20454,9656,Coffee,Morning,Weekend,2017,09
20455,9656,Toast,Morning,Weekend,2017,09
20456,9657,Coffee,Morning,Weekend,2017,09
20457,9658,Coffee,Morning,Weekend,2017,09
20458,9658,Spanish Brunch,Morning,Weekend,2017,09
20459,9658,Extra Salami or Feta,Morning,Weekend,2017,09
20460,9659,Tea,Morning,Weekend,2017,09
20461,9659,Juice,Morning,Weekend,2017,09
20462,9659,Cake,Morning,Weekend,2017,09
20463,9660,Bread,Morning,Weekend,2017,09
20464,9664,Coffee,Morning,Weekend,2017,09
20465,9664,Coffee,Morning,Weekend,2017,09
20466,9664,Bread,Morning,Weekend,2017,09
20467,9665,Coffee,Morning,Weekend,2017,09
20468,9665,Juice,Morning,Weekend,2017,09
20469,9665,Spanish Brunch,Morning,Weekend,2017,09
20470,9666,Coffee,Afternoon,Weekend,2017,09
20471,9667,Bread,Afternoon,Weekend,2017,09
20472,9667,Sandwich,Afternoon,Weekend,2017,09
20473,9667,Sandwich,Afternoon,Weekend,2017,09
20474,9668,Tea,Afternoon,Weekend,2017,09
20475,9668,Bread,Afternoon,Weekend,2017,09
20476,9669,Farm House,Afternoon,Weekend,2017,09
20477,9670,Farm House,Afternoon,Weekend,2017,09
20478,9671,Bread,Afternoon,Weekend,2017,09
20479,9672,Coffee,Afternoon,Weekend,2017,09
20480,9672,Cookies,Afternoon,Weekend,2017,09
20481,9672,Extra Salami or Feta,Afternoon,Weekend,2017,09
20482,9673,Spanish Brunch,Afternoon,Weekend,2017,09
20483,9673,Coffee,Afternoon,Weekend,2017,09
20484,9673,Bread,Afternoon,Weekend,2017,09
20485,9674,Coffee,Afternoon,Weekend,2017,09
20486,9676,Smoothies,Afternoon,Weekend,2017,09
20487,9676,Sandwich,Afternoon,Weekend,2017,09
20488,9677,Tacos/Fajita,Afternoon,Weekend,2017,09
20489,9677,Coke,Afternoon,Weekend,2017,09
20490,9678,Coffee,Afternoon,Weekend,2017,09
20491,9678,Tacos/Fajita,Afternoon,Weekend,2017,09
20492,9678,Toast,Afternoon,Weekend,2017,09
20493,9679,Bread,Afternoon,Weekend,2017,09
20494,9679,Spanish Brunch,Afternoon,Weekend,2017,09
20495,9680,Bread,Afternoon,Weekend,2017,09
20496,9681,Truffles,Afternoon,Weekend,2017,09
20497,9681,Tea,Afternoon,Weekend,2017,09
20498,9681,Spanish Brunch,Afternoon,Weekend,2017,09
20499,9681,Christmas common,Afternoon,Weekend,2017,09
20500,9682,Muffin,Afternoon,Weekend,2017,09
20501,9682,Tacos/Fajita,Afternoon,Weekend,2017,09
20502,9682,Coffee,Afternoon,Weekend,2017,09
20503,9682,Tea,Afternoon,Weekend,2017,09
20504,9683,Coffee,Afternoon,Weekend,2017,09
20505,9683,Pastry,Afternoon,Weekend,2017,09
20506,9684,Smoothies,Afternoon,Weekend,2017,09
